rsn,address,ward,year_built,units,year_evaluated,evaluated_on,score,door_sign,operator_id,operator_name
4152554,2422 QUEEN ST E,20,1950,24,2024,2024-06-19,84.0,yellow,OP0129,TRAVI INC.
4152555,2412 QUEEN ST E,20,1957,17,2025,2025-11-14,77.0,yellow,unattributed,
4152556,2406 QUEEN ST E,20,1937,13,2025,2025-07-10,95.0,green,OP0037,COGIR REAL ESTATE
4152557,2402 QUEEN ST E,20,1932,21,2025,2025-07-10,97.0,green,OP0037,COGIR REAL ESTATE
4152558,2400 QUEEN ST E,20,1920,32,2025,2025-10-22,91.0,green,OP0001,TRIVEST DEVELOPMENTS CORPORATION
4152559,3000 QUEEN ST E,20,1954,30,2025,2025-07-29,94.0,green,unattributed,
4152560,2440 QUEEN ST E,20,1970,24,2025,2025-10-22,98.0,green,OP0074,IMPERRA GENERAL MANAGMENT
4152561,1165 KINGSTON RD,20,1920,21,2024,2024-07-25,91.0,green,OP0331,ALTIMA PROPERTIES
4152562,3010 QUEEN ST E,20,1932,16,2024,2024-08-15,93.0,green,OP0028,AKELIUS CANADA LTD
4152563,3008 QUEEN ST E,20,1932,16,2025,2025-09-05,95.0,green,OP0028,AKELIUS CANADA LTD
4152564,36 WOOD GLEN RD,20,1949,15,2025,2025-10-07,95.0,green,OP0166,LANDLORD PROPERTY & RENTAL MGMNT IC
4152569,1711 KINGSTON RD,20,1960,18,2025,2025-08-12,88.0,green,OP0037,COGIR REAL ESTATE
4152570,1080 KINGSTON RD,20,1970,202,2026,2026-09-28,99.0,green,unattributed,
4152571,1200 KINGSTON RD,20,1956,61,2026,2026-09-30,100.0,green,unattributed,
4152572,1150 KINGSTON RD,20,1956,51,2026,2026-10-02,99.0,green,OP0022,GREENWIN CORP.
4152573,1140 KINGSTON RD,20,1971,34,2025,2025-07-22,93.0,green,OP0332,MERKUR PROPERTIES C/O GREENWIN CORP.
4152574,1336 KINGSTON RD,20,1959,37,2025,2025-08-12,88.0,green,OP0037,COGIR REAL ESTATE
4152575,1420 KINGSTON RD,20,1955,36,2026,2026-08-19,94.0,green,OP0028,AKELIUS CANADA LTD
4152576,10 GLEN EVEREST RD,20,1970,350,2026,2026-07-22,91.0,green,OP0021,TORONTO COMMUNITY HOUSING CORPORATION
4152577,25 PARKETTE PL,20,1959,61,2025,2025-10-06,93.0,green,OP0333,PARKETTE PLACE APTS INC.
4152578,2 NORTH DR,20,1964,65,2025,2025-08-25,97.0,green,OP0220,POTOMAC CONSTRUCTION LIMITED
4152579,23 GLEN EVEREST RD,20,1971,11,2025,2025-08-14,79.0,yellow,OP0075,MINT ASSET MANAGEMENT LTD
4152580,27 GLEN EVEREST RD,20,1971,11,2026,2026-08-20,82.0,yellow,OP0075,MINT ASSET MANAGEMENT LTD
4152581,31-33 GLEN EVEREST RD,20,1971,22,2026,2026-08-19,85.0,green,OP0075,MINT ASSET MANAGEMENT LTD
4152582,4 FOLCROFT AVE,20,1960,13,2025,2025-08-18,90.0,green,OP0057,NORTH 44 PROPERTY MANAGEMENT INC
4152583,62 GLEN EVEREST RD,20,1954,48,2024,2024-08-13,85.0,green,OP0075,MINT ASSET MANAGEMENT LTD
4152585,20 PELL ST,20,1960,11,2026,2026-09-02,82.0,yellow,OP0221,PELL HOMES REAL ESTATE INC
4152586,2570 KINGSTON RD,20,1968,118,2025,2025-07-31,96.0,green,OP0027,SIGNET GROUP INC.
4152587,2560 KINGSTON RD,20,1967,201,2025,2025-07-30,91.0,green,OP0058,WJ PROPERTIES
4152588,2550 KINGSTON RD,20,1967,201,2026,2026-09-30,97.0,green,OP0058,WJ PROPERTIES
4152589,10 MACEY AVE,20,1969,255,2026,2026-08-18,84.0,yellow,OP0024,METCAP LIVING MANAGEMENT INC.
4152590,3330 DANFORTH AVE,20,1978,194,2024,2024-08-21,90.0,green,OP0021,TORONTO COMMUNITY HOUSING CORPORATION
4152591,30 DENTON AVE,20,1976,575,2024,2024-08-08,92.0,green,OP0033,REALSTAR
4152592,186 DANFORTH RD,20,1962,15,2026,2026-09-14,90.0,green,unattributed,
4152593,30 BURN HILL RD,20,1982,238,2025,2025-07-14,93.0,green,OP0334,HILLBURN APARTMENTS
4152594,50 BURN HILL RD,20,1974,163,2025,2025-07-14,96.0,green,OP0022,GREENWIN CORP.
4152595,40 FIRVALLEY CRT,20,1964,168,2025,2025-06-20,94.0,green,unattributed,
4152596,682 WARDEN AVE,20,1964,223,2025,2025-06-25,89.0,green,OP0023,TCH
4152597,20 TEESDALE PL,20,1970,284,2025,2025-10-21,93.0,green,OP0060,PRINCESS MANAGEMENT
4152598,10 TEESDALE PL,20,1968,285,2025,2025-10-21,91.0,green,OP0060,PRINCESS MANAGEMENT
4152599,263 PHARMACY AVE,20,1972,329,2025,2025-08-11,97.0,green,OP0034,HOMESTEAD LAND HOLDINGS LIMITED
4152600,273 PHARMACY AVE,20,1972,280,2024,2024-09-06,91.0,green,OP0034,HOMESTEAD LAND HOLDINGS LIMITED
4152601,283 PHARMACY AVE,20,1972,267,2025,2025-08-11,97.0,green,OP0034,HOMESTEAD LAND HOLDINGS LIMITED
4152602,1043 VICTORIA PARK AVE,20,1960,11,2026,2026-07-30,81.0,yellow,unattributed,
4152603,1047 VICTORIA PARK AVE,20,1962,11,2026,2026-08-11,85.0,green,OP0335,BIANCA PROPERTIES INC.
4152604,1051 VICTORIA PARK AVE,20,1954,12,2026,2026-08-06,78.0,yellow,unattributed,
4152605,1055 VICTORIA PARK AVE,20,1962,52,2025,2025-09-08,98.0,green,OP0167,KINGS COLLEGE MANAGEMENT LIMITED
4152606,1065 VICTORIA PARK AVE,20,1964,37,2025,2025-09-08,91.0,green,OP0336,"MENICUCCI, MARIO; MENICUCCI, IVA; MENICUCCI, POMPILIO; MENICUCCI, FRANCES"
4152607,1075 VICTORIA PARK AVE,20,1955,18,2026,2026-07-29,87.0,green,OP0168,SIGMA CANADA INC.
4152608,650 DAWES RD,20,1950,17,2024,2024-09-09,83.0,yellow,unattributed,
4152609,3423 ST CLAIR AVE E,20,1968,30,2025,2025-10-08,93.0,green,OP0337,PARKVIEW PROPERTIES INC
4152610,570 BIRCHMOUNT RD,20,1969,112,2026,2026-09-05,82.0,yellow,OP0027,SIGNET GROUP INC.
4152611,560 BIRCHMOUNT RD,20,1972,103,2026,2026-08-17,77.0,yellow,OP0035,MEDALLION CORPORATION
4152612,552 BIRCHMOUNT RD,20,1974,61,2025,2025-09-11,87.0,green,OP0035,MEDALLION CORPORATION
4152613,540 BIRCHMOUNT RD,20,1960,27,2025,2025-09-11,91.0,green,OP0001,TRIVEST DEVELOPMENTS CORPORATION
4152614,536 BIRCHMOUNT RD,20,1960,28,2025,2025-09-17,91.0,green,OP0112,PERFORMANCE PROPERTY MANAGEMENT INC.
4152615,534 BIRCHMOUNT RD,20,1962,34,2026,2026-09-05,86.0,green,OP0338,AVENUE PLACE LTD.
4152617,506 DANFORTH RD,20,1965,22,2024,2024-07-17,87.0,green,OP0057,NORTH 44 PROPERTY MANAGEMENT INC
4152618,19 ENGELHART CRES,20,1956,11,2026,2026-09-03,85.0,green,OP0024,METCAP LIVING MANAGEMENT INC.
4152619,23 ENGELHART CRES,20,1956,11,2026,2026-09-14,93.0,green,OP0024,METCAP LIVING MANAGEMENT INC.
4152620,68 HARRIS PARK DR,20,1956,11,2025,2025-10-06,91.0,green,OP0024,METCAP LIVING MANAGEMENT INC.
4152621,64 HARRIS PARK DR,20,1956,11,2026,2026-07-16,88.0,green,OP0024,METCAP LIVING MANAGEMENT INC.
4152622,9 CRAIGTON DR,21,1956,30,2025,2025-09-25,93.0,green,OP0024,METCAP LIVING MANAGEMENT INC.
4152623,15 CRAIGTON DR,21,1958,27,2024,2024-06-21,88.0,green,OP0024,METCAP LIVING MANAGEMENT INC.
4152624,19 CRAIGTON DR,21,1956,38,2025,2025-09-25,91.0,green,OP0024,METCAP LIVING MANAGEMENT INC.
4152625,23 CRAIGTON DR,21,1955,36,2026,2026-08-28,90.0,green,OP0024,METCAP LIVING MANAGEMENT INC.
4152626,10 CRAIGTON DR,21,1955,36,2025,2025-10-03,95.0,green,OP0339,JOCHIN INVESTMENTS
4152627,12 CRAIGTON DR,21,1960,32,2026,2026-09-04,87.0,green,OP0038,HANNAH PROPERTY MANAGEMENT LTD.
4152628,4 RANNOCK ST,21,1955,26,2025,2025-09-24,95.0,green,OP0048,CENTURION PROPERTY ASSOCIATES INC.
4152629,8 RANNOCK ST,21,1955,33,2026,2026-09-16,97.0,green,OP0048,CENTURION PROPERTY ASSOCIATES INC.
4152630,880 PHARMACY AVE,21,1955,26,2026,2026-09-16,97.0,green,OP0048,CENTURION PROPERTY ASSOCIATES INC.
4152631,40 CRAIGTON DR,21,1955,30,2025,2025-09-25,94.0,green,OP0024,METCAP LIVING MANAGEMENT INC.
4152632,32 CRAIGTON DR,21,1955,30,2026,2026-08-28,89.0,green,OP0024,METCAP LIVING MANAGEMENT INC.
4152633,1 RANNOCK ST,21,1955,30,2026,2026-08-12,83.0,yellow,OP0024,METCAP LIVING MANAGEMENT INC.
4152634,5 RANNOCK ST,21,1959,28,2025,2025-09-24,86.0,green,OP0169,NA
4152635,860 PHARMACY AVE,21,1955,30,2025,2025-09-24,92.0,green,OP0024,METCAP LIVING MANAGEMENT INC.
4152636,1589 VICTORIA PARK AVE,21,1954,34,2026,2026-09-30,83.0,yellow,OP0027,SIGNET GROUP INC.
4152637,1601 VICTORIA PARK AVE,21,1954,54,2025,2025-09-26,94.0,green,OP0027,SIGNET GROUP INC.
4152638,1607 VICTORIA PARK AVE,21,1954,54,2025,2025-09-26,91.0,green,OP0027,SIGNET GROUP INC.
4152639,1617 VICTORIA PARK AVE,21,1960,59,2025,2025-09-26,95.0,green,OP0170,PARKWOODS MANAGEMENT
4152640,1631 VICTORIA PARK AVE,21,1958,35,2026,2026-08-28,85.0,green,OP0048,CENTURION PROPERTY ASSOCIATES INC.
4152641,1637 VICTORIA PARK AVE,21,1954,26,2025,2025-09-29,89.0,green,OP0027,SIGNET GROUP INC.
4152642,1651 VICTORIA PARK AVE,21,1964,67,2025,2025-09-29,93.0,green,OP0340,DANAM LIMITED
4152643,1689 VICTORIA PARK AVE,21,1954,54,2025,2025-09-29,93.0,green,OP0341,FUTURE WEST
4152644,1735 VICTORIA PARK AVE,21,1958,43,2026,2026-09-04,84.0,yellow,OP0048,CENTURION PROPERTY ASSOCIATES INC.
4152645,1739 VICTORIA PARK AVE,21,1958,43,2026,2026-09-04,92.0,green,OP0048,CENTURION PROPERTY ASSOCIATES INC.
4152646,1749 VICTORIA PARK AVE,21,1962,85,2026,2026-10-01,94.0,green,OP0001,TRIVEST DEVELOPMENTS CORPORATION
4152647,1751 VICTORIA PARK AVE,21,1960,35,2026,2026-08-31,83.0,yellow,OP0342,EICHLER PROPERTIES LTD.
4152648,1757 VICTORIA PARK AVE,21,1963,100,2026,2026-08-21,95.0,green,OP0029,CAPREIT
4152649,1759 VICTORIA PARK AVE,21,1963,100,2025,2025-09-22,96.0,green,OP0029,CAPREIT
4152650,1765 VICTORIA PARK AVE,21,1961,67,2025,2025-10-23,90.0,green,OP0343,MIDLAND PLACE INC
4152651,1725 LAWRENCE AVE E,21,1960,43,2025,2025-10-09,94.0,green,OP0067,MONTEREY PARK INC.
4152652,1765 LAWRENCE AVE E,21,1964,103,2025,2025-12-05,85.0,green,unattributed,
4152653,963-967 PHARMACY AVE,21,1993,72,2026,2026-09-28,91.0,green,unattributed,
4152654,2155 LAWRENCE AVE E,21,1993,243,2025,2025-11-27,92.0,green,OP0344,ALDEBRAIN ATTENDANT CARE SERVICES OF TORONTO
4152655,1817 VICTORIA PARK AVE,21,1959,36,2025,2025-09-30,91.0,green,OP0345,2780964 ONTARIO LIMITED
4152656,1827 VICTORIA PARK AVE,21,1959,36,2024,2024-06-21,93.0,green,OP0346,2858866 ONTARIO LIMITED
4152657,1790 LAWRENCE AVE E,21,1962,36,2025,2025-10-01,97.0,green,OP0347,DIXLAND APARTMENTS LTS.
4152658,1780 LAWRENCE AVE E,21,1961,39,2025,2025-10-01,94.0,green,OP0067,MONTEREY PARK INC.
4152659,1860 LAWRENCE AVE E,21,1978,90,2026,2026-09-16,90.0,green,unattributed,
4152660,1911 VICTORIA PARK AVE,21,1960,91,2026,2026-09-08,72.0,yellow,OP0130,FALCO PROPERTIES
4152661,5 LYNVALLEY CRES,21,1965,92,2025,2025-07-29,95.0,green,OP0094,AMAZ PROPERTY MANAGEMENT
4152662,2255 VICTORIA PARK AVE,21,1964,72,2026,2026-09-08,92.0,green,OP0022,GREENWIN CORP.
4152663,2265 VICTORIA PARK AVE,21,1964,71,2025,2025-10-07,95.0,green,OP0029,CAPREIT
4152664,2275 VICTORIA PARK AVE,21,1962,69,2024,2024-09-06,79.0,yellow,OP0170,PARKWOODS MANAGEMENT
4152665,2301 VICTORIA PARK AVE,21,1960,104,2026,2026-09-10,91.0,green,OP0036,RANEE MANAGEMENT
4152666,115 FOXRIDGE DR,20,1958,10,2025,2025-09-10,88.0,green,unattributed,
4152667,130 FOXRIDGE DR,20,1962,30,2025,2025-09-10,91.0,green,OP0348,"MENICUCCI, POMPILIO; MENICUCCI, FRANCES; MENICUCCI, MARIO; MENICUCCI, IVA"
4152668,640 KENNEDY RD,20,1955,18,2026,2026-08-04,97.0,green,OP0076,HOMES FIRST SOCIETY
4152669,644 KENNEDY RD,20,1954,18,2026,2026-08-04,98.0,green,OP0076,HOMES FIRST SOCIETY
4152670,672 KENNEDY RD,20,1971,71,2025,2025-07-30,93.0,green,OP0022,GREENWIN CORP.
4152671,708 KENNEDY RD,20,1957,49,2026,2026-08-06,96.0,green,OP0113,BROSKO PROPERTY MANAGEMENT
4152672,712 KENNEDY RD,20,1957,49,2025,2025-07-17,96.0,green,OP0113,BROSKO PROPERTY MANAGEMENT
4152673,720 KENNEDY RD,20,1965,186,2026,2026-08-06,89.0,green,OP0094,AMAZ PROPERTY MANAGEMENT
4152674,739 BIRCHMOUNT RD,20,1963,124,2025,2025-09-12,96.0,green,OP0027,SIGNET GROUP INC.
4152675,821 BIRCHMOUNT RD,20,1960,53,2026,2026-06-09,86.0,green,OP0171,RYDEL MANAGEMENT INC.
4152676,829 BIRCHMOUNT RD,20,1961,65,2025,2025-10-31,90.0,green,OP0171,RYDEL MANAGEMENT INC.
4152677,835-841 BIRCHMOUNT RD,20,1992,102,2025,2025-09-19,94.0,green,unattributed,
4152678,2223 EGLINTON AVE E,20,1971,75,2026,2026-06-09,90.0,green,OP0022,GREENWIN CORP.
4152679,2225 EGLINTON AVE E,20,1971,94,2025,2025-09-15,94.0,green,OP0022,GREENWIN CORP.
4152680,2231 EGLINTON AVE E,20,1958,110,2026,2026-06-11,83.0,yellow,OP0222,YAD INVESTMENTS LTD
4152681,2233 EGLINTON AVE E,20,1958,110,2026,2026-06-11,84.0,yellow,OP0222,YAD INVESTMENTS LTD
4152682,2239 EGLINTON AVE E,20,1960,107,2025,2025-10-16,97.0,green,OP0040,H&R PROPERTY MANAGEMENT
4152683,2243 EGLINTON AVE E,20,1968,91,2026,2026-06-10,95.0,green,OP0044,GOLD SEAL MANAGEMENT INC.
4152684,2323 EGLINTON AVE E,20,1962,75,2026,2026-06-16,88.0,green,OP0223,CENTURY HOLDINGS LTD.
4152685,2303 EGLINTON AVE E,20,1968,169,2025,2025-10-17,94.0,green,unattributed,
4152686,2293 EGLINTON AVE E,20,1960,118,2025,2025-10-20,90.0,green,OP0349,2293 EGLINTON LP
4152687,2283 EGLINTON AVE E,20,1964,101,2025,2025-10-16,97.0,green,OP0029,CAPREIT
4152688,120 TOWN HAVEN PL,20,1989,150,2026,2026-09-24,91.0,green,OP0021,TORONTO COMMUNITY HOUSING CORPORATION
4152689,740 MIDLAND AVE,20,1959,87,2025,2025-09-03,97.0,green,OP0068,HAZELVIEW PROPERTIES
4152690,709 KENNEDY RD,20,1958,79,2025,2025-07-23,94.0,green,OP0350,709 KENNEDY HOLDINGS
4152691,711 KENNEDY RD,20,1958,79,2025,2025-07-23,84.0,yellow,OP0351,GLOBAL PROPERTIES LTD
4152692,1 ROSEMOUNT DR,21,1972,110,2025,2025-09-04,97.0,green,OP0131,NORTHVIEW APARTMENT REIT
4152693,15 ROSEMOUNT DR,21,1969,72,2025,2025-10-09,90.0,green,OP0169,NA
4152694,19 ROSEMOUNT DR,21,1960,71,2026,2026-10-02,73.0,yellow,OP0131,NORTHVIEW APARTMENT REIT
4152695,10 IONVIEW RD,21,1971,62,2026,2026-08-19,91.0,green,OP0022,GREENWIN CORP.
4152696,2360 EGLINTON AVE E,21,1965,130,2025,2025-11-20,88.0,green,OP0061,THREE R PROPERTY MANAGEMENT CORPORATION
4152697,2354 EGLINTON AVE E,21,1960,72,2025,2025-11-12,83.0,yellow,OP0224,2585276 ONTARIO LIMITED
4152698,806 KENNEDY RD,21,1960,57,2025,2025-09-03,86.0,green,OP0024,METCAP LIVING MANAGEMENT INC.
4152699,1165 BIRCHMOUNT RD,21,1965,20,2026,2026-09-22,93.0,green,OP0225,PAUL THORNTON
4152700,1169 BIRCHMOUNT RD,21,1960,18,2026,2026-08-19,88.0,green,OP0352,KOVACS INVESTMENTS LTD
4152701,1191 BIRCHMOUNT RD,21,1955,41,2026,2026-08-21,89.0,green,unattributed,
4152702,1255 BIRCHMOUNT RD,21,1960,70,2026,2026-08-26,89.0,green,OP0027,SIGNET GROUP INC.
4152703,2185 LAWRENCE AVE E,21,1968,142,2025,2025-12-11,90.0,green,OP0172,SHELBORNE PROPERTY MANAGEMENT INC
4152704,807 KENNEDY RD,21,1969,34,2026,2026-09-17,72.0,yellow,OP0353,MPC PROPERTIES INC.
4152705,815 KENNEDY RD,21,1969,33,2025,2025-09-03,94.0,green,OP0067,MONTEREY PARK INC.
4152706,819 KENNEDY RD,21,1961,62,2025,2025-09-03,91.0,green,OP0354,508 DAWES RD. LTD.
4152707,821 KENNEDY RD,21,1961,59,2025,2025-09-03,83.0,yellow,OP0132,KPM KINGSWAY PROPERTY MANAGEMENT
4152708,831 KENNEDY RD,21,1954,50,2025,2025-10-11,93.0,green,OP0031,HAZELVIEW PROPERTY SERVICES INC
4152709,833 KENNEDY RD,21,1967,54,2026,2026-09-24,85.0,green,OP0031,HAZELVIEW PROPERTY SERVICES INC
4152710,859 KENNEDY RD,21,1957,34,2026,2026-09-22,79.0,yellow,OP0173,ALTO PROPERTIES INC.
4152711,875 KENNEDY RD,21,1961,82,2026,2026-09-28,75.0,yellow,OP0355,GOLDEN PLAZA LTD.
4152712,877 KENNEDY RD,21,1965,32,2026,2026-09-23,86.0,green,OP0024,METCAP LIVING MANAGEMENT INC.
4152713,879 KENNEDY RD,21,1960,29,2025,2025-11-24,89.0,green,OP0226,ACCADIA APARTMENTS
4152714,893 KENNEDY RD,21,1961,77,2025,2025-10-11,89.0,green,unattributed,
4152715,2260 LAWRENCE AVE E,21,1960,26,2026,2026-09-02,93.0,green,OP0356,PRESCOTT APTS. INC.
4152716,2250 LAWRENCE AVE E,21,1968,33,2025,2025-11-28,96.0,green,OP0133,ULRICH PROPERTIES LTD.
4152717,2230 LAWRENCE AVE E,21,1962,64,2024,2024-08-09,72.0,yellow,OP0357,COMER GROUP LIMITED
4152718,1475 BIRCHMOUNT RD,21,1967,28,2026,2026-08-24,82.0,yellow,OP0027,SIGNET GROUP INC.
4152719,1477 BIRCHMOUNT RD,21,1960,21,2025,2025-09-08,86.0,green,unattributed,
4152720,1555 BIRCHMOUNT RD,21,1950,46,2025,2025-09-05,71.0,yellow,OP0057,NORTH 44 PROPERTY MANAGEMENT INC
4152722,1525 BIRCHMOUNT RD,21,1956,52,2025,2025-09-06,89.0,green,OP0026,BRIARLANE RENTAL PROPERTY MANAGEMENT INC.
4152723,3 GLAMORGAN AVE,21,1984,139,2024,2024-09-11,83.0,yellow,OP0134,LIVING PROPERTIES INC.
4152724,5 GLAMORGAN AVE,21,1974,140,2026,2026-10-02,87.0,green,OP0051,FIRM CAPITAL PROPERTIES INC
4152725,41 ANTRIM CRES,21,1974,192,2025,2025-09-09,92.0,green,OP0040,H&R PROPERTY MANAGEMENT
4152726,11 ANTRIM CRES,21,1971,167,2025,2025-09-17,95.0,green,OP0040,H&R PROPERTY MANAGEMENT
4152727,1 ANTRIM CRES,21,1970,167,2024,2024-10-01,88.0,green,OP0040,H&R PROPERTY MANAGEMENT
4152728,30 ANTRIM CRES,21,1972,135,2025,2025-09-09,97.0,green,OP0040,H&R PROPERTY MANAGEMENT
4152729,20 ANTRIM CRES,21,1971,177,2026,2026-08-21,95.0,green,OP0040,H&R PROPERTY MANAGEMENT
4152730,5 BROCKLEY DR,21,1969,254,2025,2025-08-26,99.0,green,OP0034,HOMESTEAD LAND HOLDINGS LIMITED
4152731,4 TREEWOOD ST,21,1961,82,2024,2024-09-12,79.0,yellow,OP0131,NORTHVIEW APARTMENT REIT
4152732,2 TREEWOOD ST,21,1956,82,2025,2025-11-26,94.0,green,OP0026,BRIARLANE RENTAL PROPERTY MANAGEMENT INC.
4152734,1175 ELLESMERE RD,21,1967,65,2025,2025-10-24,95.0,green,OP0358,LORAVIEW HOLDINGS INC.
4152735,1181 ELLESMERE RD,21,1976,32,2024,2024-07-22,91.0,green,unattributed,
4152736,1191 ELLESMERE RD,21,1976,27,2026,2026-07-20,88.0,green,unattributed,
4152737,2950 LAWRENCE AVE E,21,1960,200,2024,2024-09-06,91.0,green,OP0021,TORONTO COMMUNITY HOUSING CORPORATION
4152738,3010 LAWRENCE AVE E,21,1989,170,2024,2024-08-27,95.0,green,OP0359,JACK GOODLAD SENIOR CITIZEN RESIDENCES CORPORATION
4152739,3210 LAWRENCE AVE E,24,1960,48,2026,2026-09-17,79.0,yellow,OP0135,MPM INC.
4152740,555 BRIMORTON DR,24,1965,180,2026,2026-08-26,89.0,green,OP0094,AMAZ PROPERTY MANAGEMENT
4152741,960 MARKHAM RD,24,1965,181,2026,2026-09-29,87.0,green,OP0360,PIC PROPERTY MANAGEMENT
4152742,1050 MARKHAM RD,24,1967,295,2025,2025-11-05,97.0,green,OP0029,CAPREIT
4152743,25 GREENBRAE CRCT,24,1962,60,2025,2025-11-21,94.0,green,OP0361,CEDARBRAE TOWERS WEST MANAGEMENT
4152744,35 GREENBRAE CRCT,24,1962,70,2025,2025-11-21,94.0,green,OP0132,KPM KINGSWAY PROPERTY MANAGEMENT
4152745,45 GREENBRAE CRCT,24,1960,112,2026,2026-08-11,85.0,green,OP0024,METCAP LIVING MANAGEMENT INC.
4152747,815 MIDLAND AVE,20,1965,23,2026,2026-08-20,99.0,green,unattributed,
4152749,945 MIDLAND AVE,21,1967,149,2026,2026-07-27,83.0,yellow,OP0362,HOMESKY PROPERTIES INC.
4152750,30 GILDER DR,21,1954,192,2025,2025-09-02,95.0,green,OP0045,CANDO APARTMENTS LTD.
4152751,1320 DANFORTH RD,21,1969,67,2026,2026-09-14,83.0,yellow,OP0024,METCAP LIVING MANAGEMENT INC.
4152752,1330 DANFORTH RD,21,1967,48,2026,2026-09-14,84.0,yellow,OP0024,METCAP LIVING MANAGEMENT INC.
4152753,1340 DANFORTH RD,21,1962,173,2025,2025-11-18,93.0,green,OP0024,METCAP LIVING MANAGEMENT INC.
4152754,1350 DANFORTH RD,21,1965,225,2025,2025-08-30,94.0,green,OP0024,METCAP LIVING MANAGEMENT INC.
4152755,1360 DANFORTH RD,21,1963,172,2025,2025-11-18,90.0,green,OP0024,METCAP LIVING MANAGEMENT INC.
4152756,1284 DANFORTH RD,21,1960,95,2024,2024-08-06,94.0,green,OP0040,H&R PROPERTY MANAGEMENT
4152758,1155 MIDLAND AVE,21,1965,115,2025,2025-11-25,91.0,green,OP0174,SKYVIEW MANAGEMENT LTD.
4152759,1375 MIDLAND AVE,21,1972,144,2024,2024-09-30,74.0,yellow,OP0169,NA
4152760,1385 MIDLAND AVE,21,1950,144,2026,2026-07-27,79.0,yellow,OP0051,FIRM CAPITAL PROPERTIES INC
4152761,1275 DANFORTH RD,21,1958,114,2024,2024-08-13,95.0,green,OP0049,M&R PROPERTY MANAGEMENT
4152762,25 TRUDELLE ST,21,1963,66,2025,2025-10-28,82.0,yellow,OP0003,GOLDEN EQUITY PROPERTIES
4152763,370 MCCOWAN RD,21,1965,207,2025,2025-10-07,97.0,green,OP0029,CAPREIT
4152764,50 TRUDELLE ST,21,1969,131,2026,2026-09-05,88.0,green,OP0059,THE BROWN GROUP OF COMPANIES INC.
4152765,30 TRUDELLE ST,21,1960,58,2025,2025-10-29,94.0,green,OP0049,M&R PROPERTY MANAGEMENT
4152767,1299 DANFORTH RD,21,1967,138,2025,2025-11-10,85.0,green,OP0095,GOSSNER & HORNAR MANAGEMENT LTD.
4152768,123 BELLAMY RD N,21,1964,250,2025,2025-08-27,96.0,green,OP0068,HAZELVIEW PROPERTIES
4152771,126 BELLAMY RD N,21,1971,253,2026,2026-07-07,90.0,green,OP0039,BERKLEY PROPERTY MANAGEMENT INC.
4152773,3201 LAWRENCE AVE E,21,1960,123,2025,2025-10-28,94.0,green,OP0045,CANDO APARTMENTS LTD.
4152774,3125 LAWRENCE AVE E,21,1964,110,2025,2025-11-25,84.0,yellow,OP0175,G & S REGAL MANAGEMENT LIMITED
4152775,1 BRIMLEY RD,20,1961,58,2025,2025-10-31,91.0,green,OP0363,1 BRIMLEY APTS. INC.
4152777,17 BRIMLEY RD,20,1979,330,2025,2025-07-07,96.0,green,OP0021,TORONTO COMMUNITY HOUSING CORPORATION
4152778,3171 KINGSTON RD,20,1960,18,2026,2026-07-15,92.0,green,unattributed,
4152779,3207 KINGSTON RD,20,1968,53,2025,2025-08-18,89.0,green,OP0001,TRIVEST DEVELOPMENTS CORPORATION
4152780,121 MINERVA AVE,20,1964,90,2026,2026-08-25,92.0,green,OP0032,PARK PROPERTY MANAGEMENT INC.
4152781,131 MINERVA AVE,20,1964,83,2026,2026-08-25,92.0,green,OP0032,PARK PROPERTY MANAGEMENT INC.
4152782,3750 ST CLAIR AVE E,20,1965,55,2026,2026-09-16,85.0,green,OP0094,AMAZ PROPERTY MANAGEMENT
4152783,3744 ST CLAIR AVE E,20,1964,88,2025,2025-10-08,94.0,green,OP0032,PARK PROPERTY MANAGEMENT INC.
4152784,40 PARKCREST DR,20,1967,100,2026,2026-09-09,86.0,green,OP0176,CANLIGHT MANAGEMENT INC.
4152786,3555 KINGSTON RD,24,1992,133,2025,2025-09-27,89.0,green,OP0364,MOMIJI SENIORS RESIDENCE
4152787,3101 EGLINTON AVE E,20,1965,70,2025,2025-08-19,92.0,green,OP0080,SITELINE RESIDENTIAL MANAGEMENT INC.
4152788,3111 EGLINTON AVE E,20,1953,70,2026,2026-06-22,86.0,green,OP0080,SITELINE RESIDENTIAL MANAGEMENT INC.
4152789,3121 EGLINTON AVE E,20,1960,81,2026,2026-06-18,83.0,yellow,unattributed,
4152790,3131 EGLINTON AVE E,20,1960,82,2026,2026-06-18,78.0,yellow,unattributed,
4152791,3161 EGLINTON AVE E,20,1969,166,2026,2026-07-07,92.0,green,OP0365,BEST RANK INVESTMENTS
4152794,140 ADANAC DR,20,1970,306,2026,2026-06-01,89.0,green,OP0021,TORONTO COMMUNITY HOUSING CORPORATION
4152795,3091 EGLINTON AVE E,20,1968,79,2026,2026-06-16,94.0,green,OP0136,FIDELITY PROPERTY MANAGEMENT LTD
4152796,110 MASON RD,20,1981,53,2025,2025-08-19,95.0,green,OP0030,DMS PROPERTY MANAGEMENT LTD.
4152797,215 MARKHAM RD,24,1968,193,2025,2025-09-16,91.0,green,OP0056,Q RESIDENTIAL
4152798,15 COUGAR CRT,24,1965,193,2025,2025-10-06,72.0,yellow,OP0094,AMAZ PROPERTY MANAGEMENT
4152799,25 COUGAR CRT,24,1965,236,2026,2026-08-06,83.0,yellow,OP0024,METCAP LIVING MANAGEMENT INC.
4152800,225 MARKHAM RD,24,1969,229,2026,2026-09-16,89.0,green,OP0056,Q RESIDENTIAL
4152801,5 CEDAR DR,24,1961,86,2025,2025-10-08,72.0,yellow,OP0096,PROPERTY SERVICES INC.
4152802,3434 EGLINTON AVE E,24,1975,214,2026,2026-08-12,87.0,green,OP0024,METCAP LIVING MANAGEMENT INC.
4152803,3400 EGLINTON AVE E,24,1965,221,2026,2026-07-10,78.0,yellow,OP0366,PREMAX MANAGEMENT LIMITED
4152804,71 GUILDWOOD PKWY,24,1960,74,2026,2026-08-13,84.0,yellow,OP0367,LEARON LIMITED
4152805,45 LIVINGSTON RD,24,1966,188,2025,2025-11-10,89.0,green,OP0368,DOVERHOLD INESTMENT LTD.
4152806,55 LIVINGSTON RD,24,1966,174,2026,2026-09-30,94.0,green,OP0032,PARK PROPERTY MANAGEMENT INC.
4152807,3969 KINGSTON RD,24,1967,174,2025,2025-11-05,91.0,green,OP0081,CENTRAL ERIN PROPERTY MANAGEMENT
4152808,399 MARKHAM RD,24,1977,254,2025,2025-09-16,73.0,yellow,OP0003,GOLDEN EQUITY PROPERTIES
4152809,419 MARKHAM RD,24,1970,160,2025,2025-11-03,90.0,green,OP0114,1597180 ONTARIO INC
4152810,421 MARKHAM RD,24,1969,159,2024,2024-09-30,94.0,green,OP0114,1597180 ONTARIO INC
4152811,450 B SCARBOROUGH GOLF CLUB RD,24,1991,112,2024,2024-10-07,96.0,green,OP0004,COMMUNITY FIRST DEVELOPMENTS INC.
4152812,525 MARKHAM RD,24,1995,115,2024,2024-10-02,99.0,green,OP0082,WIGWAMEN INCORPORATED
4152813,35 CONFEDERATION DR,24,1964,133,2024,2024-09-11,89.0,green,OP0067,MONTEREY PARK INC.
4152814,20 GREENCREST CRCT,24,1970,136,2025,2025-11-03,96.0,green,OP0056,Q RESIDENTIAL
4152815,65 GREENCREST CRCT,24,1977,400,2025,2025-09-23,91.0,green,OP0021,TORONTO COMMUNITY HOUSING CORPORATION
4152816,550 SCARBOROUGH GOLF CLUB RD,24,1960,200,2024,2024-09-16,97.0,green,OP0369,GREENWIN ICORP.
4152817,70 STEVENVALE DR,24,1963,100,2025,2025-09-23,95.0,green,OP0024,METCAP LIVING MANAGEMENT INC.
4152818,45 GREENCREST CRCT,24,1962,100,2025,2025-11-03,98.0,green,OP0024,METCAP LIVING MANAGEMENT INC.
4152819,567 SCARBOROUGH GOLF CLUB RD,24,1968,224,2024,2024-09-24,93.0,green,OP0029,CAPREIT
4152820,3801 LAWRENCE AVE E,24,1964,90,2026,2026-09-18,87.0,green,OP0036,RANEE MANAGEMENT
4152821,3827 LAWRENCE AVE E,24,1970,88,2025,2025-11-29,92.0,green,unattributed,
4152822,3895 LAWRENCE AVE E,24,1975,114,2025,2025-11-12,83.0,yellow,OP0024,METCAP LIVING MANAGEMENT INC.
4152823,3700 LAWRENCE AVE E,24,1972,105,2025,2025-10-08,90.0,green,OP0136,FIDELITY PROPERTY MANAGEMENT LTD
4152825,10 TUXEDO CRT,24,1968,210,2024,2024-07-22,95.0,green,OP0029,CAPREIT
4152826,20 TUXEDO CRT,24,1970,210,2026,2026-10-02,88.0,green,OP0056,Q RESIDENTIAL
4152827,30 TUXEDO CRT,24,1968,214,2025,2025-09-24,97.0,green,OP0029,CAPREIT
4152828,40 TUXEDO CRT,24,1970,216,2024,2024-07-22,84.0,yellow,OP0026,BRIARLANE RENTAL PROPERTY MANAGEMENT INC.
4152829,50 TUXEDO CRT,24,1971,378,2025,2025-09-24,86.0,green,OP0021,TORONTO COMMUNITY HOUSING CORPORATION
4152830,3950 LAWRENCE AVE E,24,1967,164,2026,2026-09-22,84.0,yellow,OP0370,UPERSIDE APARTMENTS LTD
4152831,15 ORTON PARK RD,24,1967,147,2026,2026-09-15,89.0,green,OP0371,UPPRESIDEAPARTMENTS LTD
4152832,51 TRAILRIDGE CRES,24,1974,200,2024,2024-09-17,97.0,green,OP0022,GREENWIN CORP.
4152833,750 MORNINGSIDE AVE,24,1973,165,2024,2024-09-13,95.0,green,OP0024,METCAP LIVING MANAGEMENT INC.
4152834,80 MORNELLE CRT,24,1972,265,2025,2025-11-04,96.0,green,OP0056,Q RESIDENTIAL
4152835,70 MORNELLE CRT,24,1976,264,2026,2026-07-09,82.0,yellow,OP0227,SELF MANAGED
4152836,30 LIVONIA PL,24,1979,200,2025,2025-11-07,97.0,green,OP0029,CAPREIT
4152837,38 ANDOVER CRES,24,1992,25,2026,2026-07-31,93.0,green,OP0042,NEIGHBOURS COMMUNITY HOMES
4152838,4201-4203 KINGSTON RD,24,1985,39,2025,2025-09-27,84.0,yellow,OP0228,GABRIEL DUMONT NON-PROFIT HOMES
4152839,4175 LAWRENCE AVE E,24,1974,375,2025,2025-10-14,85.0,green,OP0041,DEL MANAGMENT
4152841,217 MORNINGSIDE AVE,25,1965,110,2026,2026-08-19,87.0,green,OP0094,AMAZ PROPERTY MANAGEMENT
4152842,4205 LAWRENCE AVE E,25,1974,345,2025,2025-11-12,78.0,yellow,OP0041,DEL MANAGMENT
4152843,228 GALLOWAY RD,24,1994,60,2025,2025-10-06,98.0,green,OP0082,WIGWAMEN INCORPORATED
4152844,4070 LAWRENCE AVE E,24,1970,38,2026,2026-09-25,91.0,green,OP0372,WEST HILL MANOR
4152845,4010 LAWRENCE AVE E,24,1967,220,2024,2024-09-13,92.0,green,OP0029,CAPREIT
4152846,4000 LAWRENCE AVE E,24,1967,141,2025,2025-09-15,96.0,green,OP0029,CAPREIT
4152847,290 MORNINGSIDE AVE,24,1960,107,2024,2024-09-17,72.0,yellow,OP0373,1001175316 ONTARIO LIMITED
4152848,280 MORNINGSIDE AVE,24,1972,165,2025,2025-10-22,97.0,green,OP0056,Q RESIDENTIAL
4152851,3275 SHEPPARD AVE E,22,1970,219,2026,2026-09-17,87.0,green,OP0130,FALCO PROPERTIES
4152852,2727 VICTORIA PARK AVE,22,1972,178,2026,2026-08-13,95.0,green,OP0036,RANEE MANAGEMENT
4152853,20 CHICHESTER PL,22,1970,189,2024,2024-09-05,96.0,green,OP0032,PARK PROPERTY MANAGEMENT INC.
4152854,2008 PHARMACY AVE,22,1975,293,2025,2025-09-10,97.0,green,OP0053,DEL MANAGEMENT
4152855,100 SPRUCEWOOD CRT,22,1973,206,2026,2026-08-07,97.0,green,OP0032,PARK PROPERTY MANAGEMENT INC.
4152856,375 BAY MILLS BLVD,22,1971,188,2026,2026-09-10,95.0,green,OP0049,M&R PROPERTY MANAGEMENT
4152857,2360 BIRCHMOUNT RD,22,1971,186,2025,2025-09-30,96.0,green,OP0027,SIGNET GROUP INC.
4152858,2350 BIRCHMOUNT RD,22,1972,190,2026,2026-07-30,99.0,green,OP0034,HOMESTEAD LAND HOLDINGS LIMITED
4152859,25 BAY MILLS BLVD,22,1974,281,2024,2024-09-23,97.0,green,OP0029,CAPREIT
4152860,20 STONEHILL CRT,22,1977,153,2026,2026-09-11,93.0,green,OP0229,"PRESTON GROUP - TORONTO, ON"
4152861,50 AURORA CRT,22,1974,175,2025,2025-10-27,92.0,green,OP0032,PARK PROPERTY MANAGEMENT INC.
4152862,40 AURORA CRT,22,1974,167,2025,2025-10-27,92.0,green,OP0032,PARK PROPERTY MANAGEMENT INC.
4152864,10 BRIDLETOWNE CRCL,22,1974,175,2026,2026-09-30,94.0,green,OP0032,PARK PROPERTY MANAGEMENT INC.
4152865,3050 PHARMACY AVE,22,1974,252,2024,2024-09-18,91.0,green,OP0032,PARK PROPERTY MANAGEMENT INC.
4152866,125 BAMBURGH CRCL,22,1978,332,2024,2024-10-01,90.0,green,OP0025,STERLING KARAMAR PROPERTY MANAGEMENT
4152867,2237 BIRCHMOUNT RD,22,1967,44,2026,2026-07-08,91.0,green,OP0133,ULRICH PROPERTIES LTD.
4152868,2241 BIRCHMOUNT RD,22,1974,27,2026,2026-07-09,93.0,green,OP0133,ULRICH PROPERTIES LTD.
4152869,2249 BIRCHMOUNT RD,22,1979,40,2026,2026-07-29,94.0,green,OP0133,ULRICH PROPERTIES LTD.
4152870,3735 SHEPPARD AVE E,22,1968,52,2025,2025-11-19,83.0,yellow,OP0374,AGINCOURT APARTMENTS
4152871,3747 SHEPPARD AVE E,22,1969,37,2025,2025-11-19,81.0,yellow,unattributed,
4152872,3825 SHEPPARD AVE E,22,1975,300,2025,2025-11-19,96.0,green,OP0053,DEL MANAGEMENT
4152873,3845 SHEPPARD AVE E,22,1969,106,2026,2026-09-18,92.0,green,OP0137,MAPLE LEAF PROPERTY MANAGEMENT
4152874,3875 SHEPPARD AVE E,22,1960,154,2026,2026-09-22,94.0,green,OP0045,CANDO APARTMENTS LTD.
4152875,2250 KENNEDY RD,22,1960,136,2026,2026-08-18,97.0,green,OP0045,CANDO APARTMENTS LTD.
4152876,10 CARABOB CRT,22,1974,196,2026,2026-08-05,98.0,green,OP0032,PARK PROPERTY MANAGEMENT INC.
4152877,20 CARABOB CRT,22,1970,195,2026,2026-08-10,93.0,green,OP0022,GREENWIN CORP.
4152878,30 CARABOB CRT,22,1971,195,2026,2026-09-08,84.0,yellow,OP0022,GREENWIN CORP.
4152879,40 CARABOB CRT,22,1974,196,2025,2025-10-20,98.0,green,OP0032,PARK PROPERTY MANAGEMENT INC.
4152880,50 CARABOB CRT,22,1974,197,2025,2025-10-20,95.0,green,OP0032,PARK PROPERTY MANAGEMENT INC.
4152883,360 PITFIELD RD,23,1974,246,2026,2026-10-01,92.0,green,OP0375,NANAK HOLDINGS INC.
4152884,30 KIMBERCROFT CRT,23,1980,94,2026,2026-09-24,89.0,green,OP0138,DAVPART INC
4152885,221 MILNER AVE,23,1982,150,2025,2025-10-08,97.0,green,unattributed,
4152887,1 DEAN PARK RD,25,1979,249,2024,2024-09-05,87.0,green,OP0035,MEDALLION CORPORATION
4152889,95-115 GENERATION BLVD,25,1975,108,2026,2026-07-23,77.0,yellow,OP0062,MORGUARD RESIDENTIAL
4152892,5600 SHEPPARD AVE E,23,1970,120,2024,2024-10-08,94.0,green,OP0027,SIGNET GROUP INC.
4152893,1315 NEILSON RD,25,1991,126,2026,2026-06-23,91.0,green,OP0021,TORONTO COMMUNITY HOUSING CORPORATION
4152894,1319 NEILSON RD,25,1993,124,2025,2025-10-08,97.0,green,OP0376,TCH- COMMERTIAL
4152898,93 COE HILL DR,04,1958,38,2026,2026-07-30,89.0,green,OP0377,AMAN'S RENOVATIONS & PROPERTY MANAGEMENT
4152899,99 COE HILL DR,04,1957,86,2025,2025-07-28,94.0,green,OP0001,TRIVEST DEVELOPMENTS CORPORATION
4152900,101 COE HILL DR,04,1955,47,2026,2026-07-22,94.0,green,unattributed,
4152901,9 MORNINGSIDE AVE,04,1957,36,2024,2024-08-22,93.0,green,OP0139,WESTSIDE STOREYS LIMITED
4152902,2553 BLOOR ST W,04,1938,22,2026,2026-07-14,97.0,green,OP0177,DSM INVESTMENT GROUP LIMITED
4152903,2555 BLOOR ST W,04,1940,34,2026,2026-07-14,93.0,green,OP0001,TRIVEST DEVELOPMENTS CORPORATION
4152904,2407 BLOOR ST W,04,1920,12,2025,2025-11-13,95.0,green,unattributed,
4152905,93 LAVINIA AVE,04,1993,68,2026,2026-08-24,95.0,green,OP0004,COMMUNITY FIRST DEVELOPMENTS INC.
4152907,1 RUNNYMEDE RD,04,1967,28,2025,2025-07-22,90.0,green,unattributed,
4152908,2 KENNEDY AVE,04,1967,25,2025,2025-07-22,92.0,green,unattributed,
4152909,2001 BLOOR ST W,04,1930,60,2026,2026-07-16,94.0,green,OP0129,TRAVI INC.
4152911,111 RUNNYMEDE RD,04,1960,16,2026,2026-08-06,88.0,green,unattributed,
4152912,117 RUNNYMEDE RD,04,1927,42,2026,2026-08-06,90.0,green,unattributed,
4152915,2520 BLOOR ST W,04,1923,22,2026,2026-07-16,92.0,green,OP0069,LANDLORD PROPERTY & RENTAL MANAGEMENT INC
4152916,2526 BLOOR ST W,04,1935,19,2026,2026-08-20,81.0,yellow,OP0378,NIL
4152917,7 BRULE TER,04,1935,15,2025,2025-07-25,86.0,green,OP0230,17A PROPERTIES
4152919,29 JANE ST,04,1910,18,2025,2025-11-14,96.0,green,OP0231,BIDDINGTON PROPERTY MANAGMENT CORP
4152920,35 JANE ST,04,1910,18,2026,2026-08-11,92.0,green,OP0231,BIDDINGTON PROPERTY MANAGMENT CORP
4152921,494 RUNNYMEDE RD,04,1975,36,2025,2025-07-30,91.0,green,unattributed,
4152922,392 JANE ST,04,1960,32,2025,2025-07-31,96.0,green,OP0097,BIDDINGTON PROPERTY MANAGEMENT CORP.
4152923,283 GILMOUR AVE,04,1965,35,2026,2026-08-18,91.0,green,OP0379,1066362 ONTARIO LTD O/A LYVE PROPERTIES
4152924,77 RANKIN CRES,09,1992,121,2026,2026-09-17,97.0,green,OP0021,TORONTO COMMUNITY HOUSING CORPORATION
4152925,11 RANDOLPH AVE,09,1994,95,2025,2025-06-17,88.0,green,OP0021,TORONTO COMMUNITY HOUSING CORPORATION
4152926,1624 BLOOR ST W,04,1992,94,2025,2025-08-15,97.0,green,OP0083,AYKLER REAL ESTATE INC.
4152927,1700 BLOOR ST W,04,1982,115,2025,2025-08-14,96.0,green,OP0380,VILNIUS MANOR
4152928,1778 BLOOR ST W,04,1924,21,2025,2025-08-15,94.0,green,unattributed,
4152929,60 MOUNTVIEW AVE,04,1965,221,2025,2025-08-26,92.0,green,OP0070,BEAUX PROPERTIES MANAGEMENT
4152930,66 OAKMOUNT RD,04,1986,171,2025,2025-11-26,99.0,green,OP0055,MINTO PROPERTIES INC.
4152931,22 OAKMOUNT RD,04,1965,216,2025,2025-08-07,95.0,green,OP0058,WJ PROPERTIES
4152932,5 HIGH PARK AVE,04,1926,21,2026,2026-08-25,92.0,green,unattributed,
4152933,299 GLENLAKE AVE,04,1973,233,2025,2025-11-19,95.0,green,OP0381,DMI PROPERTY MANAGEMENT INC.
4152934,77 QUEBEC AVE,04,1969,330,2026,2026-09-15,92.0,green,unattributed,
4152935,40 HIGH PARK AVE,04,1969,331,2026,2026-08-27,90.0,green,OP0098,GWLRA RESIDENTIAL
4152936,1914 BLOOR ST W,04,1914,16,2026,2026-07-09,88.0,green,OP0232,2054138 ONTARIO LTD
4152937,1920 BLOOR ST W,04,1914,16,2025,2025-07-30,92.0,green,OP0232,2054138 ONTARIO LTD
4152938,1942 BLOOR ST W,04,1940,16,2026,2026-07-09,91.0,green,OP0001,TRIVEST DEVELOPMENTS CORPORATION
4152939,1950 BLOOR ST W,04,1940,16,2026,2026-07-09,91.0,green,OP0001,TRIVEST DEVELOPMENTS CORPORATION
4152940,2010 BLOOR ST W,04,1929,24,2025,2025-11-13,89.0,green,OP0099,ADVENT PROPERTY MANAGEMENT SERVICES LTD.
4152941,205 KEELE ST,04,1958,42,2026,2026-08-27,88.0,green,unattributed,
4152942,1625 DUPONT ST,09,1920,10,2026,2026-07-16,77.0,yellow,unattributed,
4152943,340 HIGH PARK AVE,04,1940,10,2026,2026-08-25,88.0,green,unattributed,
4152945,2767 DUNDAS ST W,04,1992,21,2025,2025-08-25,96.0,green,OP0042,NEIGHBOURS COMMUNITY HOMES
4152946,2750 DUNDAS ST W,04,1997,30,2026,2026-08-18,90.0,green,OP0042,NEIGHBOURS COMMUNITY HOMES
4152948,17 MC CORMACK ST,05,1994,61,2026,2026-09-17,98.0,green,OP0042,NEIGHBOURS COMMUNITY HOMES
4152950,1 SPRINGHURST AVE,04,1962,41,2025,2025-06-25,98.0,green,unattributed,
4152951,99 TYNDALL AVE,04,1957,70,2025,2025-06-25,96.0,green,OP0028,AKELIUS CANADA LTD
4152952,115 TYNDALL AVE,04,1963,108,2025,2025-06-27,97.0,green,unattributed,
4152953,135 TYNDALL AVE,04,1963,216,2026,2026-07-28,92.0,green,unattributed,
4152954,200 DUFFERIN ST,04,1964,251,2025,2025-07-08,95.0,green,OP0031,HAZELVIEW PROPERTY SERVICES INC
4152955,29 SPENCER AVE,04,1959,54,2026,2026-07-02,90.0,green,OP0140,ADAMS AND WAKS CONSTRUCTION LTD
4152956,31 SPENCER AVE,04,1965,54,2026,2026-07-02,89.0,green,OP0178,NEIGHBOURS NON-PROFIT HOMES
4152957,35 SPENCER AVE,04,1960,80,2025,2025-07-07,93.0,green,OP0115,MYRIAD PROPERTY MANAGEMENT
4152958,47 SPENCER AVE,04,1962,60,2025,2025-07-07,95.0,green,OP0030,DMS PROPERTY MANAGEMENT LTD.
4152959,57 SPENCER AVE,04,1939,19,2025,2025-07-21,94.0,green,OP0382,2151764 ONTARIO LTD.
4152960,59 SPENCER AVE,04,1939,19,2026,2026-08-20,85.0,green,unattributed,
4152961,75 SPENCER AVE,04,1960,72,2026,2026-07-07,85.0,green,OP0024,METCAP LIVING MANAGEMENT INC.
4152962,77 SPENCER AVE,04,1952,56,2026,2026-07-07,92.0,green,OP0028,AKELIUS CANADA LTD
4152964,1251 KING ST W,04,1972,189,2026,2026-07-23,89.0,green,OP0027,SIGNET GROUP INC.
4152965,130 TYNDALL AVE,04,1957,39,2025,2025-07-08,94.0,green,OP0383,TYNDALL MANOR
4152966,124 TYNDALL AVE,04,1956,28,2026,2026-07-30,87.0,green,OP0038,HANNAH PROPERTY MANAGEMENT LTD.
4152967,118 TYNDALL AVE,04,1965,93,2026,2026-08-04,87.0,green,OP0030,DMS PROPERTY MANAGEMENT LTD.
4152968,112 TYNDALL AVE,04,1960,27,2025,2025-07-17,82.0,yellow,OP0096,PROPERTY SERVICES INC.
4152969,110 TYNDALL AVE,04,1960,26,2025,2025-07-17,84.0,yellow,OP0096,PROPERTY SERVICES INC.
4152970,102 TYNDALL AVE,04,1992,54,2026,2026-08-04,89.0,green,OP0021,TORONTO COMMUNITY HOUSING CORPORATION
4152971,100 TYNDALL AVE,04,1965,48,2025,2025-06-26,99.0,green,OP0031,HAZELVIEW PROPERTY SERVICES INC
4152972,90 TYNDALL AVE,04,1962,120,2026,2026-07-30,92.0,green,OP0036,RANEE MANAGEMENT
4152973,60 TYNDALL AVE,04,1959,69,2025,2025-06-26,98.0,green,OP0030,DMS PROPERTY MANAGEMENT LTD.
4152974,40 TYNDALL AVE,04,1965,65,2025,2025-06-26,96.0,green,OP0030,DMS PROPERTY MANAGEMENT LTD.
4152975,24 TYNDALL AVE,04,1965,73,2025,2025-06-25,97.0,green,OP0024,METCAP LIVING MANAGEMENT INC.
4152976,131 DUNN AVE,04,1931,29,2025,2025-07-09,94.0,green,OP0177,DSM INVESTMENT GROUP LIMITED
4152977,137 DUNN AVE,04,1959,21,2026,2026-06-23,88.0,green,unattributed,
4152978,1355 KING ST W,04,1976,136,2026,2026-07-23,98.0,green,OP0384,PARKDALE UNITED CHURCH FOUNDATION INC.
4152979,79 JAMESON AVE,04,1962,121,2026,2026-09-10,88.0,green,OP0035,MEDALLION CORPORATION
4152980,87 JAMESON AVE,04,1959,94,2025,2025-07-09,95.0,green,OP0030,DMS PROPERTY MANAGEMENT LTD.
4152981,91 JAMESON AVE,04,1967,76,2025,2025-07-11,90.0,green,OP0030,DMS PROPERTY MANAGEMENT LTD.
4152982,95 JAMESON AVE,04,1956,66,2025,2025-07-11,98.0,green,OP0028,AKELIUS CANADA LTD
4152983,109 JAMESON AVE,04,1968,118,2026,2026-09-03,94.0,green,OP0026,BRIARLANE RENTAL PROPERTY MANAGEMENT INC.
4152984,125 JAMESON AVE,04,1955,67,2025,2025-07-04,91.0,green,OP0140,ADAMS AND WAKS CONSTRUCTION LTD
4152985,145 JAMESON AVE,04,1960,80,2025,2025-07-04,95.0,green,OP0035,MEDALLION CORPORATION
4152986,140 SPRINGHURST AVE,04,1959,20,2025,2025-07-04,86.0,green,OP0166,LANDLORD PROPERTY & RENTAL MGMNT IC
4152987,146 JAMESON AVE,04,1956,28,2025,2025-07-02,92.0,green,OP0024,METCAP LIVING MANAGEMENT INC.
4152988,140 JAMESON AVE,04,1955,23,2025,2025-06-30,94.0,green,OP0024,METCAP LIVING MANAGEMENT INC.
4152989,130 JAMESON AVE,04,1955,108,2026,2026-09-08,87.0,green,OP0115,MYRIAD PROPERTY MANAGEMENT
4152990,120 JAMESON AVE,04,1960,90,2025,2025-07-21,87.0,green,unattributed,
4152991,110 JAMESON AVE,04,1960,91,2025,2025-07-21,86.0,green,unattributed,
4152992,100 JAMESON AVE,04,1960,80,2025,2025-07-14,95.0,green,OP0179,OZ PROPERTY MANAGEMENT LTD
4152993,96 JAMESON AVE,04,1977,72,2025,2025-07-11,96.0,green,OP0024,METCAP LIVING MANAGEMENT INC.
4152994,90 JAMESON AVE,04,1959,61,2025,2025-07-09,93.0,green,OP0024,METCAP LIVING MANAGEMENT INC.
4152995,75 DOWLING AVE,04,1989,138,2025,2025-07-14,93.0,green,OP0021,TORONTO COMMUNITY HOUSING CORPORATION
4152996,99 DOWLING AVE,04,1955,111,2025,2025-07-14,94.0,green,OP0024,METCAP LIVING MANAGEMENT INC.
4152997,115 DOWLING AVE,04,1965,70,2025,2025-07-15,99.0,green,OP0024,METCAP LIVING MANAGEMENT INC.
4152998,1447 KING ST W,04,1992,59,2026,2026-07-21,95.0,green,OP0021,TORONTO COMMUNITY HOUSING CORPORATION
4152999,1475 KING ST W,04,1960,44,2025,2025-07-28,87.0,green,OP0003,GOLDEN EQUITY PROPERTIES
4153000,1465 KING ST W,04,1917,48,2025,2025-07-16,85.0,green,unattributed,
4153001,120 DOWLING AVE,04,1900,18,2025,2025-07-15,93.0,green,OP0141,PERGOS DEVELOPMENTS
4153002,1570 KING ST W,04,1910,18,2026,2026-07-23,76.0,yellow,OP0385,KSM INVESTMENT LTD
4153003,1623 QUEEN ST W,04,1922,42,2026,2026-06-18,92.0,green,OP0038,HANNAH PROPERTY MANAGEMENT LTD.
4153004,1621 QUEEN ST W,04,1900,74,2025,2025-06-23,90.0,green,OP0141,PERGOS DEVELOPMENTS
4153005,1609 QUEEN ST W,04,1900,41,2026,2026-06-18,94.0,green,OP0141,PERGOS DEVELOPMENTS
4153006,70 WILSON PARK RD--CLOSED,04,1970,25,2024,2024-09-05,84.0,yellow,unattributed,
4153007,1502 KING ST W,04,1952,15,2026,2026-07-21,70.0,yellow,OP0386,PEGASUS GROUP
4153008,1504 KING ST W,04,1900,15,2025,2025-07-15,87.0,green,OP0141,PERGOS DEVELOPMENTS
4153009,1501 QUEEN ST W,04,1912,38,2025,2025-06-25,74.0,yellow,OP0387,TSB (THE SILVER BRUSH)
4153010,194 DOWLING AVE,04,2010,29,2026,2026-06-25,90.0,green,OP0388,PARKDALE PROPERTY MANAGMENT
4153012,150 DOWLING AVE,04,1958,66,2026,2026-07-28,92.0,green,OP0024,METCAP LIVING MANAGEMENT INC.
4153013,146 DOWLING AVE,04,1973,68,2026,2026-06-25,83.0,yellow,OP0038,HANNAH PROPERTY MANAGEMENT LTD.
4153014,122 DOWLING AVE,04,1930,27,2025,2025-07-15,93.0,green,OP0389,AKELIUSCANADALTD
4153015,32 MAYNARD AVE,04,1960,44,2025,2025-06-16,96.0,green,OP0030,DMS PROPERTY MANAGEMENT LTD.
4153016,22 MAYNARD AVE,04,1978,36,2025,2025-07-07,93.0,green,OP0390,ST. FELIX CENTRE
4153017,21 MAYNARD AVE,04,1964,117,2026,2026-06-23,90.0,green,OP0064,ARCANOS PROPERTY MANAGEMENT CORPORATION
4153018,170 JAMESON AVE,04,1960,86,2025,2025-06-30,98.0,green,OP0043,PINEDALE PROPERTIES LTD
4153019,166 JAMESON AVE,04,1959,61,2024,2024-07-31,91.0,green,OP0391,APARTMENT PROPERTY MANAGEMENT CORP.
4153020,160 JAMESON AVE,04,1967,96,2026,2026-09-02,87.0,green,OP0392,1169676 ONTARIO LTD
4153021,1430 KING ST W,04,1967,77,2026,2026-08-28,94.0,green,OP0393,1173283 ONTARIO LIMITED
4153022,3 LAXTON AVE,04,1953,42,2025,2025-06-16,97.0,green,OP0021,TORONTO COMMUNITY HOUSING CORPORATION
4153023,190 JAMESON AVE,04,1963,62,2026,2026-09-09,97.0,green,OP0028,AKELIUS CANADA LTD
4153024,188 JAMESON AVE,04,1960,47,2026,2026-09-09,96.0,green,OP0028,AKELIUS CANADA LTD
4153025,182 JAMESON AVE,04,1965,82,2025,2025-11-25,85.0,green,OP0002,WOODGREEN COMMUNITY HOUSING INC.
4153026,189 DOWLING AVE,04,1917,10,2025,2025-06-19,79.0,yellow,OP0180,SMARTSELL MARKETING
4153027,1479 QUEEN ST W,04,1917,11,2024,2024-07-12,83.0,yellow,OP0180,SMARTSELL MARKETING
4153029,200 JAMESON AVE,04,1962,100,2025,2025-06-18,92.0,green,OP0030,DMS PROPERTY MANAGEMENT LTD.
4153030,149 JAMESON AVE,04,1910,48,2026,2026-09-01,88.0,green,OP0142,ECUHOME CORPORATION
4153031,157 JAMESON AVE,04,1965,66,2026,2026-09-01,71.0,yellow,OP0031,HAZELVIEW PROPERTY SERVICES INC
4153032,165 JAMESON AVE,04,1965,82,2025,2025-06-17,89.0,green,OP0031,HAZELVIEW PROPERTY SERVICES INC
4153033,169 JAMESON AVE,04,1957,72,2026,2026-09-03,81.0,yellow,OP0030,DMS PROPERTY MANAGEMENT LTD.
4153034,177 JAMESON AVE,04,1957,73,2026,2026-09-29,92.0,green,OP0055,MINTO PROPERTIES INC.
4153035,1387 QUEEN ST W,04,1910,23,2025,2025-06-20,91.0,green,OP0142,ECUHOME CORPORATION
4153036,1384 KING ST W,04,1916,18,2026,2026-07-21,80.0,yellow,OP0394,OWNER MANAGED
4153037,240 DUNN AVE,04,1992,72,2026,2026-09-30,94.0,green,OP0395,HOWARD & ASSOCIATES
4153038,1340 KING ST W,04,1890,16,2026,2026-07-29,100.0,green,OP0077,ANCHOR PROPERTY MANAGERS INC
4153040,12 ELM GROVE AVE,04,1968,33,2025,2025-06-23,91.0,green,OP0030,DMS PROPERTY MANAGEMENT LTD.
4153041,1 ELM GROVE AVE,04,1931,12,2026,2026-07-16,84.0,yellow,unattributed,
4153042,1 A ELM GROVE AVE,04,1957,12,2026,2026-07-23,79.0,yellow,unattributed,
4153043,3 ELM GROVE AVE,04,1931,12,2026,2026-07-27,93.0,green,OP0396,TGA MANAGEMENT SERVICES
4153045,118 RONCESVALLES AVE,04,1940,30,2025,2025-07-18,95.0,green,OP0028,AKELIUS CANADA LTD
4153046,83 INDIAN RD,04,1960,21,2025,2025-08-01,86.0,green,unattributed,
4153047,109 INDIAN RD,04,1970,38,2025,2025-07-17,96.0,green,OP0100,AKELIUS
4153049,246 RONCESVALLES AVE,04,1969,22,2026,2026-08-24,93.0,green,OP0233,LA VALETTE PROPERTY MANAGEMENT
4153050,244 RONCESVALLES AVE,04,1967,22,2026,2026-08-24,95.0,green,OP0116,N/A
4153051,310 RONCESVALLES AVE,04,1914,13,2025,2025-11-19,91.0,green,OP0084,ORCHARD PARK PROPERTY MANAGEMENT
4153052,320 RONCESVALLES AVE,04,1918,16,2025,2025-07-25,91.0,green,OP0084,ORCHARD PARK PROPERTY MANAGEMENT
4153053,470 RONCESVALLES AVE,04,1960,39,2025,2025-08-07,96.0,green,OP0031,HAZELVIEW PROPERTY SERVICES INC
4153054,515 PARKSIDE DR,04,1990,75,2025,2025-08-15,99.0,green,OP0234,LOYOLA ARRUPE CORPORATION
4153055,1709 BLOOR ST W,04,1992,80,2025,2025-08-14,99.0,green,OP0234,LOYOLA ARRUPE CORPORATION
4153056,1643 BLOOR ST W,04,1930,24,2026,2026-08-24,76.0,yellow,OP0039,BERKLEY PROPERTY MANAGEMENT INC.
4153057,1639 BLOOR ST W,04,1960,46,2026,2026-08-24,92.0,green,OP0022,GREENWIN CORP.
4153058,1585 BLOOR ST W,04,1930,48,2025,2025-08-15,92.0,green,unattributed,
4153059,34 NOBLE ST,04,1935,18,2025,2025-06-20,91.0,green,OP0037,COGIR REAL ESTATE
4153061,15 O'HARA AVE,04,1970,32,2026,2026-09-25,93.0,green,OP0132,KPM KINGSWAY PROPERTY MANAGEMENT
4153062,22 O'HARA AVE,04,1918,13,2026,2026-09-23,94.0,green,OP0023,TCH
4153063,20 WEST LODGE AVE,04,1959,299,2026,2026-09-17,87.0,green,OP0021,TORONTO COMMUNITY HOUSING CORPORATION
4153064,12 LANSDOWNE AVE,04,1979,26,2026,2026-08-26,90.0,green,OP0077,ANCHOR PROPERTY MANAGERS INC
4153065,10 LANSDOWNE AVE,04,1897,21,2024,2024-07-12,81.0,yellow,OP0042,NEIGHBOURS COMMUNITY HOMES
4153066,55 TRILLER AVE,04,1966,281,2024,2024-07-12,85.0,green,OP0024,METCAP LIVING MANAGEMENT INC.
4153067,59 RONCESVALLES AVE,04,1967,38,2025,2025-11-28,86.0,green,OP0397,ARISTOCRAT PROPERTY MANAGEMENT
4153068,150 FERMANAGH AVE,04,1952,66,2025,2025-07-18,94.0,green,OP0028,AKELIUS CANADA LTD
4153071,467 RONCESVALLES AVE,04,1920,15,2026,2026-09-04,93.0,green,OP0117,EZ PROPERTY MANAGEMENT LTD
4153072,469 RONCESVALLES AVE,04,1930,15,2025,2025-09-26,83.0,yellow,OP0398,1584062 ONTARIO LTD.
4153074,1505 DUNDAS ST W,09,1911,12,2025,2025-07-21,73.0,yellow,unattributed,
4153077,128 SHERIDAN AVE,09,1966,68,2026,2026-09-17,90.0,green,OP0031,HAZELVIEW PROPERTY SERVICES INC
4153093,10 DORA AVE,09,1995,134,2025,2025-07-14,97.0,green,OP0004,COMMUNITY FIRST DEVELOPMENTS INC.
4153094,767 DOVERCOURT RD,09,2008,19,2025,2025-07-16,94.0,green,OP0399,JDC PROPERTY MANAGEMENT INC.
4153095,220 DELAWARE AVE,09,1930,16,2025,2025-07-14,79.0,yellow,OP0235,IMTRADEX CORP
4153099,685 LANSDOWNE AVE,09,1985,30,2025,2025-07-11,80.0,yellow,OP0400,GBS PROPERTIES LTD.
4153101,973 LANSDOWNE AVE,09,2003,20,2025,2025-07-17,91.0,green,unattributed,
4153102,730 ST CLARENS AVE,09,1974,275,2026,2026-09-21,89.0,green,OP0028,AKELIUS CANADA LTD
4153103,1011 LANSDOWNE AVE,09,1973,352,2026,2026-09-09,86.0,green,OP0401,1298781 ONTARIO INC
4153106,223 OSLER ST,09,1992,13,2025,2025-06-18,81.0,yellow,OP0077,ANCHOR PROPERTY MANAGERS INC
4153107,1884 DAVENPORT RD,09,1978,186,2026,2026-09-22,92.0,green,OP0021,TORONTO COMMUNITY HOUSING CORPORATION
4153108,156 BRANDON AVE,09,,19,2025,2025-07-21,77.0,yellow,unattributed,
4153109,2 REGAL RD,09,1955,104,2025,2025-07-09,95.0,green,OP0025,STERLING KARAMAR PROPERTY MANAGEMENT
4153110,927 ST CLAIR AVE W,09,1929,23,2026,2026-08-26,90.0,green,OP0402,GA INVESTMENTS
4153111,925 ST CLAIR AVE W,09,1930,24,2026,2026-08-24,97.0,green,OP0143,MIRAMAR PROPERTY MANAGEMENT
4153112,923 ST CLAIR AVE W,09,1930,24,2025,2025-06-19,90.0,green,OP0143,MIRAMAR PROPERTY MANAGEMENT
4153113,921 ST CLAIR AVE W,09,1930,23,2025,2025-06-19,84.0,yellow,OP0143,MIRAMAR PROPERTY MANAGEMENT
4153114,917 ST CLAIR AVE W,09,1957,16,2026,2026-08-25,88.0,green,OP0236,HOLT MEADOW PROPERTY MANAGEMENT CORP.
4153115,109 GLENHOLME AVE,09,1930,15,2026,2026-09-10,89.0,green,OP0077,ANCHOR PROPERTY MANAGERS INC
4153116,1095 ST CLAIR AVE W,09,1951,11,2026,2026-07-13,93.0,green,unattributed,
4153117,6 A GREENLAW AVE,09,1993,44,2025,2025-07-09,92.0,green,OP0403,PROPERTY MANAGEMENT GATEWAY
4153120,25 BISHOP TUTU BLVD,10,1987,119,2026,2026-08-20,88.0,green,OP0021,TORONTO COMMUNITY HOUSING CORPORATION
4153124,679 QUEENS QUAY W,10,1988,106,2026,2026-08-19,94.0,green,OP0021,TORONTO COMMUNITY HOUSING CORPORATION
4153138,24 SHAW ST,10,1989,200,2026,2026-08-26,87.0,green,unattributed,
4153140,798 RICHMOND ST W,10,1970,525,2025,2025-07-25,89.0,green,OP0028,AKELIUS CANADA LTD
4153142,800 ADELAIDE ST W,10,1987,50,2026,2026-08-25,88.0,green,OP0076,HOMES FIRST SOCIETY
4153143,115 EUCLID AVE,10,1930,16,2026,2026-07-07,88.0,green,unattributed,
4153144,138 CLAREMONT ST,10,1994,18,2025,2025-08-12,90.0,green,OP0042,NEIGHBOURS COMMUNITY HOMES
4153145,10 BEACONSFIELD AVE,09,1932,11,2025,2025-07-11,91.0,green,OP0177,DSM INVESTMENT GROUP LIMITED
4153146,1182 QUEEN ST W,09,1915,25,2026,2026-07-13,54.0,red,unattributed,
4153147,255 DOVERCOURT RD,10,1912,16,2025,2025-08-12,85.0,green,OP0404,2153244 ONTARIO INC
4153148,1289 DUNDAS ST W,09,1986,149,2026,2026-08-07,98.0,green,OP0405,VILLA LUSO NON PROFIT HOUSING CORP
4153149,225 GLADSTONE AVE,09,1911,27,2025,2025-07-16,87.0,green,OP0406,GULBURG INC.
4153150,677 COLLEGE ST,11,1912,32,2026,2026-09-30,91.0,green,unattributed,
4153151,805 COLLEGE ST,11,1929,72,2026,2026-08-07,91.0,green,OP0083,AYKLER REAL ESTATE INC.
4153152,410 DOVERCOURT RD,09,1930,13,2026,2026-07-28,90.0,green,unattributed,
4153153,34 HEYDON PARK RD,09,1925,31,2026,2026-07-14,94.0,green,OP0037,COGIR REAL ESTATE
4153154,19-21 RUSHOLME RD,09,1940,11,2026,2026-09-23,95.0,green,OP0407,LVOV
4153155,14 RUSHOLME DR,09,1955,22,2025,2025-06-16,96.0,green,OP0027,SIGNET GROUP INC.
4153156,661 DUFFERIN ST,09,1967,112,2026,2026-09-24,96.0,green,OP0181,LOFT COMMUNITY SERVICES
4153157,72 CLINTON ST,11,1989,157,2025,2025-10-02,91.0,green,OP0021,TORONTO COMMUNITY HOUSING CORPORATION
4153158,1 HAVELOCK ST,09,1905,18,2025,2025-07-11,81.0,yellow,OP0408,HAVELOCK APARTMENTS
4153159,1044 COLLEGE ST,09,1930,43,2026,2026-09-03,83.0,yellow,OP0038,HANNAH PROPERTY MANAGEMENT LTD.
4153160,919 DUFFERIN ST,09,1971,113,2025,2025-07-17,91.0,green,OP0101,CLV GROUP
4153161,1121 BLOOR ST W,09,1926,11,2025,2025-07-15,90.0,green,OP0409,CHARLES DIEU
4153164,323 RUSHOLME RD,09,1968,226,2025,2025-06-16,87.0,green,OP0025,STERLING KARAMAR PROPERTY MANAGEMENT
4153165,1019 BLOOR ST W,09,1928,26,2026,2026-07-10,63.0,red,OP0012,DONROS DEVELOPMENTS LIMITED
4153166,730 DOVERCOURT RD,09,1967,356,2025,2025-07-16,97.0,green,OP0025,STERLING KARAMAR PROPERTY MANAGEMENT
4153168,496 MONTROSE AVE,11,1930,24,2025,2025-07-31,85.0,green,OP0069,LANDLORD PROPERTY & RENTAL MANAGEMENT INC
4153169,723 BLOOR ST W,11,1920,16,2026,2026-07-17,100.0,green,OP0037,COGIR REAL ESTATE
4153170,711 BLOOR ST W,11,1920,12,2026,2026-07-17,23.0,red,unattributed,
4153171,456 PALMERSTON BLVD,11,1904,32,2025,2025-08-18,81.0,yellow,unattributed,
4153172,532 PALMERSTON BLVD,11,1911,21,2025,2025-08-18,94.0,green,unattributed,
4153173,11 WALMER RD,11,1965,63,2025,2025-09-02,98.0,green,OP0410,CROMEWLL MANAGEMENT INC.
4153174,15 WALMER RD,11,1970,78,2025,2026-08-21,94.0,green,OP0411,WALMER BLOOR HOLDINGS INC
4153175,27 WALMER RD,11,1955,38,2026,2026-08-07,99.0,green,unattributed,
4153176,14 SPADINA RD,11,1972,103,2026,2026-10-06,98.0,green,OP0082,WIGWAMEN INCORPORATED
4153178,334 BLOOR ST W,11,1919,24,2026,2026-08-21,99.0,green,unattributed,
4153179,34 WALMER RD,11,1971,61,2026,2026-08-06,99.0,green,unattributed,
4153180,30 WALMER RD,11,1960,40,2025,2025-09-10,79.0,yellow,OP0096,PROPERTY SERVICES INC.
4153181,22 WALMER RD,11,1960,71,2026,2026-08-15,91.0,green,unattributed,
4153182,161 CHRISTIE ST,11,1965,15,2026,2026-07-31,91.0,green,OP0176,CANLIGHT MANAGEMENT INC.
4153183,38 BARTON AVE,11,1919,18,2025,2025-10-03,76.0,yellow,OP0085,CASTLEHILL PROPERTY MANAGEMENT
4153184,42 BARTON AVE,11,1929,24,2026,2026-07-28,100.0,green,OP0412,TYNDALLWOOD INVESTMENTS LTD
4153185,375 BRUNSWICK AVE,11,1960,63,2025,2025-10-02,70.0,yellow,unattributed,
4153186,50 WALMER RD,11,1958,35,2025,2025-09-11,90.0,green,OP0026,BRIARLANE RENTAL PROPERTY MANAGEMENT INC.
4153187,44 WALMER RD,11,1960,85,2026,2026-08-07,98.0,green,OP0039,BERKLEY PROPERTY MANAGEMENT INC.
4153188,40 WALMER RD,11,1961,33,2025,2025-09-11,90.0,green,OP0413,2114778 ONTARIO INC.
4153189,35 WALMER RD,11,1966,174,2025,2025-09-02,86.0,green,OP0025,STERLING KARAMAR PROPERTY MANAGEMENT
4153190,66 SPADINA RD,11,1965,75,2025,2025-08-18,91.0,green,OP0025,STERLING KARAMAR PROPERTY MANAGEMENT
4153192,68-72 SPADINA RD,11,1963,157,2026,2026-10-06,93.0,green,OP0025,STERLING KARAMAR PROPERTY MANAGEMENT
4153194,245 A HOWLAND AVE,11,1920,24,2026,2026-07-23,98.0,green,OP0080,SITELINE RESIDENTIAL MANAGEMENT INC.
4153195,399 DUPONT ST,11,1913,20,2026,2026-07-23,96.0,green,OP0102,QMW PROPERTIES INC.
4153196,2 VERMONT AVE,11,1900,16,2025,2025-08-21,69.0,red,OP0013,TSE IN TRUST
4153199,25 BEDFORD RD,11,2004,62,2026,2026-08-21,96.0,green,OP0144,FIRM CAPITAL
4153207,20 PRINCE ARTHUR AVE,11,1968,193,2026,2026-09-14,94.0,green,OP0052,HOLLYBURN PROPERTIES LTD
4153208,145 ST GEORGE ST,11,1960,130,2026,2026-08-25,94.0,green,OP0026,BRIARLANE RENTAL PROPERTY MANAGEMENT INC.
4153209,149 ST GEORGE ST,11,1968,48,2025,2025-09-10,88.0,green,unattributed,
4153210,151 ST GEORGE ST,11,1952,48,2026,2026-08-28,97.0,green,unattributed,
4153211,153 ST GEORGE ST,11,1962,48,2026,2026-08-28,94.0,green,OP0052,HOLLYBURN PROPERTIES LTD
4153212,85 LOWTHER AVE,11,1955,44,2024,2024-06-26,86.0,green,OP0026,BRIARLANE RENTAL PROPERTY MANAGEMENT INC.
4153213,50 PRINCE ARTHUR AVE,11,1968,149,2026,2026-09-04,96.0,green,unattributed,
4153214,485 HURON ST,11,1965,70,2024,2024-08-21,100.0,green,OP0050,CROMWELL MANAGEMENT INC.
4153215,25 MADISON AVE,11,1989,12,2025,2025-12-02,88.0,green,OP0021,TORONTO COMMUNITY HOUSING CORPORATION
4153217,59 SPADINA RD,11,1957,57,2026,2026-08-25,93.0,green,OP0414,SUMMERHILL PROPERTY MANAGEMENT
4153218,93-99 MADISON AVE,11,1907,17,2025,2025-08-01,90.0,green,OP0415,1652333 ONTARIO INC.
4153219,250 ST GEORGE ST,11,1969,64,2025,2025-09-12,90.0,green,OP0052,HOLLYBURN PROPERTIES LTD
4153220,224 ST GEORGE ST,11,1955,91,2026,2026-09-04,93.0,green,OP0052,HOLLYBURN PROPERTIES LTD
4153221,214 ST GEORGE ST,11,1957,68,2026,2026-09-14,93.0,green,OP0052,HOLLYBURN PROPERTIES LTD
4153222,206 ST GEORGE ST,11,1968,105,2025,2025-09-30,85.0,green,OP0145,BETTER LIVING HOMES INC.
4153223,161 ST GEORGE ST,11,1960,62,2025,2025-09-10,93.0,green,OP0037,COGIR REAL ESTATE
4153224,169 ST GEORGE ST,11,1956,52,2026,2026-08-27,98.0,green,OP0416,LIONSGATE COMMUNITIES CORP.
4153225,177 ST GEORGE ST,11,1964,58,2026,2026-08-27,96.0,green,OP0037,COGIR REAL ESTATE
4153226,191 ST GEORGE ST,11,1967,105,2025,2025-09-11,76.0,yellow,OP0417,APLOMB PROPERTIES INC
4153229,18 DAVENPORT RD,11,1980,128,2026,2026-09-14,98.0,green,OP0021,TORONTO COMMUNITY HOUSING CORPORATION
4153230,50 HILLSBORO AVE,11,1965,196,2026,2026-09-15,94.0,green,OP0026,BRIARLANE RENTAL PROPERTY MANAGEMENT INC.
4153231,138 PEARS AVE,11,1972,96,2025,2025-08-18,77.0,yellow,OP0146,ST. CLARE'S MULTIFAITH HOUSING SOCIETY
4153232,267 ST GEORGE ST,11,1958,63,2025,2025-09-11,91.0,green,OP0026,BRIARLANE RENTAL PROPERTY MANAGEMENT INC.
4153233,277-283 ST GEORGE ST,11,1971,74,2025,2025-09-10,85.0,green,OP0418,720745 ONTARIO INC.
4153234,88 BERNARD AVE,11,1966,82,2026,2026-09-22,92.0,green,OP0147,"ATLANTIS REALTY SERVICES, INC."
4153235,661 HURON ST,11,1918,15,2026,2026-07-17,81.0,yellow,OP0148,DASH PROPERTY MANAGEMENT
4153236,280 ST GEORGE ST,11,1967,85,2025,2025-09-08,86.0,green,OP0046,WESTDALE PROPERTIES
4153237,276 ST GEORGE ST,11,1965,88,2026,2026-09-03,96.0,green,OP0050,CROMWELL MANAGEMENT INC.
4153300,155 KENDAL AVE,12,1992,59,2026,2026-08-06,96.0,green,OP0022,GREENWIN CORP.
4153334,339 ALBANY AVE,12,1993,42,2025,2025-07-18,95.0,green,OP0181,LOFT COMMUNITY SERVICES
4153335,470 MELITA CRES,12,1980,37,2026,2026-06-09,90.0,green,OP0021,TORONTO COMMUNITY HOUSING CORPORATION
4153336,2 LAMBERTLODGE AVE,12,1983,64,2025,2025-11-26,91.0,green,OP0021,TORONTO COMMUNITY HOUSING CORPORATION
4153337,1060 DAVENPORT RD,12,1992,10,2025,2025-11-06,82.0,yellow,OP0042,NEIGHBOURS COMMUNITY HOMES
4153338,11 WINONA DR,12,1987,150,2026,2026-07-15,97.0,green,OP0419,HELLENIC HOME FOR THE AGED INC.
4153339,640 DAVENPORT RD,12,1967,25,2026,2026-07-15,95.0,green,OP0147,"ATLANTIS REALTY SERVICES, INC."
4153340,345 ST CLAIR AVE W,12,1920,15,2025,2025-09-09,87.0,green,OP0143,MIRAMAR PROPERTY MANAGEMENT
4153341,341 ST CLAIR AVE W,12,1920,10,2026,2026-06-26,87.0,green,OP0069,LANDLORD PROPERTY & RENTAL MANAGEMENT INC
4153342,355 ST CLAIR AVE W,12,1969,168,2025,2025-09-09,99.0,green,OP0029,CAPREIT
4153343,1435 BATHURST ST,12,1916,15,2025,2025-07-28,76.0,yellow,OP0237,ZERIN DEVELOPMENT CORPORATION
4153344,497 ST CLAIR AVE W,12,1930,19,2025,2025-07-28,82.0,yellow,OP0237,ZERIN DEVELOPMENT CORPORATION
4153345,1400 BATHURST ST,12,1993,113,2025,2025-08-26,99.0,green,OP0023,TCH
4153347,607 ST CLAIR AVE W,12,1989,14,2026,2026-06-25,96.0,green,OP0420,STREET HAVEN
4153348,599 ST CLAIR AVE W,12,1920,16,2025,2025-09-12,82.0,yellow,unattributed,
4153349,707 ST CLAIR AVE W,12,1982,130,2026,2026-08-12,97.0,green,OP0238,ST MATTHEWS BRACONDALE HOUSE
4153350,747 ST CLAIR AVE W,12,1986,97,2025,2025-09-12,93.0,green,OP0118,AYKLER MANAGEMENT
4153351,781 ST CLAIR AVE W,12,1921,20,2026,2026-07-06,90.0,green,OP0421,781 BIRCH PROPERTIES INC
4153353,55 HENDRICK AVE,12,1956,29,2026,2026-08-06,91.0,green,OP0028,AKELIUS CANADA LTD
4153354,795 ST CLAIR AVE W,12,1929,19,2025,2026-08-04,94.0,green,OP0422,PAIN REHABILITATION CLINIC INC.
4153355,291 AVENUE RD,12,1956,96,2026,2026-08-12,97.0,green,OP0423,HABOSH INVESTMENTS INC.
4153356,425 AVENUE RD,12,1965,47,2026,2026-08-11,96.0,green,OP0047,O'SHANTER DEVELOPMENT COMPANY LTD.
4153357,49 ST CLAIR AVE W,12,1930,34,2026,2026-06-30,92.0,green,OP0028,AKELIUS CANADA LTD
4153358,320 AVENUE RD,12,1925,24,2026,2026-08-11,96.0,green,unattributed,
4153359,7 EDMUND AVE,12,1928,68,2025,2025-11-14,90.0,green,OP0001,TRIVEST DEVELOPMENTS CORPORATION
4153360,398 AVENUE RD,12,1937,39,2026,2026-08-25,97.0,green,OP0050,CROMWELL MANAGEMENT INC.
4153361,396 AVENUE RD,12,1931,51,2026,2026-08-25,98.0,green,OP0050,CROMWELL MANAGEMENT INC.
4153362,394 AVENUE RD,12,1931,41,2025,2025-08-27,93.0,green,OP0050,CROMWELL MANAGEMENT INC.
4153363,342 AVENUE RD,12,1925,24,2026,2026-07-22,94.0,green,unattributed,
4153364,340 AVENUE RD,12,1925,24,2026,2026-07-22,97.0,green,unattributed,
4153366,400 AVENUE RD,12,1926,40,2026,2026-07-22,91.0,green,OP0038,HANNAH PROPERTY MANAGEMENT LTD.
4153367,159 RUSSELL HILL RD,12,1957,18,2025,2025-07-17,97.0,green,OP0043,PINEDALE PROPERTIES LTD
4153369,221 RUSSELL HILL RD,12,1959,18,2026,2026-07-23,99.0,green,OP0043,PINEDALE PROPERTIES LTD
4153370,263 RUSSELL HILL RD,12,1960,52,2026,2026-07-24,93.0,green,OP0028,AKELIUS CANADA LTD
4153371,265 RUSSELL HILL RD,12,1960,48,2025,2025-08-27,86.0,green,OP0028,AKELIUS CANADA LTD
4153372,82 WARREN RD,12,1965,49,2026,2026-08-13,95.0,green,OP0025,STERLING KARAMAR PROPERTY MANAGEMENT
4153373,2 CLARENDON AVE,12,1929,49,2025,2025-08-08,97.0,green,OP0050,CROMWELL MANAGEMENT INC.
4153374,160 BALMORAL AVE,12,1965,89,2025,2025-11-14,94.0,green,OP0182,GLEN CORPORATION
4153375,268 POPLAR PLAINS RD,12,1959,59,2025,2025-11-13,88.0,green,OP0036,RANEE MANAGEMENT
4153376,350 QUEENS QUAY W,10,1987,305,2026,2026-09-03,98.0,green,OP0026,BRIARLANE RENTAL PROPERTY MANAGEMENT INC.
4153377,50 PORTLAND ST,10,2005,232,2026,2026-08-27,96.0,green,OP0103,MORGUARD CORPORATION
4153378,575 ADELAIDE ST W,10,1983,150,2026,2026-09-15,94.0,green,OP0021,TORONTO COMMUNITY HOUSING CORPORATION
4153379,525 RICHMOND ST W,10,2003,103,2026,2026-09-11,94.0,green,unattributed,
4153380,163 PORTLAND ST,10,1991,46,2026,2026-09-11,95.0,green,OP0239,PAR-MED PROPERTY SERVICES INC.
4153381,55 THE ESPLANADE,10,1983,166,2025,2025-07-25,80.0,yellow,OP0021,TORONTO COMMUNITY HOUSING CORPORATION
4153382,85 THE ESPLANADE,10,1997,128,2025,2025-07-21,93.0,green,OP0104,AFFORDABLE PROPERTY MANAGEMENT
4153385,25 HENRY LANE TER,10,1979,196,2025,2025-07-29,77.0,yellow,OP0021,TORONTO COMMUNITY HOUSING CORPORATION
4153386,171 FRONT ST E,13,1982,61,2025,2025-11-10,93.0,green,OP0021,TORONTO COMMUNITY HOUSING CORPORATION
4153389,110 THE ESPLANADE,13,1993,205,2026,2026-09-09,91.0,green,OP0104,AFFORDABLE PROPERTY MANAGEMENT
4153394,90 ADELAIDE ST E,13,1980,60,2025,2025-07-31,92.0,green,OP0032,PARK PROPERTY MANAGEMENT INC.
4153395,147 QUEEN ST E,13,1900,76,2025,2025-11-13,95.0,green,OP0240,FRED VICTOR CENTRE
4153396,60 RICHMOND ST E,13,1990,50,2026,2026-08-17,90.0,green,OP0424,CO-OPERATIVE HOUSING FEDERATION OF TORONTO
4153397,248 SIMCOE ST,10,1991,53,2026,2026-09-14,95.0,green,OP0021,TORONTO COMMUNITY HOUSING CORPORATION
4153399,20 ST PATRICK ST,10,1982,256,2026,2026-09-14,91.0,green,OP0136,FIDELITY PROPERTY MANAGEMENT LTD
4153400,190 JOHN ST,10,1992,26,2026,2026-08-27,93.0,green,OP0021,TORONTO COMMUNITY HOUSING CORPORATION
4153401,168 JOHN ST,10,1979,180,2025,2025-07-29,94.0,green,OP0021,TORONTO COMMUNITY HOUSING CORPORATION
4153402,22 MC CAUL ST,10,1991,139,2025,2025-07-23,81.0,yellow,OP0021,TORONTO COMMUNITY HOUSING CORPORATION
4153403,50 STEPHANIE ST,10,1966,284,2025,2025-07-25,80.0,yellow,OP0183,BERNADA PROPERTIES
4153404,11 SULLIVAN ST,10,1923,17,2026,2026-09-22,91.0,green,OP0023,TCH
4153406,15 LARCH ST,10,1993,20,2026,2026-09-23,88.0,green,OP0023,TCH
4153407,76 GRANGE AVE,10,1993,11,2025,2025-07-28,80.0,yellow,OP0023,TCH
4153408,91 AUGUSTA AVE,10,1968,257,2025,2025-07-25,86.0,green,OP0021,TORONTO COMMUNITY HOUSING CORPORATION
4153409,164 GRANGE AVE,10,1970,24,2025,2025-07-29,71.0,yellow,OP0425,GRANGE APARTMENTS INC.
4153412,123 D'ARCY ST,11,1985,24,2025,2025-09-22,88.0,green,OP0426,583647 ONTARIO LIMITED
4153413,222 ELM ST,11,1970,268,2024,2024-06-21,83.0,yellow,OP0025,STERLING KARAMAR PROPERTY MANAGEMENT
4153414,2 MURRAY ST,11,1961,86,2026,2026-10-01,91.0,green,OP0427,DEEP QUONGG COMMUNITY FUND INC
4153415,200 ELM ST,11,1961,120,2024,2024-06-21,86.0,green,OP0025,STERLING KARAMAR PROPERTY MANAGEMENT
4153416,25 LEONARD AVE,11,1960,77,2025,2026-08-21,96.0,green,OP0146,ST. CLARE'S MULTIFAITH HOUSING SOCIETY
4153417,87 BELLEVUE AVE,11,1885,28,2025,2025-09-22,76.0,yellow,OP0076,HOMES FIRST SOCIETY
4153418,99 BELLEVUE AVE,11,1988,16,2026,2026-07-17,72.0,yellow,OP0428,FV PROPERTY MANAGEMENT
4153419,34 OXFORD ST,11,1979,189,2025,2025-08-18,89.0,green,OP0021,TORONTO COMMUNITY HOUSING CORPORATION
4153420,162 HURON ST,11,1903,18,2026,2026-07-16,97.0,green,OP0429,1771105 ONTARIO LTD
4153421,160 HURON ST,11,1805,69,2026,2026-07-16,98.0,green,OP0028,AKELIUS CANADA LTD
4153422,25 MUTUAL ST,13,1983,97,2026,2026-07-22,95.0,green,OP0022,GREENWIN CORP.
4153423,167 CHURCH ST,13,2005,388,2025,2025-11-19,99.0,green,OP0184,CONCERT REALTY SERVICES LTD.
4153430,49 MUTUAL ST,13,1918,20,2026,2026-07-22,87.0,green,OP0002,WOODGREEN COMMUNITY HOUSING INC.
4153431,90 SHUTER ST,13,1983,77,2024,2024-06-27,92.0,green,OP0076,HOMES FIRST SOCIETY
4153434,200 SHERBOURNE ST,13,1978,174,2025,2026-07-13,92.0,green,OP0021,TORONTO COMMUNITY HOUSING CORPORATION
4153435,77 PEMBROKE ST,13,1896,16,2026,2026-08-12,74.0,yellow,OP0024,METCAP LIVING MANAGEMENT INC.
4153436,95 PEMBROKE ST,13,1885,19,2025,2025-10-22,74.0,yellow,OP0024,METCAP LIVING MANAGEMENT INC.
4153437,181-183 GERRARD ST E,13,1930,22,2025,2025-12-05,91.0,green,OP0069,LANDLORD PROPERTY & RENTAL MANAGEMENT INC
4153439,266 SHERBOURNE ST,13,1974,121,2026,2026-07-30,84.0,yellow,OP0241,BRADLEY COURT LTD.
4153440,262 SHERBOURNE ST,13,1838,12,2025,2025-10-24,91.0,green,unattributed,
4153441,260 SHERBOURNE ST,13,1809,10,2026,2026-07-30,86.0,green,unattributed,
4153442,256 SHERBOURNE ST,13,1955,23,2025,2025-10-24,90.0,green,OP0242,SPICECART PROPERTY MANAGEMENT
4153443,280 DUNDAS ST E,13,1973,241,2026,2026-09-28,90.0,green,OP0241,BRADLEY COURT LTD.
4153444,291 GEORGE ST,13,1986,132,2025,2025-06-30,92.0,green,OP0021,TORONTO COMMUNITY HOUSING CORPORATION
4153445,100 PEMBROKE ST,13,1973,102,2025,2025-11-06,84.0,yellow,OP0430,RAINBOW MANAGEMENT INC
4153446,80-82 PEMBROKE ST,13,1920,11,2025,2025-11-04,93.0,green,OP0431,AYKLER & CO REALTY
4153448,70 PEMBROKE ST,13,1990,15,2026,2026-08-12,82.0,yellow,OP0432,ONTARIO PROPERTY MANAGEMENT GROUP INC.
4153450,269 JARVIS ST,13,1992,75,2026,2026-08-18,91.0,green,OP0243,HOUSES OPENING TODAY TORONTO INC.
4153453,368 GEORGE ST,13,1939,16,2026,2026-09-08,86.0,green,unattributed,
4153454,145 MUTUAL ST,13,1985,145,2025,2025-09-29,82.0,yellow,OP0022,GREENWIN CORP.
4153455,177 MUTUAL ST,13,1991,42,2026,2026-09-08,74.0,yellow,OP0433,MYRMEX NON-PROFIT HOUSING
4153456,262 JARVIS ST,13,1929,72,2025,2025-06-30,100.0,green,OP0027,SIGNET GROUP INC.
4153457,80 DUNDAS ST E,13,1995,138,2025,2025-10-06,92.0,green,OP0007,RICHMOND COMMUNITY MANAGEMENT SERVICES CORP.
4153458,110 EDWARD ST,11,2011,50,2025,2025-10-02,88.0,green,OP0185,YWCA TORONTO
4153460,25 ELM ST,11,1985,101,2026,2026-10-05,98.0,green,OP0021,TORONTO COMMUNITY HOUSING CORPORATION
4153461,40 GERRARD ST E,13,1969,447,2026,2026-07-06,82.0,yellow,OP0137,MAPLE LEAF PROPERTY MANAGEMENT
4153462,423 YONGE ST,13,1970,340,2026,2026-08-17,89.0,green,OP0021,TORONTO COMMUNITY HOUSING CORPORATION
4153463,378 MARKHAM ST,11,1900,17,2026,2026-07-30,95.0,green,OP0039,BERKLEY PROPERTY MANAGEMENT INC.
4153465,481 PALMERSTON BLVD,11,1907,11,2025,2025-08-18,87.0,green,unattributed,
4153467,666 SPADINA AVE,11,1971,336,2026,2026-09-09,97.0,green,OP0050,CROMWELL MANAGEMENT INC.
4153468,710 SPADINA AVE,11,1959,62,2025,2025-08-18,87.0,green,OP0434,CAMDEN PROPERTY MANAGEMENT
4153469,341 BLOOR ST W,11,1980,326,2025,2026-10-06,92.0,green,OP0021,TORONTO COMMUNITY HOUSING CORPORATION
4153470,1 HOMEWOOD AVE,13,1940,67,2026,2026-07-30,91.0,green,OP0057,NORTH 44 PROPERTY MANAGEMENT INC
4153471,155 WELLESLEY ST E,13,1966,118,2025,2025-11-14,97.0,green,OP0024,METCAP LIVING MANAGEMENT INC.
4153472,392 SHERBOURNE ST,13,1963,128,2024,2024-09-10,81.0,yellow,OP0031,HAZELVIEW PROPERTY SERVICES INC
4153473,172 CARLTON ST,13,1988,25,2025,2025-11-14,88.0,green,OP0042,NEIGHBOURS COMMUNITY HOMES
4153474,166 CARLTON ST,13,1960,92,2025,2025-11-18,98.0,green,OP0026,BRIARLANE RENTAL PROPERTY MANAGEMENT INC.
4153475,437 JARVIS ST,13,1960,76,2026,2026-08-30,83.0,yellow,OP0435,683927 ONTARIO LIMITED
4153476,140 CARLTON ST,13,1973,375,2026,2026-08-30,88.0,green,OP0058,WJ PROPERTIES
4153477,134 CARLTON ST,13,1927,35,2025,2025-11-14,92.0,green,unattributed,
4153478,330 JARVIS ST,13,1995,82,2026,2026-08-12,97.0,green,OP0021,TORONTO COMMUNITY HOUSING CORPORATION
4153479,95 WOOD ST,13,1993,72,2026,2026-07-30,96.0,green,OP0022,GREENWIN CORP.
4153480,84 CARLTON ST,13,1994,154,2026,2026-07-09,92.0,green,OP0118,AYKLER MANAGEMENT
4153484,32 GRENVILLE ST,13,1900,50,2025,2025-11-18,100.0,green,OP0181,LOFT COMMUNITY SERVICES
4153486,100 ALEXANDER ST,13,1968,96,2025,2025-11-07,94.0,green,OP0105,COLONIA TREUHAND MANAGEMENT INC.
4153487,33 MAITLAND ST,13,1923,37,2025,2025-10-02,81.0,yellow,OP0436,MELBOURNE PROPERTY MANAGEMENT
4153488,25 WELLESLEY ST E,13,1979,47,2025,2025-11-14,87.0,green,OP0070,BEAUX PROPERTIES MANAGEMENT
4153492,58 MAITLAND ST,13,1928,45,2024,2024-06-05,88.0,green,OP0134,LIVING PROPERTIES INC.
4153493,56 MAITLAND ST,13,1928,47,2025,2025-10-07,79.0,yellow,OP0028,AKELIUS CANADA LTD
4153494,54 MAITLAND ST,13,1927,45,2025,2025-10-07,78.0,yellow,OP0028,AKELIUS CANADA LTD
4153495,42 MAITLAND ST,13,1909,27,2025,2025-10-07,87.0,green,OP0031,HAZELVIEW PROPERTY SERVICES INC
4153496,77 WELLESLEY ST E,13,1926,30,2025,2025-11-14,92.0,green,OP0024,METCAP LIVING MANAGEMENT INC.
4153497,85 WELLESLEY ST E,13,1965,88,2024,2024-09-15,78.0,yellow,OP0068,HAZELVIEW PROPERTIES
4153498,91 WELLESLEY ST E,13,1960,61,2025,2025-11-14,92.0,green,unattributed,
4153499,460 JARVIS ST,13,1991,212,2026,2026-08-24,88.0,green,OP0021,TORONTO COMMUNITY HOUSING CORPORATION
4153501,100 MAITLAND ST,13,1965,102,2025,2025-11-12,93.0,green,OP0046,WESTDALE PROPERTIES
4153502,125 EARL PL,13,1918,15,2025,2026-09-11,87.0,green,unattributed,
4153503,135 EARL PL,13,1898,15,2025,2025-12-14,85.0,green,OP0437,CAMDEN
4153504,138 WELLESLEY ST E,13,1928,26,2025,2025-11-06,94.0,green,OP0186,965441 ONTARIO LIMITED
4153505,110 WELLESLEY ST E,13,1931,48,2026,2026-08-25,93.0,green,OP0100,AKELIUS
4153506,83 GLOUCESTER ST,13,1940,27,2025,2025-11-20,88.0,green,OP0001,TRIVEST DEVELOPMENTS CORPORATION
4153507,510 JARVIS ST,13,1888,16,2024,2024-09-25,96.0,green,OP0438,EICHLER MANAGEMENT GROUP
4153508,100 WELLESLEY ST E,13,1968,427,2025,2025-11-14,89.0,green,OP0029,CAPREIT
4153509,88 WELLESLEY ST E,13,1960,71,2025,2025-11-25,95.0,green,OP0039,BERKLEY PROPERTY MANAGEMENT INC.
4153510,80 WELLESLEY ST E,13,1963,76,2025,2025-11-14,88.0,green,OP0024,METCAP LIVING MANAGEMENT INC.
4153511,41 DUNDONALD ST,13,1968,107,2024,2024-08-13,80.0,yellow,OP0068,HAZELVIEW PROPERTIES
4153512,49 DUNDONALD ST,13,1917,32,2026,2026-09-10,85.0,green,OP0086,IMPERRA GENERAL MANAGEMENT
4153513,64 WELLESLEY ST E,13,1929,60,2025,2025-11-14,74.0,yellow,OP0439,TRIBE MANAGEMENT INC.
4153514,15 DUNDONALD ST,13,1970,172,2026,2026-09-15,91.0,green,OP0024,METCAP LIVING MANAGEMENT INC.
4153515,21 ST JOSEPH ST,13,1994,35,2025,2025-11-18,97.0,green,OP0021,TORONTO COMMUNITY HOUSING CORPORATION
4153516,57 CHARLES ST W,11,1977,250,2025,2025-10-02,89.0,green,OP0119,QUADREAL PROPERTY GROUP
4153517,55 CHARLES ST W,11,1981,147,2025,2025-10-02,84.0,yellow,OP0149,AZURIA GROUP INCORPORATED
4153518,16 ST JOSEPH ST,13,1927,37,2025,2025-11-18,89.0,green,OP0100,AKELIUS
4153519,26 ST JOSEPH ST,13,1920,65,2025,2025-11-18,95.0,green,OP0244,SK PROPERTIES & DEVELOPMENT INC
4153521,135 ISABELLA ST,13,1960,79,2026,2026-09-15,82.0,yellow,OP0039,BERKLEY PROPERTY MANAGEMENT INC.
4153522,137 ISABELLA ST,13,1960,56,2025,2025-06-30,95.0,green,OP0043,PINEDALE PROPERTIES LTD
4153523,540 SHERBOURNE ST,13,1967,95,2026,2026-07-22,82.0,yellow,OP0145,BETTER LIVING HOMES INC.
4153524,50 EARL ST,13,1993,22,2025,2025-11-07,91.0,green,OP0076,HOMES FIRST SOCIETY
4153525,40 EARL ST,13,1929,39,2024,2024-08-02,94.0,green,OP0145,BETTER LIVING HOMES INC.
4153526,10 HUNTLEY ST,13,1960,116,2025,2025-11-20,96.0,green,OP0182,GLEN CORPORATION
4153527,81 ISABELLA ST,13,1928,48,2025,2025-06-19,96.0,green,OP0028,AKELIUS CANADA LTD
4153528,89 ISABELLA ST,13,1959,76,2026,2026-08-19,90.0,green,OP0027,SIGNET GROUP INC.
4153529,105 ISABELLA ST,13,1960,221,2025,2025-11-21,92.0,green,OP0024,METCAP LIVING MANAGEMENT INC.
4153530,100 GLOUCESTER ST,13,1960,212,2026,2026-09-29,96.0,green,OP0024,METCAP LIVING MANAGEMENT INC.
4153531,33 ISABELLA ST,13,1975,419,2025,2025-07-04,96.0,green,OP0050,CROMWELL MANAGEMENT INC.
4153532,55 ISABELLA ST,13,1965,82,2025,2025-07-04,93.0,green,OP0050,CROMWELL MANAGEMENT INC.
4153533,59 ISABELLA ST,13,1963,101,2025,2025-06-20,87.0,green,OP0187,FALCONWIN PROPERTY MANAGEMENT
4153534,608 CHURCH ST,13,1910,35,2025,2025-11-19,95.0,green,OP0037,COGIR REAL ESTATE
4153535,60 GLOUCESTER ST,13,1960,77,2026,2026-08-31,92.0,green,OP0052,HOLLYBURN PROPERTIES LTD
4153536,50 GLOUCESTER ST,13,1928,35,2024,2024-06-17,91.0,green,OP0028,AKELIUS CANADA LTD
4153537,25 ST MARY ST,13,1965,260,2024,2024-07-09,92.0,green,OP0026,BRIARLANE RENTAL PROPERTY MANAGEMENT INC.
4153540,66 ISABELLA ST,13,2016,411,2026,2026-09-22,97.0,green,OP0032,PARK PROPERTY MANAGEMENT INC.
4153541,48 ISABELLA ST,13,1960,84,2025,2025-06-16,95.0,green,OP0052,HOLLYBURN PROPERTIES LTD
4153542,42 ISABELLA ST,13,1955,24,2026,2026-08-25,95.0,green,unattributed,
4153544,108 ISABELLA ST,13,1959,262,2024,2024-06-26,89.0,green,OP0032,PARK PROPERTY MANAGEMENT INC.
4153545,96 ISABELLA ST,13,1917,28,2025,2025-06-19,87.0,green,OP0086,IMPERRA GENERAL MANAGEMENT
4153547,44 HUNTLEY ST,13,1915,26,2026,2026-09-12,98.0,green,OP0039,BERKLEY PROPERTY MANAGEMENT INC.
4153548,77 HUNTLEY ST,13,1973,561,2025,2025-11-20,97.0,green,OP0120,RPMS
4153551,30 CHARLES ST E,11,1915,21,2026,2026-08-05,64.0,red,OP0014,14792670 CANADA INC
4153552,841 QUEEN ST E,14,1988,36,2026,2026-07-20,69.0,red,OP0002,WOODGREEN COMMUNITY HOUSING INC.
4153553,58 LEWIS ST,14,1987,15,2025,2025-10-02,91.0,green,OP0002,WOODGREEN COMMUNITY HOUSING INC.
4153554,33 HAHN PL,10,1980,135,2025,2025-07-29,84.0,yellow,OP0440,LES CENTRES D'ACCUEIL HERITAGE (OWNS AND MANAGES BLDG CAH IS NOT A PROPERTY MNGMT CO)
4153556,5 HAHN PL,10,1980,32,2026,2026-09-29,87.0,green,OP0441,ST CLARE'S MULTIFAITH HOUSING
4153559,15 SCADDING AVE,10,1982,251,2025,2025-07-24,84.0,yellow,OP0021,TORONTO COMMUNITY HOUSING CORPORATION
4153560,31 PRINCESS ST,13,1994,82,2026,2026-09-29,94.0,green,OP0442,KRAL PROPERTY MANAGEMENT INC.
4153565,101 ONTARIO ST,13,2005,52,2025,2025-10-23,92.0,green,unattributed,
4153566,540 QUEEN ST E,13,1984,44,2025,2025-11-06,93.0,green,OP0023,TCH
4153567,123 SACKVILLE ST,13,1985,20,2024,2024-06-21,81.0,yellow,OP0021,TORONTO COMMUNITY HOUSING CORPORATION
4153568,205 PARLIAMENT ST,13,1992,16,2024,2024-09-30,97.0,green,OP0007,RICHMOND COMMUNITY MANAGEMENT SERVICES CORP.
4153569,319 DUNDAS ST E,13,1988,60,2025,2025-10-23,64.0,red,OP0007,RICHMOND COMMUNITY MANAGEMENT SERVICES CORP.
4153571,210 OAK ST,13,1969,260,2026,2026-07-09,74.0,yellow,unattributed,
4153572,310 DUNDAS ST E,13,1980,155,2025,2025-12-05,94.0,green,OP0021,TORONTO COMMUNITY HOUSING CORPORATION
4153573,251 SHERBOURNE ST,13,1975,200,2025,2026-07-13,88.0,green,OP0021,TORONTO COMMUNITY HOUSING CORPORATION
4153574,330 DUNDAS ST E,13,1991,29,2025,2025-10-07,90.0,green,OP0042,NEIGHBOURS COMMUNITY HOMES
4153576,859 DUNDAS ST E,14,1973,29,2025,2025-12-01,96.0,green,OP0021,TORONTO COMMUNITY HOUSING CORPORATION
4153577,179 BROADVIEW AVE,14,1992,41,2026,2026-08-04,85.0,green,OP0042,NEIGHBOURS COMMUNITY HOMES
4153578,230 RIVER ST,13,1961,25,2025,2025-11-06,96.0,green,OP0023,TCH
4153579,434 GERRARD ST E,13,1891,16,2025,2025-10-17,94.0,green,OP0076,HOMES FIRST SOCIETY
4153580,26 GIFFORD ST,13,1930,15,2025,2025-06-19,81.0,yellow,unattributed,
4153581,330 GERRARD ST E,13,1976,81,2026,2026-09-28,85.0,green,OP0021,TORONTO COMMUNITY HOUSING CORPORATION
4153582,280 GERRARD ST E,13,1991,26,2025,2025-11-18,90.0,green,OP0443,YONGE STREET MISSION
4153583,317 SHERBOURNE ST,13,1931,38,2025,2025-12-04,89.0,green,OP0139,WESTSIDE STOREYS LIMITED
4153584,321 SHERBOURNE ST,13,1960,67,2025,2025-10-30,90.0,green,OP0031,HAZELVIEW PROPERTY SERVICES INC
4153585,55 BLEECKER ST,13,1980,260,2025,2025-06-30,95.0,green,OP0021,TORONTO COMMUNITY HOUSING CORPORATION
4153586,510 ONTARIO ST,13,1880,13,2024,2024-08-02,75.0,yellow,unattributed,
4153587,383 SHERBOURNE ST,13,1910,32,2024,2024-06-28,79.0,yellow,OP0037,COGIR REAL ESTATE
4153588,391 SHERBOURNE ST,13,1920,48,2026,2026-08-20,100.0,green,OP0037,COGIR REAL ESTATE
4153589,433 SHERBOURNE ST,13,1934,48,2025,2025-11-03,96.0,green,OP0444,1281618 ONTARIO LIMITED
4153590,435 SHERBOURNE ST,13,1934,48,2026,2026-08-06,93.0,green,OP0445,1336062 ONTARIO LTD
4153592,2 PROSPECT ST,13,1910,15,2026,2026-08-21,18.0,red,OP0009,CATERINA PROPERTIES INCORPORATED
4153593,730 ONTARIO ST,13,1967,279,2026,2026-08-12,83.0,yellow,OP0036,RANEE MANAGEMENT
4153594,700 ONTARIO ST,13,1967,279,2026,2026-08-12,76.0,yellow,OP0036,RANEE MANAGEMENT
4153595,666 ONTARIO ST,13,1965,231,2026,2026-09-22,86.0,green,OP0022,GREENWIN CORP.
4153596,222 WELLESLEY ST E,13,1963,69,2024,2024-07-09,88.0,green,OP0025,STERLING KARAMAR PROPERTY MANAGEMENT
4153597,214 WELLESLEY ST E,13,1923,38,2025,2025-11-04,89.0,green,OP0446,214 WELLESLEY HOLDINGS LIMITED
4153598,77 HOWARD ST,13,1969,381,2025,2025-11-25,96.0,green,OP0121,WELLESLEY PARLIAMENT SQUARE LTD.
4153599,99 HOWARD ST,13,1964,239,2025,2025-11-25,95.0,green,OP0035,MEDALLION CORPORATION
4153600,670 PARLIAMENT ST,13,1964,239,2026,2026-09-08,92.0,green,OP0035,MEDALLION CORPORATION
4153601,650 PARLIAMENT ST,13,1969,568,2025,2025-11-13,86.0,green,OP0121,WELLESLEY PARLIAMENT SQUARE LTD.
4153602,135 ROSE AVE,13,1964,239,2025,2025-10-16,73.0,yellow,OP0035,MEDALLION CORPORATION
4153603,451 BLOOR ST E,13,1948,41,2025,2025-06-30,97.0,green,OP0117,EZ PROPERTY MANAGEMENT LTD
4153604,569 BROADVIEW AVE,14,1929,48,2026,2026-08-04,92.0,green,OP0078,HAZELVIEW PROPERTIES SERVICES INC.
4153605,9 TENNIS CRES,14,1931,54,2025,2025-06-20,96.0,green,OP0078,HAZELVIEW PROPERTIES SERVICES INC.
4153606,10 HOGARTH AVE,14,1968,287,2025,2025-06-27,95.0,green,OP0049,M&R PROPERTY MANAGEMENT
4153607,655 BROADVIEW AVE,14,1968,291,2026,2026-07-24,91.0,green,OP0049,M&R PROPERTY MANAGEMENT
4153608,717 BROADVIEW AVE,14,1972,69,2026,2026-08-05,98.0,green,OP0021,TORONTO COMMUNITY HOUSING CORPORATION
4153609,648 BROADVIEW AVE,14,1910,11,2026,2026-08-24,71.0,yellow,OP0447,MONTCREST SCHOOL
4153610,33 EASTMOUNT AVE,14,1965,200,2025,2025-07-16,98.0,green,OP0029,CAPREIT
4153612,818 BROADVIEW AVE,14,1950,31,2026,2026-08-06,91.0,green,OP0245,TOBIS INVESTMENTS INC.
4153613,812 BROADVIEW AVE,14,1950,24,2025,2025-11-06,69.0,red,OP0001,TRIVEST DEVELOPMENTS CORPORATION
4153614,778 BROADVIEW AVE,14,1929,39,2026,2026-08-07,86.0,green,OP0025,STERLING KARAMAR PROPERTY MANAGEMENT
4153615,80 DANFORTH AVE,14,1978,131,2026,2026-08-07,95.0,green,OP0021,TORONTO COMMUNITY HOUSING CORPORATION
4153616,849 BROADVIEW AVE,14,1940,32,2026,2026-08-13,90.0,green,OP0448,849 BROADVIEW BIRCH PROPERTIES INC.
4153617,856-858 BROADVIEW AVE,14,1955,23,2026,2026-08-10,94.0,green,OP0225,PAUL THORNTON
4153618,852 BROADVIEW AVE,14,1960,21,2026,2026-08-11,83.0,yellow,OP0449,BROADVIEW APARTMENTS INC
4153619,846-850 BROADVIEW AVE,14,1940,23,2026,2026-08-11,69.0,red,unattributed,
4153620,970 EASTERN AVE,14,1989,14,2025,2025-12-05,93.0,green,OP0042,NEIGHBOURS COMMUNITY HOMES
4153621,137 SEARS ST,14,1995,17,2025,2025-11-18,90.0,green,OP0002,WOODGREEN COMMUNITY HOUSING INC.
4153622,85 LAING ST,14,1921,13,2025,2025-12-01,80.0,yellow,unattributed,
4153623,1187-1189 QUEEN ST E,14,1988,34,2026,2026-08-11,91.0,green,OP0042,NEIGHBOURS COMMUNITY HOMES
4153624,802 EASTERN AVE,14,1995,16,2026,2026-08-12,94.0,green,OP0002,WOODGREEN COMMUNITY HOUSING INC.
4153625,54 MARIGOLD AVE,14,1996,29,2026,2026-08-19,91.0,green,OP0243,HOUSES OPENING TODAY TORONTO INC.
4153626,1167 QUEEN ST E,14,1995,40,2026,2026-07-22,83.0,yellow,OP0021,TORONTO COMMUNITY HOUSING CORPORATION
4153628,15 PAPE AVE,14,1988,77,2025,2025-11-18,90.0,green,OP0450,YWCA
4153630,245-247 LOGAN AVE,14,1927,21,2026,2026-09-14,83.0,yellow,OP0122,VALOUR MANAGEMENT INC.
4153631,502 EASTERN AVE,14,1989,19,2025,2025-12-05,90.0,green,OP0042,NEIGHBOURS COMMUNITY HOMES
4153632,29 LOUVAIN AVE,14,1993,51,2025,2025-12-11,89.0,green,OP0023,TCH
4153633,1070 QUEEN ST E,14,1993,177,2025,2025-10-06,91.0,green,OP0002,WOODGREEN COMMUNITY HOUSING INC.
4153637,1480 QUEEN ST E,14,1990,25,2025,2025-10-06,97.0,green,OP0042,NEIGHBOURS COMMUNITY HOMES
4153638,126 COXWELL AVE,14,1989,14,2025,2025-10-07,90.0,green,OP0042,NEIGHBOURS COMMUNITY HOMES
4153639,279 WOODFIELD RD,14,1915,42,2025,2025-12-09,83.0,yellow,unattributed,
4153640,1395 GERRARD ST E,14,1965,12,2025,2025-11-06,90.0,green,OP0451,2239032 ONTARIO INC.
4153644,1119 GERRARD ST E,14,1996,30,2026,2026-08-31,93.0,green,OP0002,WOODGREEN COMMUNITY HOUSING INC.
4153645,1320 GERRARD ST E,14,1994,45,2025,2025-11-07,96.0,green,unattributed,
4153646,369 PAPE AVE,14,1981,139,2026,2026-08-31,93.0,green,OP0021,TORONTO COMMUNITY HOUSING CORPORATION
4153648,39 HARCOURT AVE,14,1989,15,2025,2025-11-28,94.0,green,OP0023,TCH
4153650,768 PAPE AVE,14,1990,15,2025,2025-11-18,73.0,yellow,unattributed,
4153652,796 CARLAW AVE,14,1922,31,2024,2024-09-16,90.0,green,unattributed,
4153655,110 UNITY RD,14,1983,174,2025,2025-11-18,88.0,green,OP0030,DMS PROPERTY MANAGEMENT LTD.
4153656,100 UNITY RD,14,1985,98,2024,2024-08-16,89.0,green,OP0030,DMS PROPERTY MANAGEMENT LTD.
4153657,570 COXWELL AVE,14,1990,11,2025,2025-10-07,92.0,green,OP0002,WOODGREEN COMMUNITY HOUSING INC.
4153658,1275 DANFORTH AVE,14,1988,109,2026,2026-09-25,94.0,green,OP0021,TORONTO COMMUNITY HOUSING CORPORATION
4153659,145 STRATHMORE BLVD,14,1974,350,2026,2026-08-17,89.0,green,OP0021,TORONTO COMMUNITY HOUSING CORPORATION
4153660,5 DONLANDS AVE,14,1930,24,2026,2026-09-16,78.0,yellow,OP0057,NORTH 44 PROPERTY MANAGEMENT INC
4153661,51 DONLANDS AVE,14,1985,53,2024,2024-07-30,94.0,green,OP0030,DMS PROPERTY MANAGEMENT LTD.
4153662,2263 QUEEN ST E,19,1975,18,2026,2026-07-24,82.0,yellow,OP0452,793163 ONTARIO LIMITED
4153663,42 HUBBARD BLVD,19,1928,27,2026,2026-07-02,91.0,green,OP0023,TCH
4153664,2269 QUEEN ST E,19,1927,17,2026,2026-07-24,96.0,green,OP0453,712880 ONTARIO LIMITED
4153665,2363 QUEEN ST E,19,1940,20,2026,2026-07-28,91.0,green,OP0042,NEIGHBOURS COMMUNITY HOMES
4153666,2373 QUEEN ST E,19,1930,27,2025,2025-10-15,84.0,yellow,OP0087,WEST WOOD HOLDING INC
4153667,83 SILVER BIRCH AVE,19,1920,16,2026,2026-09-15,91.0,green,OP0037,COGIR REAL ESTATE
4153668,2449 QUEEN ST E,19,1920,29,2025,2025-10-15,84.0,yellow,OP0246,WESTWOOD HOLDINGS INC.
4153669,2451 QUEEN ST E,19,1920,29,2025,2025-10-15,88.0,green,OP0087,WEST WOOD HOLDING INC
4153670,2453 QUEEN ST E,19,1920,16,2025,2025-10-15,87.0,green,unattributed,
4153671,2 KINGSTON RD,19,1970,16,2025,2025-07-21,94.0,green,OP0051,FIRM CAPITAL PROPERTIES INC
4153673,1836 QUEEN ST E,19,1925,30,2025,2025-11-03,86.0,green,unattributed,
4153674,123 COXWELL AVE,19,1995,13,2025,2025-11-28,92.0,green,OP0002,WOODGREEN COMMUNITY HOUSING INC.
4153675,23 EDGEWOOD AVE,19,1959,24,2025,2025-10-03,94.0,green,OP0083,AYKLER REAL ESTATE INC.
4153676,204 KINGSTON RD,19,1934,15,2025,2025-07-16,92.0,green,OP0454,204 KINGSTON BIRCH PROPERTIES INC
4153677,158 KINGSTON RD,19,1960,44,2026,2026-08-15,87.0,green,unattributed,
4153678,156 KINGSTON RD,19,1950,62,2026,2026-08-07,71.0,yellow,OP0144,FIRM CAPITAL
4153679,140 KINGSTON RD,19,1954,60,2026,2026-08-05,95.0,green,OP0027,SIGNET GROUP INC.
4153680,136 KINGSTON RD,19,1959,94,2026,2026-08-05,75.0,yellow,OP0083,AYKLER REAL ESTATE INC.
4153681,15 EASTWOOD RD,19,1960,24,2025,2025-10-02,91.0,green,OP0057,NORTH 44 PROPERTY MANAGEMENT INC
4153682,223 WOODBINE AVE,19,1920,48,2026,2026-09-18,90.0,green,unattributed,
4153683,98 ELMER AVE,19,1955,36,2026,2026-09-10,82.0,yellow,OP0023,TCH
4153684,191 KENILWORTH AVE,19,1961,31,2025,2025-07-24,94.0,green,OP0167,KINGS COLLEGE MANAGEMENT LIMITED
4153685,97 LEE AVE,19,1917,10,2026,2026-09-11,86.0,green,OP0455,GLEN WILLOW INVESTMENTS LTD
4153687,2150 QUEEN ST E,19,1923,16,2025,2025-11-03,90.0,green,OP0456,BOWMAN BUILDING PROPERTY MANAGEMENT INC.
4153688,59 BALSAM AVE,19,1927,19,2026,2026-09-16,96.0,green,unattributed,
4153689,485 KINGSTON RD,19,1958,115,2026,2026-08-12,88.0,green,OP0457,TWELVESTONE REALTY ADVISORS INC.
4153690,501 KINGSTON RD,19,1950,75,2025,2025-07-16,97.0,green,OP0028,AKELIUS CANADA LTD
4153691,441 KINGSTON RD,19,1920,15,2026,2026-08-06,90.0,green,OP0026,BRIARLANE RENTAL PROPERTY MANAGEMENT INC.
4153692,419 WOODBINE AVE,19,1960,11,2025,2025-11-24,93.0,green,unattributed,
4153693,567 KINGSTON RD,19,1950,15,2026,2026-08-19,92.0,green,OP0247,LINFRED INVESTMENTS
4153694,569 KINGSTON RD,19,1940,15,2025,2025-07-21,88.0,green,OP0247,LINFRED INVESTMENTS
4153695,737 KINGSTON RD,19,1935,24,2026,2026-08-20,84.0,yellow,OP0458,JBLUE ENTERPRISES
4153696,11 NEWBOLD AVE,19,1984,21,2026,2026-09-22,88.0,green,OP0023,TCH
4153697,592 WOODBINE AVE,19,1966,36,2025,2025-11-24,93.0,green,OP0459,VILLETTES APARTMENTS
4153698,650 WOODBINE AVE,19,1977,38,2025,2025-11-25,95.0,green,OP0248,EQUITON LIVING
4153699,1691 GERRARD ST E,19,1958,66,2025,2025-09-16,94.0,green,unattributed,
4153700,4 NEWBOLD AVE,19,1964,12,2025,2025-10-24,88.0,green,unattributed,
4153701,1636 GERRARD ST E,19,1960,48,2026,2026-09-01,92.0,green,OP0027,SIGNET GROUP INC.
4153702,425 COXWELL AVE,19,2002,30,2025,2025-11-28,96.0,green,OP0249,NEW FRONTIERS ABORIGINAL RESIDENTIAL CORPORATION
4153703,1908 GERRARD ST E,19,2009,28,2026,2026-09-09,73.0,yellow,OP0057,NORTH 44 PROPERTY MANAGEMENT INC
4153704,7 COATSWORTH CRES,19,1993,48,2025,2025-06-30,99.0,green,OP0021,TORONTO COMMUNITY HOUSING CORPORATION
4153705,11 COATSWORTH CRES,19,1989,174,2025,2025-08-26,95.0,green,OP0188,NEIGHBOURHOOD LINK HOMES
4153706,133 MERRILL AVE E,19,1960,42,2025,2025-06-27,96.0,green,OP0021,TORONTO COMMUNITY HOUSING CORPORATION
4153707,320 KINGSTON RD,19,1954,36,2025,2025-07-03,96.0,green,OP0023,TCH
4153708,5 BENLAMOND AVE,19,1960,55,2025,2025-08-21,93.0,green,OP0027,SIGNET GROUP INC.
4153709,50 MAIN ST,19,1974,38,2026,2026-09-01,89.0,green,OP0220,POTOMAC CONSTRUCTION LIMITED
4153711,600 KINGSTON RD,19,1957,68,2026,2026-08-20,90.0,green,OP0031,HAZELVIEW PROPERTY SERVICES INC
4153712,550 KINGSTON RD,19,1985,138,2026,2026-07-29,95.0,green,OP0042,NEIGHBOURS COMMUNITY HOMES
4153713,530 KINGSTON RD,19,1954,90,2026,2026-07-20,93.0,green,OP0021,TORONTO COMMUNITY HOUSING CORPORATION
4153714,520 KINGSTON RD,19,1992,108,2025,2025-07-17,93.0,green,OP0021,TORONTO COMMUNITY HOUSING CORPORATION
4153715,474 KINGSTON RD,19,1958,38,2026,2026-07-29,96.0,green,OP0026,BRIARLANE RENTAL PROPERTY MANAGEMENT INC.
4153716,619 WOODBINE AVE,19,1956,50,2025,2025-11-24,99.0,green,OP0027,SIGNET GROUP INC.
4153717,751 WOODBINE AVE,19,1987,97,2025,2025-11-25,95.0,green,OP0118,AYKLER MANAGEMENT
4153720,2526 DANFORTH AVE,19,1988,48,2025,2025-09-19,92.0,green,OP0004,COMMUNITY FIRST DEVELOPMENTS INC.
4153721,700 KINGSTON RD,19,1971,38,2026,2026-09-01,92.0,green,OP0022,GREENWIN CORP.
4153722,828 KINGSTON RD,19,1962,147,2025,2025-07-03,94.0,green,OP0021,TORONTO COMMUNITY HOUSING CORPORATION
4153723,2287 GERRARD ST E,19,1967,38,2025,2025-07-08,96.0,green,OP0021,TORONTO COMMUNITY HOUSING CORPORATION
4153724,2390 GERRARD ST E,19,1991,16,2026,2026-07-21,82.0,yellow,OP0023,TCH
4153726,20 TRENT AVE,19,1992,111,2025,2025-08-25,97.0,green,unattributed,
4153727,62 DAWES RD,19,1994,14,2026,2026-08-26,87.0,green,OP0460,RIVERDALE HOUSING ACTION GROUP
4153728,2802 DANFORTH AVE,19,2007,25,2026,2026-09-16,93.0,green,OP0188,NEIGHBOURHOOD LINK HOMES
4153729,40 ASQUITH AVE,11,1984,192,2025,2025-09-12,81.0,yellow,OP0021,TORONTO COMMUNITY HOUSING CORPORATION
4153730,40 PARK RD,11,1954,39,2026,2026-08-13,89.0,green,OP0064,ARCANOS PROPERTY MANAGEMENT CORPORATION
4153731,130 PARKWAY FOREST DR,17,2013,105,2025,2025-07-23,100.0,green,OP0034,HOMESTEAD LAND HOLDINGS LIMITED
4153733,464 SUMMERHILL AVE,11,1950,19,2026,2026-07-14,95.0,green,unattributed,
4153734,10 LAMPORT AVE,11,1969,36,2026,2026-08-06,93.0,green,OP0052,HOLLYBURN PROPERTIES LTD
4153735,36 CASTLE FRANK RD,11,1950,53,2025,2025-10-02,89.0,green,OP0100,AKELIUS
4153736,83 ELM AVE,11,1950,61,2026,2026-06-22,88.0,green,OP0250,ESBIN PROPERTY MANAGEMENT INC.
4153737,45 GLEN RD,11,1955,28,2026,2026-07-30,87.0,green,OP0461,SWISS CANADIAN MANAGEMENT CO. LTD.
4153738,5 ELM AVE,11,1957,66,2026,2026-06-22,92.0,green,OP0047,O'SHANTER DEVELOPMENT COMPANY LTD.
4153739,4 SHERBOURNE ST N,11,1950,34,2025,2025-08-18,70.0,yellow,OP0039,BERKLEY PROPERTY MANAGEMENT INC.
4153740,1233 YONGE ST,11,1980,37,2025,2026-08-07,77.0,yellow,OP0189,HD PROPERTY MANAGEMENT
4153742,22 WOODLAWN AVE E,11,1986,25,2025,2025-08-13,95.0,green,OP0097,BIDDINGTON PROPERTY MANAGEMENT CORP.
4153743,7 JACKES AVE,11,1969,267,2026,2026-09-29,71.0,yellow,OP0462,STERLING KARAMAR
4153744,44 JACKES AVE,12,1967,411,2025,2025-11-17,89.0,green,OP0119,QUADREAL PROPERTY GROUP
4153745,50 ROSEHILL AVE,12,1969,245,2025,2025-11-18,94.0,green,OP0034,HOMESTEAD LAND HOLDINGS LIMITED
4153746,40 PLEASANT BLVD,12,1969,163,2025,2025-11-18,94.0,green,OP0251,YONGE PLEASANT HOLDINGS LIMITED
4153747,49 GLEN ELM AVE,12,1954,71,2025,2025-07-23,95.0,green,OP0064,ARCANOS PROPERTY MANAGEMENT CORPORATION
4153748,42 GLEN ELM AVE,12,1960,39,2026,2026-08-14,97.0,green,OP0047,O'SHANTER DEVELOPMENT COMPANY LTD.
4153749,2 GLEN ELM AVE,12,1934,49,2025,2025-08-13,94.0,green,OP0463,GLEN ELM INVESTMENTS
4153750,80 ST CLAIR AVE E,12,1970,307,2026,2026-06-26,96.0,green,OP0150,NORTH EDGE PROPERTIES LTD.
4153751,171 ST CLAIR AVE E,11,1960,36,2025,2025-11-28,65.0,red,unattributed,
4153752,309 MOUNT PLEASANT RD,11,1960,25,2026,2026-07-22,76.0,yellow,unattributed,
4153753,71 MERTON ST,12,1980,167,2026,2026-07-06,97.0,green,OP0021,TORONTO COMMUNITY HOUSING CORPORATION
4153755,345 MERTON ST,15,1965,109,2026,2026-09-17,89.0,green,OP0464,NUMERT INVESTMENTS
4153756,375 MERTON ST,15,1962,47,2025,2025-11-28,89.0,green,OP0140,ADAMS AND WAKS CONSTRUCTION LTD
4153757,657 BALLIOL ST,15,1957,29,2026,2026-07-20,86.0,green,OP0151,AMELIN PROPERTY MANAGEMENT
4153758,221 BALLIOL ST,12,1968,272,2026,2026-08-28,91.0,green,OP0032,PARK PROPERTY MANAGEMENT INC.
4153759,265 BALLIOL ST,12,1968,202,2024,2024-07-05,89.0,green,OP0032,PARK PROPERTY MANAGEMENT INC.
4153760,384 MOUNT PLEASANT RD,12,1993,155,2026,2026-09-15,95.0,green,OP0021,TORONTO COMMUNITY HOUSING CORPORATION
4153761,268 MERTON ST,12,1999,38,2025,2025-11-10,100.0,green,OP0033,REALSTAR
4153762,45 BALLIOL ST,12,1966,263,2025,2025-11-26,85.0,green,OP0152,GREENROCK PROPERTY MANAGEMENT LIMITED
4153763,155 BALLIOL ST,12,1965,286,2025,2025-07-28,94.0,green,OP0151,AMELIN PROPERTY MANAGEMENT
4153764,165 BALLIOL ST,12,1968,48,2025,2025-11-25,93.0,green,OP0074,IMPERRA GENERAL MANAGMENT
4153766,25 DAVISVILLE AVE,12,1956,14,2026,2026-08-27,71.0,yellow,unattributed,
4153767,33 DAVISVILLE AVE,12,1973,266,2025,2025-07-23,98.0,green,OP0120,RPMS
4153768,111 DAVISVILLE AVE,12,1970,371,2026,2026-08-11,97.0,green,OP0120,RPMS
4153769,141 DAVISVILLE AVE,12,1970,313,2026,2026-08-11,97.0,green,OP0120,RPMS
4153770,44 BALLIOL ST,12,1957,30,2026,2026-07-10,81.0,yellow,unattributed,
4153771,225 DAVISVILLE AVE,12,1969,401,2026,2026-09-04,95.0,green,OP0152,GREENROCK PROPERTY MANAGEMENT LIMITED
4153772,200 BALLIOL ST,12,1968,366,2025,2025-11-25,91.0,green,OP0022,GREENWIN CORP.
4153773,501 MOUNT PLEASANT RD,15,1956,28,2026,2026-07-30,92.0,green,OP0052,HOLLYBURN PROPERTIES LTD
4153774,5 DE SAVERY CRES,12,1928,31,2026,2026-06-30,92.0,green,OP0153,JB APARTMENT HOLDINGS
4153775,15 PENROSE RD,12,1930,26,2025,2025-12-05,87.0,green,OP0465,NAZAR PROPERTY MANAGEMENT
4153777,676 MOUNT PLEASANT RD,12,1955,23,2026,2026-07-13,85.0,green,OP0466,SKY PROPERTY MANAGEMENT INC.
4153779,78 HOLLY ST,12,1993,127,2025,2025-11-19,88.0,green,OP0022,GREENWIN CORP.
4153781,44 DUNFIELD AVE,12,1963,162,2025,2025-07-17,98.0,green,OP0054,COMPTEN MANAGEMENT INC.
4153782,45 DUNFIELD AVE,12,1966,575,2025,2025-07-18,99.0,green,unattributed,
4153784,107 REDPATH AVE,12,1955,31,2026,2026-06-24,95.0,green,OP0037,COGIR REAL ESTATE
4153785,55 BROWNLOW AVE,12,1964,121,2025,2025-11-20,78.0,yellow,OP0026,BRIARLANE RENTAL PROPERTY MANAGEMENT INC.
4153786,299 FORMAN AVE,15,1956,29,2025,2025-10-17,89.0,green,OP0467,TDL MANAGEMENT CO.
4153787,341 FORMAN AVE,15,1955,15,2025,2025-11-10,96.0,green,unattributed,
4153788,365 EGLINTON AVE E,15,1962,48,2025,2025-10-30,90.0,green,OP0028,AKELIUS CANADA LTD
4153789,75 PETMAN AVE,15,1958,26,2025,2025-10-28,93.0,green,OP0468,CARD CORP
4153790,411 EGLINTON AVE E,15,1963,57,2026,2026-08-20,92.0,green,OP0052,HOLLYBURN PROPERTIES LTD
4153791,435 EGLINTON AVE E,15,1965,52,2025,2025-10-21,92.0,green,OP0105,COLONIA TREUHAND MANAGEMENT INC.
4153792,445 EGLINTON AVE E,15,1963,57,2025,2025-10-21,92.0,green,OP0052,HOLLYBURN PROPERTIES LTD
4153793,485 EGLINTON AVE E,15,1965,108,2026,2026-08-11,86.0,green,OP0064,ARCANOS PROPERTY MANAGEMENT CORPORATION
4153794,525 EGLINTON AVE E,15,1965,54,2026,2026-08-06,86.0,green,OP0050,CROMWELL MANAGEMENT INC.
4153795,551 EGLINTON AVE E,15,1960,54,2025,2025-10-21,94.0,green,OP0028,AKELIUS CANADA LTD
4153798,63 ROEHAMPTON AVE,12,1928,56,2026,2026-08-21,93.0,green,OP0056,Q RESIDENTIAL
4153799,77 ROEHAMPTON AVE,12,1989,81,2026,2026-09-14,91.0,green,OP0046,WESTDALE PROPERTIES
4153800,101 ROEHAMPTON AVE,12,1973,382,2025,2025-11-26,89.0,green,OP0064,ARCANOS PROPERTY MANAGEMENT CORPORATION
4153801,130 EGLINTON AVE E,12,1981,266,2025,2025-08-26,97.0,green,OP0021,TORONTO COMMUNITY HOUSING CORPORATION
4153802,199 ROEHAMPTON AVE,12,1963,125,2026,2026-09-08,97.0,green,OP0079,LAWRENCE CONSTRUCTION CO. LIMITED
4153803,245 ROEHAMPTON AVE,12,1964,83,2026,2026-09-09,98.0,green,OP0469,ROEHAMPTON TOWERS INC.
4153804,220 EGLINTON AVE E,12,1972,99,2026,2026-07-07,90.0,green,OP0021,TORONTO COMMUNITY HOUSING CORPORATION
4153805,196 EGLINTON AVE E,12,1930,24,2025,2025-11-21,80.0,yellow,OP0470,MEGAPRO PROPERTIES
4153806,299 ROEHAMPTON AVE,15,1970,224,2025,2025-10-30,94.0,green,OP0065,KG GROUP
4153807,801 MOUNT PLEASANT RD,15,1983,185,2025,2025-11-28,93.0,green,OP0021,TORONTO COMMUNITY HOUSING CORPORATION
4153808,57 RAWLINSON AVE,15,1959,36,2025,2025-10-29,96.0,green,OP0190,DENWIN INVESTMENTS LIMITED
4153809,490 EGLINTON AVE E,15,1964,51,2025,2025-10-21,89.0,green,OP0050,CROMWELL MANAGEMENT INC.
4153810,460 EGLINTON AVE E,15,1959,72,2026,2026-08-12,95.0,green,OP0047,O'SHANTER DEVELOPMENT COMPANY LTD.
4153811,440 EGLINTON AVE E,15,1960,90,2025,2025-10-20,92.0,green,OP0034,HOMESTEAD LAND HOLDINGS LIMITED
4153812,420 EGLINTON AVE E,15,1963,44,2026,2026-08-18,94.0,green,OP0069,LANDLORD PROPERTY & RENTAL MANAGEMENT INC
4153813,412 EGLINTON AVE E,15,1957,65,2026,2026-08-19,90.0,green,unattributed,
4153814,368 EGLINTON AVE E,15,1969,149,2025,2025-11-07,85.0,green,OP0471,THE HOWARD PROPERTY COMPANY INC.
4153815,177 REDPATH AVE,12,1965,148,2026,2026-09-15,94.0,green,OP0150,NORTH EDGE PROPERTIES LTD.
4153819,133 BROADWAY AVE,12,1954,52,2025,2025-11-10,85.0,green,OP0021,TORONTO COMMUNITY HOUSING CORPORATION
4153820,890 MOUNT PLEASANT RD,12,1968,145,2026,2026-09-16,98.0,green,OP0034,HOMESTEAD LAND HOLDINGS LIMITED
4153821,250 ROEHAMPTON AVE,12,1963,91,2026,2026-09-18,94.0,green,OP0027,SIGNET GROUP INC.
4153822,200 ROEHAMPTON AVE,12,1964,228,2025,2025-11-21,80.0,yellow,OP0150,NORTH EDGE PROPERTIES LTD.
4153825,75 BROADWAY AVE,12,1963,205,2025,2025-11-12,96.0,green,OP0031,HAZELVIEW PROPERTY SERVICES INC
4153826,100 ROEHAMPTON AVE,12,1961,211,2026,2026-09-23,92.0,green,OP0032,PARK PROPERTY MANAGEMENT INC.
4153828,15 ERSKINE AVE,15,1970,65,2025,2025-09-29,95.0,green,unattributed,
4153829,33 ERSKINE AVE,15,1964,109,2025,2025-10-01,84.0,yellow,OP0064,ARCANOS PROPERTY MANAGEMENT CORPORATION
4153830,55 ERSKINE AVE,15,1964,188,2025,2025-10-01,99.0,green,OP0252,FRASTELL PROPERTY MANAGEMENT INC
4153831,77 ERSKINE AVE,15,1956,37,2026,2026-08-25,91.0,green,OP0051,FIRM CAPITAL PROPERTIES INC
4153833,28 BROADWAY AVE,15,1956,75,2025,2025-11-28,88.0,green,OP0021,TORONTO COMMUNITY HOUSING CORPORATION
4153835,133 ERSKINE AVE,15,1970,28,2026,2026-08-26,94.0,green,OP0022,GREENWIN CORP.
4153836,141 ERSKINE AVE,15,1962,160,2026,2026-08-27,91.0,green,OP0056,Q RESIDENTIAL
4153837,165 ERSKINE AVE,15,1950,40,2026,2026-09-01,96.0,green,OP0034,HOMESTEAD LAND HOLDINGS LIMITED
4153838,171 ERSKINE AVE,15,1960,47,2026,2026-09-04,92.0,green,OP0039,BERKLEY PROPERTY MANAGEMENT INC.
4153839,136 BROADWAY AVE,15,1970,39,2025,2025-10-28,91.0,green,OP0046,WESTDALE PROPERTIES
4153840,124 BROADWAY AVE,15,1956,88,2026,2026-09-18,84.0,yellow,OP0472,THE RW SUITES CORPORATION C/O WESTDALE PROPERTIES
4153844,200 ERSKINE AVE,15,1961,15,2025,2025-10-22,94.0,green,unattributed,
4153845,65 KEEWATIN AVE,15,1958,50,2025,2025-10-20,94.0,green,unattributed,
4153846,135 KEEWATIN AVE,15,1958,52,2026,2026-07-27,91.0,green,OP0095,GOSSNER & HORNAR MANAGEMENT LTD.
4153847,1000 MOUNT PLEASANT RD,15,2010,155,2026,2026-07-16,99.0,green,OP0034,HOMESTEAD LAND HOLDINGS LIMITED
4153848,170 ERSKINE AVE,15,1957,31,2026,2026-09-02,93.0,green,unattributed,
4153849,160 ERSKINE AVE,15,1969,250,2025,2025-10-02,99.0,green,OP0034,HOMESTEAD LAND HOLDINGS LIMITED
4153850,11 SHERWOOD AVE,15,1930,23,2025,2025-11-19,99.0,green,unattributed,
4153851,15 SHERWOOD AVE,15,1930,26,2026,2026-07-29,95.0,green,unattributed,
4153852,21 SHERWOOD AVE,15,1930,26,2025,2025-11-19,99.0,green,unattributed,
4153853,25 SHERWOOD AVE,15,1930,27,2025,2025-11-19,99.0,green,unattributed,
4153854,110 KEEWATIN AVE,15,1955,32,2026,2026-08-05,96.0,green,OP0095,GOSSNER & HORNAR MANAGEMENT LTD.
4153855,100 KEEWATIN AVE,15,1955,32,2026,2026-08-05,94.0,green,OP0095,GOSSNER & HORNAR MANAGEMENT LTD.
4153856,172 SHERWOOD AVE,15,1965,18,2025,2025-11-19,94.0,green,OP0473,6716741 CANADA INC
4153857,2567 YONGE ST,15,1987,105,2025,2025-11-28,91.0,green,OP0021,TORONTO COMMUNITY HOUSING CORPORATION
4153858,2707 YONGE ST,15,1960,48,2025,2025-10-17,95.0,green,OP0474,2707 YONGE HOLDINGS LIMITED
4153859,2745 YONGE ST,15,1937,41,2026,2026-09-16,91.0,green,OP0021,TORONTO COMMUNITY HOUSING CORPORATION
4153860,2765 YONGE ST,15,1970,31,2026,2026-09-10,95.0,green,OP0023,TCH
4153862,2867 YONGE ST,15,1928,32,2026,2026-09-10,99.0,green,OP0153,JB APARTMENT HOLDINGS
4153863,2875 YONGE ST,15,1960,17,2025,2025-10-17,90.0,green,OP0028,AKELIUS CANADA LTD
4153864,3 DU MAURIER BLVD,15,1941,37,2026,2026-08-21,94.0,green,OP0079,LAWRENCE CONSTRUCTION CO. LIMITED
4153865,5 DU MAURIER BLVD,15,1941,41,2025,2025-11-10,94.0,green,OP0079,LAWRENCE CONSTRUCTION CO. LIMITED
4153866,2 DU MAURIER BLVD,15,1941,28,2026,2026-08-21,95.0,green,OP0079,LAWRENCE CONSTRUCTION CO. LIMITED
4153867,3179 YONGE ST,15,1990,110,2025,2025-12-11,90.0,green,OP0021,TORONTO COMMUNITY HOUSING CORPORATION
4153869,153 RANLEIGH AVE,15,1950,32,2025,2025-10-29,94.0,green,OP0027,SIGNET GROUP INC.
4153870,56 RANLEIGH AVE,15,1959,74,2026,2026-08-05,96.0,green,OP0079,LAWRENCE CONSTRUCTION CO. LIMITED
4153872,6 GLEN ECHO RD,15,1952,30,2026,2026-08-17,96.0,green,unattributed,
4153873,9 DEER PARK CRES,12,1965,95,2026,2026-09-24,100.0,green,OP0050,CROMWELL MANAGEMENT INC.
4153874,64 ST CLAIR AVE W,12,1937,97,2025,2025-11-12,88.0,green,OP0025,STERLING KARAMAR PROPERTY MANAGEMENT
4153875,40 DELISLE AVE,12,1969,100,2026,2026-09-25,96.0,green,OP0034,HOMESTEAD LAND HOLDINGS LIMITED
4153876,70 DELISLE AVE,12,1964,180,2026,2026-10-01,96.0,green,OP0061,THREE R PROPERTY MANAGEMENT CORPORATION
4153877,1 ORIOLE RD,12,1955,80,2025,2025-06-18,96.0,green,OP0029,CAPREIT
4153878,23 ORIOLE RD,12,1955,47,2025,2025-06-18,92.0,green,OP0029,CAPREIT
4153879,37 ORIOLE RD,12,1955,50,2025,2025-06-18,96.0,green,OP0154,GOLFOUR PROPERTY SERVICES INC.
4153880,14 DEER PARK CRES,12,1970,13,2026,2026-09-21,98.0,green,OP0074,IMPERRA GENERAL MANAGMENT
4153881,4 DEER PARK CRES,12,1967,59,2026,2026-09-21,90.0,green,OP0191,JERUDAN DEVELOPMENTS LIMITED
4153882,110 ST CLAIR AVE W,12,1938,54,2025,2025-09-18,81.0,yellow,OP0064,ARCANOS PROPERTY MANAGEMENT CORPORATION
4153883,561 AVENUE RD,12,1957,60,2026,2026-10-01,95.0,green,OP0475,KENAIR APARTMENTS LIMITED
4153884,565 AVENUE RD,12,1952,63,2025,2025-10-08,90.0,green,OP0033,REALSTAR
4153885,567 AVENUE RD,12,1955,63,2025,2025-10-08,89.0,green,OP0095,GOSSNER & HORNAR MANAGEMENT LTD.
4153886,494 AVENUE RD,12,1956,118,2026,2026-08-06,93.0,green,OP0046,WESTDALE PROPERTIES
4153887,484 AVENUE RD,12,1957,118,2026,2026-08-06,95.0,green,OP0046,WESTDALE PROPERTIES
4153888,90 WARREN RD,12,1963,79,2025,2025-11-24,83.0,yellow,OP0476,NINETY WARREN ROAD APARTMENTS
4153889,250 ST CLAIR AVE W,12,1970,45,2025,2025-09-11,90.0,green,OP0074,IMPERRA GENERAL MANAGMENT
4153890,276 ST CLAIR AVE W,12,1959,49,2025,2025-09-11,88.0,green,OP0035,MEDALLION CORPORATION
4153891,300 ST CLAIR AVE W,12,1960,49,2024,2024-06-18,94.0,green,OP0033,REALSTAR
4153892,1545 BATHURST ST,12,1965,56,2026,2026-10-06,100.0,green,OP0050,CROMWELL MANAGEMENT INC.
4153893,1603 BATHURST ST,12,1954,73,2025,2025-10-22,84.0,yellow,OP0149,AZURIA GROUP INCORPORATED
4153894,345 LONSDALE RD,12,1970,55,2026,2026-07-29,97.0,green,OP0074,IMPERRA GENERAL MANAGMENT
4153895,404 SPADINA RD,12,1931,31,2025,2025-11-24,90.0,green,unattributed,
4153896,80 MONTCLAIR AVE,12,1970,60,2026,2026-07-09,97.0,green,OP0147,"ATLANTIS REALTY SERVICES, INC."
4153897,55 MONTCLAIR AVE,12,1960,54,2026,2026-07-15,85.0,green,OP0477,55 MONTCLAIR HOLDINGS LIMITED
4153898,464 SPADINA RD,12,1929,24,2025,2025-11-25,82.0,yellow,OP0037,COGIR REAL ESTATE
4153899,448 SPADINA RD,12,1935,32,2025,2025-11-25,88.0,green,OP0037,COGIR REAL ESTATE
4153900,340 LONSDALE RD,12,1957,36,2026,2026-07-23,95.0,green,OP0026,BRIARLANE RENTAL PROPERTY MANAGEMENT INC.
4153901,310 LONSDALE RD,12,1927,15,2025,2025-09-16,94.0,green,OP0025,STERLING KARAMAR PROPERTY MANAGEMENT
4153902,312 LONSDALE RD,12,1927,19,2025,2025-09-16,94.0,green,OP0025,STERLING KARAMAR PROPERTY MANAGEMENT
4153903,316 LONSDALE RD,12,1923,10,2026,2026-07-28,93.0,green,OP0102,QMW PROPERTIES INC.
4153904,320 LONSDALE RD,12,1923,32,2025,2025-09-20,72.0,yellow,OP0102,QMW PROPERTIES INC.
4153905,30 THELMA AVE,12,1962,32,2025,2025-07-17,94.0,green,unattributed,
4153906,323 LONSDALE RD,12,1930,20,2026,2026-08-17,100.0,green,unattributed,
4153907,321 LONSDALE RD,12,1920,12,2026,2026-10-05,98.0,green,OP0192,GOLDVIEW PROPERTY MANAGEMENT LTD.
4153908,311 LONSDALE RD,12,1925,14,2025,2025-09-20,94.0,green,OP0478,977502 ONTARIO LTD.
4153909,606 AVENUE RD,12,1955,62,2026,2026-07-13,85.0,green,OP0026,BRIARLANE RENTAL PROPERTY MANAGEMENT INC.
4153910,585 AVENUE RD,12,1955,57,2026,2026-07-10,87.0,green,OP0026,BRIARLANE RENTAL PROPERTY MANAGEMENT INC.
4153911,587 AVENUE RD,12,1956,22,2026,2026-07-10,85.0,green,OP0052,HOLLYBURN PROPERTIES LTD
4153912,8 MALLORY GDNS,12,1920,36,2026,2026-08-05,94.0,green,OP0051,FIRM CAPITAL PROPERTIES INC
4153913,5 MALLORY GDNS,12,1982,60,2026,2026-09-01,95.0,green,OP0192,GOLDVIEW PROPERTY MANAGEMENT LTD.
4153914,1 MALLORY GDNS,12,1920,35,2026,2026-08-05,98.0,green,OP0051,FIRM CAPITAL PROPERTIES INC
4153915,50 LAWTON BLVD,12,1915,20,2025,2025-09-29,70.0,yellow,OP0253,JDM APARTMENTS INC
4153916,48 LAWTON BLVD,12,1927,19,2025,2025-09-29,77.0,yellow,OP0253,JDM APARTMENTS INC
4153917,58 ORIOLE GDNS,12,1918,13,2026,2026-07-30,91.0,green,OP0254,ORIOLE COURT MANAGEMENT
4153918,62 ORIOLE GDNS,12,1918,13,2025,2025-09-25,76.0,yellow,OP0254,ORIOLE COURT MANAGEMENT
4153919,7 WALMSLEY BLVD,12,1928,15,2026,2026-09-21,95.0,green,OP0479,APPLEDALE PROPERTY MANAGEMENT INC
4153920,80 LAWTON BLVD,12,1930,24,2025,2025-09-30,86.0,green,OP0123,GORBAY COMPANY LIMITED
4153921,134 LAWTON BLVD,12,1955,42,2025,2025-09-30,87.0,green,OP0123,GORBAY COMPANY LIMITED
4153922,57 LAWTON BLVD,12,1929,12,2025,2025-10-01,73.0,yellow,unattributed,
4153923,85 LAWTON BLVD,12,1959,87,2024,2024-07-29,95.0,green,OP0105,COLONIA TREUHAND MANAGEMENT INC.
4153924,95 LAWTON BLVD,12,1965,60,2025,2025-10-01,92.0,green,OP0050,CROMWELL MANAGEMENT INC.
4153925,101 LAWTON BLVD,12,1934,46,2025,2025-10-01,88.0,green,OP0480,NORTH TORONTO HERITAGE
4153926,125 LAWTON BLVD,12,1962,122,2025,2025-07-29,96.0,green,OP0481,125 LAWTON HOLDINGS LIMITED
4153927,135 LAWTON BLVD,12,1960,48,2026,2026-08-27,97.0,green,OP0482,GATEWAY PROPERTY MANAGEMENT CORPORATION
4153928,17 LASCELLES BLVD,12,1957,157,2026,2026-09-10,93.0,green,OP0047,O'SHANTER DEVELOPMENT COMPANY LTD.
4153929,19 LASCELLES BLVD,12,1957,157,2026,2026-08-27,96.0,green,OP0047,O'SHANTER DEVELOPMENT COMPANY LTD.
4153930,21 LASCELLES BLVD,12,1957,173,2026,2026-09-10,97.0,green,OP0047,O'SHANTER DEVELOPMENT COMPANY LTD.
4153931,23 LASCELLES BLVD,12,1957,235,2025,2025-11-04,90.0,green,OP0047,O'SHANTER DEVELOPMENT COMPANY LTD.
4153932,25 LASCELLES BLVD,12,1957,235,2026,2026-09-03,95.0,green,OP0047,O'SHANTER DEVELOPMENT COMPANY LTD.
4153933,111 ORIOLE PKWY,12,1959,29,2026,2026-08-12,81.0,yellow,OP0255,EQUITY RESIDENTIAL INC
4153934,130 ORIOLE PKWY,12,1955,39,2025,2025-11-04,83.0,yellow,OP0001,TRIVEST DEVELOPMENTS CORPORATION
4153935,120 ORIOLE PKWY,12,1960,34,2026,2026-09-17,97.0,green,OP0038,HANNAH PROPERTY MANAGEMENT LTD.
4153936,110 ORIOLE PKWY,12,1938,33,2026,2026-08-17,88.0,green,OP0028,AKELIUS CANADA LTD
4153937,755 AVENUE RD,12,1952,41,2025,2025-10-09,84.0,yellow,OP0028,AKELIUS CANADA LTD
4153938,240 ORIOLE PKWY,12,1955,44,2026,2026-09-22,99.0,green,OP0028,AKELIUS CANADA LTD
4153939,50 OXTON AVE,12,1955,32,2026,2026-09-15,99.0,green,OP0153,JB APARTMENT HOLDINGS
4153940,555 RUSSELL HILL RD,12,1954,32,2025,2025-11-05,92.0,green,OP0022,GREENWIN CORP.
4153941,540 RUSSELL HILL RD,12,1937,32,2026,2026-09-15,96.0,green,OP0193,VESTA MANAGEMENT INC
4153942,45 GARDINER RD,12,1954,41,2026,2026-09-10,98.0,green,OP0483,PRINCE CHARLES TERRACE APARTMENTS LIMITED
4153943,697 EGLINTON AVE W,12,1950,33,2026,2026-08-13,93.0,green,OP0037,COGIR REAL ESTATE
4153944,117 OLD FOREST HILL RD,12,1950,28,2026,2026-08-12,98.0,green,OP0026,BRIARLANE RENTAL PROPERTY MANAGEMENT INC.
4153945,725 EGLINTON AVE W,12,1950,31,2026,2026-08-25,94.0,green,OP0026,BRIARLANE RENTAL PROPERTY MANAGEMENT INC.
4153946,779 EGLINTON AVE W,12,1930,17,2025,2025-07-29,83.0,yellow,OP0235,IMTRADEX CORP
4153947,130 OLD FOREST HILL RD,12,1967,42,2026,2026-09-18,96.0,green,OP0099,ADVENT PROPERTY MANAGEMENT SERVICES LTD.
4153948,625 ROSELAWN AVE,08,1963,91,2026,2026-07-23,99.0,green,OP0047,O'SHANTER DEVELOPMENT COMPANY LTD.
4153949,4 LATIMER AVE,08,1953,65,2024,2024-09-12,89.0,green,OP0484,4 LATIMER HOLDINGS LIMITED
4153950,570 EGLINTON AVE W,08,1960,11,2025,2025-06-27,91.0,green,OP0485,PARALLEL PROPERTY MANAGEMENT
4153951,564 EGLINTON AVE W,08,1957,25,2025,2025-06-27,87.0,green,unattributed,
4153952,600 EGLINTON AVE W,08,1968,60,2026,2026-08-20,87.0,green,OP0242,SPICECART PROPERTY MANAGEMENT
4153953,650 EGLINTON AVE W,08,1961,102,2026,2026-08-19,99.0,green,OP0026,BRIARLANE RENTAL PROPERTY MANAGEMENT INC.
4153954,21 MAYFAIR AVE,08,1962,138,2025,2025-10-24,99.0,green,OP0252,FRASTELL PROPERTY MANAGEMENT INC
4153955,10 SHALLMAR BLVD,08,1965,138,2026,2026-09-04,96.0,green,OP0050,CROMWELL MANAGEMENT INC.
4153956,20 SHALLMAR BLVD,08,1963,155,2024,2024-07-05,98.0,green,OP0029,CAPREIT
4153957,2121 BATHURST ST,08,1964,210,2025,2025-06-27,96.0,green,OP0486,MARQUESA APARTMENTS LIMITED
4153958,15 SHALLMAR BLVD,08,1962,78,2025,2025-09-17,80.0,yellow,OP0256,FIDES REAL ESTATE LIMITED
4153959,11 SHALLMAR BLVD,08,1960,78,2025,2025-09-17,84.0,yellow,OP0070,BEAUX PROPERTIES MANAGEMENT
4153960,630 VESTA DR,08,1959,70,2025,2025-09-18,93.0,green,OP0487,630 VESTA HOLDINGS LIMITED
4153961,780 EGLINTON AVE W,08,1952,87,2025,2025-06-30,97.0,green,OP0052,HOLLYBURN PROPERTIES LTD
4153962,790 EGLINTON AVE W,08,1941,57,2026,2026-07-31,91.0,green,OP0021,TORONTO COMMUNITY HOUSING CORPORATION
4153963,800 EGLINTON AVE W,08,1941,36,2025,2025-11-26,89.0,green,OP0021,TORONTO COMMUNITY HOUSING CORPORATION
4153964,840 EGLINTON AVE W,08,1941,40,2026,2026-08-10,93.0,green,OP0021,TORONTO COMMUNITY HOUSING CORPORATION
4153965,3 RIDGE HILL DR,08,1951,12,2025,2025-11-26,84.0,yellow,unattributed,
4153966,2100 BATHURST ST,08,1953,62,2024,2024-07-03,98.0,green,OP0047,O'SHANTER DEVELOPMENT COMPANY LTD.
4153967,24 SHALLMAR BLVD,08,1960,52,2026,2026-09-25,95.0,green,OP0244,SK PROPERTIES & DEVELOPMENT INC
4153968,145 ELM RIDGE DR,08,1985,53,2025,2025-11-29,90.0,green,OP0023,TCH
4153969,140 ELM RIDGE DR,08,1967,229,2025,2025-11-29,88.0,green,OP0030,DMS PROPERTY MANAGEMENT LTD.
4153970,660 BRIAR HILL AVE,08,1974,76,2025,2025-11-25,91.0,green,OP0047,O'SHANTER DEVELOPMENT COMPANY LTD.
4153971,2400 BATHURST ST,08,1953,31,2026,2026-08-21,95.0,green,OP0028,AKELIUS CANADA LTD
4153972,655 BRIAR HILL AVE,08,1967,36,2026,2026-08-20,93.0,green,OP0026,BRIARLANE RENTAL PROPERTY MANAGEMENT INC.
4153973,2500 BATHURST ST,08,1976,83,2026,2026-09-18,97.0,green,OP0025,STERLING KARAMAR PROPERTY MANAGEMENT
4153974,2515 BATHURST ST,08,1952,114,2024,2024-07-22,93.0,green,OP0488,THE HOWARD PROPERTY COMPANY (2515) INC.
4153977,668 ROSELAWN AVE,08,1988,125,2025,2025-10-28,99.0,green,OP0022,GREENWIN CORP.
4153978,680 ROSELAWN AVE,08,1965,64,2026,2026-09-17,92.0,green,OP0047,O'SHANTER DEVELOPMENT COMPANY LTD.
4153979,675 ROSELAWN AVE,08,1953,52,2025,2025-09-08,93.0,green,OP0489,HANNAH PROPERTY MANAGEMET LTD.
4153980,665 ROSELAWN AVE,08,1959,87,2025,2025-09-08,93.0,green,OP0031,HAZELVIEW PROPERTY SERVICES INC
4153981,525 CHAPLIN CRES,08,1961,110,2025,2025-07-09,93.0,green,OP0257,ELDEBRON HOLDINGS LIMITED
4153982,515 CHAPLIN CRES,08,1961,111,2024,2024-09-24,78.0,yellow,OP0257,ELDEBRON HOLDINGS LIMITED
4153983,2601 BATHURST ST,08,1953,62,2025,2025-07-09,95.0,green,OP0490,REM FACILITIES MANAGEMENT INC
4153984,650 BRIAR HILL AVE,08,1956,85,2025,2025-11-25,96.0,green,OP0182,GLEN CORPORATION
4153985,630 ROSELAWN AVE,08,1965,104,2025,2025-10-28,95.0,green,OP0047,O'SHANTER DEVELOPMENT COMPANY LTD.
4153986,640 ROSELAWN AVE,08,1958,138,2026,2026-08-10,93.0,green,OP0022,GREENWIN CORP.
4153988,2094 YONGE ST,12,1930,10,2025,2025-11-05,77.0,yellow,OP0001,TRIVEST DEVELOPMENTS CORPORATION
4153989,63 MAXWELL AVE,12,1940,33,2025,2025-11-13,92.0,green,OP0038,HANNAH PROPERTY MANAGEMENT LTD.
4153990,119 EGLINTON AVE W,12,1950,18,2024,2024-09-20,78.0,yellow,OP0491,1675959 ONTARIO LIMITED
4153991,115 EGLINTON AVE W,12,1950,18,2025,2025-09-16,58.0,red,unattributed,
4153992,48 MAXWELL AVE,12,1928,29,2026,2026-08-19,96.0,green,OP0492,WILLIAM MCBRIEN LIMITED
4153993,137 EGLINTON AVE W,12,1920,18,2025,2025-07-30,89.0,green,OP0258,GLENDALE PROPERTIES INC.
4153994,190 COLIN AVE,12,1935,40,2025,2025-11-06,81.0,yellow,OP0493,BALLITO BAY HOLDINGS (YORK) LTD.
4153995,869 AVENUE RD,12,1948,10,2025,2025-10-07,94.0,green,OP0045,CANDO APARTMENTS LTD.
4153996,873 AVENUE RD,12,1952,10,2025,2025-10-07,92.0,green,OP0045,CANDO APARTMENTS LTD.
4153997,875 AVENUE RD,12,1950,10,2025,2025-10-07,94.0,green,OP0045,CANDO APARTMENTS LTD.
4153998,893 AVENUE RD,12,1960,10,2026,2026-07-21,89.0,green,OP0039,BERKLEY PROPERTY MANAGEMENT INC.
4153999,901 AVENUE RD,12,1960,10,2025,2025-10-14,80.0,yellow,OP0039,BERKLEY PROPERTY MANAGEMENT INC.
4154000,905 AVENUE RD,12,1960,10,2026,2026-07-21,86.0,green,OP0039,BERKLEY PROPERTY MANAGEMENT INC.
4154001,211 EGLINTON AVE W,12,1955,31,2025,2025-08-27,81.0,yellow,OP0153,JB APARTMENT HOLDINGS
4154002,166 EASTBOURNE AVE,12,1940,21,2026,2026-08-13,98.0,green,OP0037,COGIR REAL ESTATE
4154003,486 ORIOLE PKWY,12,1930,21,2025,2025-10-23,82.0,yellow,OP0038,HANNAH PROPERTY MANAGEMENT LTD.
4154004,484 ORIOLE PKWY,12,1930,18,2026,2026-08-20,94.0,green,OP0038,HANNAH PROPERTY MANAGEMENT LTD.
4154005,990 AVENUE RD,12,1965,40,2026,2026-07-14,93.0,green,OP0050,CROMWELL MANAGEMENT INC.
4154006,1112 AVENUE RD,08,1961,13,2025,2025-08-27,80.0,yellow,unattributed,
4154007,1106 AVENUE RD,08,1960,22,2025,2025-07-03,100.0,green,OP0106,HIGH VALUE CONSULTANTS LTD
4154008,30 EDITH DR,08,1968,172,2025,2025-06-26,99.0,green,OP0101,CLV GROUP
4154009,107 ROSELAWN AVE,08,1954,21,2025,2025-08-12,92.0,green,OP0031,HAZELVIEW PROPERTY SERVICES INC
4154010,500 DUPLEX AVE,08,1974,319,2025,2025-12-03,99.0,green,OP0056,Q RESIDENTIAL
4154011,118 MONTGOMERY AVE,08,1952,109,2025,2025-08-12,92.0,green,OP0079,LAWRENCE CONSTRUCTION CO. LIMITED
4154012,411 DUPLEX AVE,08,1974,458,2024,2024-08-16,99.0,green,OP0029,CAPREIT
4154013,487 DUPLEX AVE,08,1900,36,2025,2025-12-03,82.0,yellow,OP0001,TRIVEST DEVELOPMENTS CORPORATION
4154014,20 ROSELAWN AVE,08,1950,12,2024,2024-07-24,87.0,green,OP0494,AMIRA TALAAT
4154015,80 CASTLEFIELD AVE,08,1955,17,2026,2026-09-01,89.0,green,OP0495,NOT APPLICABLE
4154016,132 CASTLEFIELD AVE,08,1955,26,2024,2024-07-24,98.0,green,OP0496,MAYA INVESTMENTS LTD.
4154019,2730 YONGE ST,08,1954,63,2025,2025-06-17,97.0,green,OP0043,PINEDALE PROPERTIES LTD
4154020,2770 YONGE ST,08,1950,50,2026,2026-09-10,97.0,green,unattributed,
4154021,1 CHERITAN AVE,08,1929,64,2024,2024-07-29,97.0,green,OP0497,CANADIAN APARTMENT PROPERTIES REIT
4154022,2932 YONGE ST,08,1929,46,2024,2024-07-16,99.0,green,OP0029,CAPREIT
4154023,2914 YONGE ST,08,1929,46,2025,2025-06-16,97.0,green,OP0029,CAPREIT
4154024,14 CHATSWORTH DR,08,1936,41,2026,2026-09-29,98.0,green,OP0047,O'SHANTER DEVELOPMENT COMPANY LTD.
4154025,3000 YONGE ST,08,1955,272,2025,2025-06-20,91.0,green,OP0047,O'SHANTER DEVELOPMENT COMPANY LTD.
4154026,15 BEDFORD PARK AVE,08,1960,39,2025,2025-07-09,99.0,green,OP0106,HIGH VALUE CONSULTANTS LTD
4154027,3112 YONGE ST,08,1957,41,2025,2025-06-17,97.0,green,OP0036,RANEE MANAGEMENT
4154028,3110 YONGE ST,08,1957,41,2025,2025-06-17,97.0,green,OP0036,RANEE MANAGEMENT
4154029,41 LORINDALE AVE,08,1957,26,2025,2025-08-11,86.0,green,OP0036,RANEE MANAGEMENT
4154030,45 LORINDALE AVE,08,1957,25,2026,2026-09-09,93.0,green,OP0036,RANEE MANAGEMENT
4154031,3474 YONGE ST,08,1940,27,2026,2026-10-01,87.0,green,OP0259,RKH INVESTMENT LTD
4154032,3464 YONGE ST,08,1940,27,2026,2026-06-25,71.0,yellow,OP0259,RKH INVESTMENT LTD
4154034,104 GOODWOOD PARK CRT,19,1960,122,2026,2026-08-05,94.0,green,OP0036,RANEE MANAGEMENT
4154035,102 GOODWOOD PARK CRT,19,1960,132,2025,2025-08-13,95.0,green,OP0036,RANEE MANAGEMENT
4154036,100 GOODWOOD PARK CRT,19,1956,102,2026,2026-08-05,97.0,green,OP0036,RANEE MANAGEMENT
4154037,7 CRESCENT PL,19,1971,584,2025,2025-08-05,95.0,green,OP0043,PINEDALE PROPERTIES LTD
4154038,540 DAWES RD,19,1959,43,2025,2025-11-03,91.0,green,OP0260,OLIVE CORP.
4154039,516 DAWES RD,19,1953,46,2026,2026-07-08,90.0,green,unattributed,
4154040,514 DAWES RD,19,1950,34,2026,2026-07-15,97.0,green,unattributed,
4154041,510 DAWES RD,19,1960,62,2025,2025-09-16,80.0,yellow,OP0057,NORTH 44 PROPERTY MANAGEMENT INC
4154042,508 DAWES RD,19,1959,66,2026,2026-08-26,80.0,yellow,OP0498,DAWES APARTMENTS INC.
4154043,506 DAWES RD,19,1958,67,2025,2025-10-20,96.0,green,unattributed,
4154044,500 DAWES RD,19,1966,332,2026,2026-05-28,46.0,red,OP0015,HAVCARE INVESTMENTS INC.
4154045,10 GOWER ST,19,1994,164,2025,2025-08-29,98.0,green,OP0499,VINCENTPAUL FAMILY HOMES CORPORATION
4154047,11 GLENBURN AVE,19,1962,58,2025,2025-09-10,94.0,green,OP0067,MONTEREY PARK INC.
4154048,612 DAWES RD,19,1959,61,2026,2026-09-29,96.0,green,OP0028,AKELIUS CANADA LTD
4154049,608 DAWES RD,19,1959,84,2025,2025-11-12,60.0,red,unattributed,
4154050,195 REXLEIGH DR,19,1965,106,2026,2026-08-10,92.0,green,OP0099,ADVENT PROPERTY MANAGEMENT SERVICES LTD.
4154051,418 DAWES RD,19,1970,49,2026,2026-09-01,89.0,green,OP0057,NORTH 44 PROPERTY MANAGEMENT INC
4154054,8 PARK VISTA,19,1971,56,2026,2026-08-19,96.0,green,unattributed,
4154055,6 PARK VISTA,19,1971,108,2025,2025-09-25,92.0,green,unattributed,
4154056,2 PARK VISTA,19,1971,121,2026,2026-08-10,95.0,green,unattributed,
4154057,7 PARK VISTA,19,1971,84,2026,2026-08-19,95.0,green,unattributed,
4154059,127 GLENWOOD CRES,19,1955,57,2025,2025-11-18,74.0,yellow,OP0130,FALCO PROPERTIES
4154061,2701-2703 ST CLAIR AVE E,19,1983,127,2026,2026-09-21,97.0,green,unattributed,
4154062,2922 ST CLAIR AVE E,19,1956,16,2025,2025-11-05,93.0,green,OP0261,POLOCO HOLDINGS INC.
4154063,2920 ST CLAIR AVE E,19,1956,15,2025,2025-11-20,92.0,green,OP0500,OWNER
4154064,1001 O'CONNOR DR,19,1950,84,2026,2026-09-10,92.0,green,OP0028,AKELIUS CANADA LTD
4154065,2908 ST CLAIR AVE E,19,1950,31,2025,2025-12-10,85.0,green,OP0262,OCTOPUS INVESTMENT CORP
4154066,2892 ST CLAIR AVE E,19,1955,34,2025,2025-11-05,96.0,green,OP0022,GREENWIN CORP.
4154067,2890 ST CLAIR AVE E,19,1960,31,2025,2025-11-05,84.0,yellow,OP0057,NORTH 44 PROPERTY MANAGEMENT INC
4154068,850 O'CONNOR DR,19,1979,109,2026,2026-09-10,94.0,green,OP0501,CANADIAN MACEDONIAN PLACE FOUNDATION
4154069,970 O'CONNOR DR,19,1960,56,2026,2026-07-07,86.0,green,OP0502,PANTHERA BUILDING CORP
4154070,189 CEDARVALE AVE,19,1950,78,2026,2026-09-09,88.0,green,OP0503,FOREST GATE GROUP
4154071,1017 WOODBINE AVE,19,1970,59,2025,2025-11-25,97.0,green,OP0074,IMPERRA GENERAL MANAGMENT
4154073,114 BARRINGTON AVE,19,1968,12,2025,2025-08-21,91.0,green,unattributed,
4154075,195 BARRINGTON AVE,19,1967,234,2026,2026-09-09,95.0,green,OP0036,RANEE MANAGEMENT
4154076,90 EASTDALE AVE,19,1969,383,2026,2026-09-14,97.0,green,OP0229,"PRESTON GROUP - TORONTO, ON"
4154077,2 SECORD AVE,19,1971,303,2025,2025-08-20,96.0,green,OP0504,PRESTON GROUP
4154078,75 EASTDALE AVE,19,1974,235,2026,2026-08-24,97.0,green,OP0505,COGIR MANAGEMENT CORPORATION
4154079,327 CHISHOLM AVE,19,1962,20,2026,2026-08-17,87.0,green,OP0022,GREENWIN CORP.
4154080,9 HALDON AVE,19,1962,200,2026,2026-07-22,96.0,green,OP0021,TORONTO COMMUNITY HOUSING CORPORATION
4154081,1501 WOODBINE AVE,19,1968,304,2026,2026-07-06,93.0,green,OP0024,METCAP LIVING MANAGEMENT INC.
4154082,1430 WOODBINE AVE,19,1992,61,2026,2026-08-13,96.0,green,unattributed,
4154084,470 MORTIMER AVE,14,1957,42,2026,2026-09-28,91.0,green,OP0506,MORTIMER RENTALS INC
4154085,270 DONLANDS AVE,14,2012,44,2026,2026-08-17,98.0,green,OP0263,WOODGREEN COMMUNITY SERVICES
4154086,266 DONLANDS AVE,14,1986,254,2024,2024-06-18,94.0,green,OP0021,TORONTO COMMUNITY HOUSING CORPORATION
4154087,125 COSBURN AVE,14,1960,30,2026,2026-08-24,97.0,green,OP0507,JONUS HOLDINGS INC
4154088,145 COSBURN AVE,14,1965,82,2026,2026-08-26,97.0,green,OP0022,GREENWIN CORP.
4154089,149 COSBURN AVE,14,1958,29,2025,2025-11-07,89.0,green,OP0122,VALOUR MANAGEMENT INC.
4154090,165 COSBURN AVE,14,1950,83,2026,2026-09-02,87.0,green,OP0051,FIRM CAPITAL PROPERTIES INC
4154091,175 COSBURN AVE,14,1965,30,2025,2025-07-31,92.0,green,OP0194,GRANVIEW PROPERTY MANAGEMENT
4154092,185 COSBURN AVE,14,1960,37,2026,2026-07-22,71.0,yellow,OP0003,GOLDEN EQUITY PROPERTIES
4154093,205 COSBURN AVE,14,1967,160,2026,2026-07-29,88.0,green,OP0036,RANEE MANAGEMENT
4154095,190 COSBURN AVE,14,1959,47,2025,2025-07-17,90.0,green,OP0064,ARCANOS PROPERTY MANAGEMENT CORPORATION
4154096,200 COSBURN AVE,14,1965,45,2026,2026-07-29,90.0,green,OP0194,GRANVIEW PROPERTY MANAGEMENT
4154097,210 COSBURN AVE,14,1968,33,2025,2025-11-19,83.0,yellow,unattributed,
4154098,240 COSBURN AVE,14,1959,38,2025,2025-07-16,93.0,green,OP0049,M&R PROPERTY MANAGEMENT
4154099,246 COSBURN AVE,14,1955,40,2025,2025-07-31,96.0,green,OP0105,COLONIA TREUHAND MANAGEMENT INC.
4154100,250 COSBURN AVE,14,1927,40,2025,2025-07-30,81.0,yellow,unattributed,
4154101,150 COSBURN AVE,14,1962,153,2025,2025-11-07,90.0,green,OP0183,BERNADA PROPERTIES
4154102,130 COSBURN AVE,14,1956,48,2025,2025-07-08,92.0,green,unattributed,
4154103,120 COSBURN AVE,14,1950,57,2026,2026-09-25,86.0,green,OP0508,SOWEIN APARTMENTS
4154104,257 TORRENS AVE,14,1950,17,2025,2025-07-02,94.0,green,unattributed,
4154105,280 SAMMON AVE,14,1955,34,2024,2024-09-05,71.0,yellow,unattributed,
4154106,325 SAMMON AVE,14,1950,26,2025,2025-07-02,94.0,green,OP0509,BRAYDEN IRWIN
4154107,1111 BROADVIEW AVE,14,1973,41,2026,2026-07-22,96.0,green,OP0195,CONNAUGHT YONGE SQUARE LIMITED
4154108,15 BATER AVE,14,1960,34,2025,2025-11-28,90.0,green,OP0003,GOLDEN EQUITY PROPERTIES
4154109,156 FLOYD AVE,14,1992,41,2025,2025-10-07,93.0,green,OP0104,AFFORDABLE PROPERTY MANAGEMENT
4154110,12 BATER AVE,14,1927,50,2024,2024-09-05,97.0,green,OP0028,AKELIUS CANADA LTD
4154111,25 COSBURN AVE,14,1962,129,2025,2025-07-02,91.0,green,OP0022,GREENWIN CORP.
4154112,55 COSBURN AVE,14,1973,155,2026,2026-08-10,92.0,green,OP0264,ENDERBY DEVELOPMENTS LIMITED
4154113,75 COSBURN AVE,14,1968,118,2026,2026-09-22,92.0,green,OP0510,75 CO
4154114,91 COSBURN AVE,14,1986,86,2025,2025-11-12,97.0,green,OP0022,GREENWIN CORP.
4154115,101 COSBURN AVE,14,1960,73,2026,2026-07-29,93.0,green,OP0047,O'SHANTER DEVELOPMENT COMPANY LTD.
4154116,130 GOWAN AVE,14,1968,160,2026,2026-09-28,92.0,green,OP0022,GREENWIN CORP.
4154117,60 GOWAN AVE,14,1970,118,2025,2025-07-31,95.0,green,OP0264,ENDERBY DEVELOPMENTS LIMITED
4154118,80 GOWAN AVE,14,1968,88,2026,2026-09-10,95.0,green,OP0031,HAZELVIEW PROPERTY SERVICES INC
4154119,100 GOWAN AVE,14,1966,121,2025,2025-06-16,97.0,green,OP0031,HAZELVIEW PROPERTY SERVICES INC
4154120,27 GAMBLE AVE,14,1960,75,2024,2024-09-13,92.0,green,OP0039,BERKLEY PROPERTY MANAGEMENT INC.
4154121,33 GAMBLE AVE,14,1970,28,2026,2026-09-02,86.0,green,OP0122,VALOUR MANAGEMENT INC.
4154122,45 GAMBLE AVE,14,1974,49,2026,2026-08-18,94.0,green,OP0195,CONNAUGHT YONGE SQUARE LIMITED
4154123,51 GAMBLE AVE,14,1960,49,2026,2026-08-31,73.0,yellow,OP0511,660266 ONTARIO LTD
4154124,65 GAMBLE AVE,14,1955,48,2026,2026-08-17,86.0,green,OP0512,TRIPAR MANAGEMENT
4154125,69 GAMBLE AVE,14,1958,33,2024,2024-08-14,99.0,green,OP0049,M&R PROPERTY MANAGEMENT
4154126,85 GAMBLE AVE,14,1961,81,2025,2025-07-31,96.0,green,OP0056,Q RESIDENTIAL
4154127,95 GAMBLE AVE,14,1961,94,2025,2025-07-31,96.0,green,OP0056,Q RESIDENTIAL
4154128,100 COSBURN AVE,14,1961,140,2025,2025-07-31,99.0,green,OP0022,GREENWIN CORP.
4154129,80 COSBURN AVE,14,1970,84,2025,2025-07-02,93.0,green,OP0022,GREENWIN CORP.
4154130,50 COSBURN AVE,14,1965,173,2026,2026-08-10,97.0,green,OP0049,M&R PROPERTY MANAGEMENT
4154131,30 COSBURN AVE,14,1965,26,2025,2025-09-03,92.0,green,OP0038,HANNAH PROPERTY MANAGEMENT LTD.
4154132,1175 BROADVIEW AVE,14,1970,134,2025,2025-07-31,97.0,green,OP0030,DMS PROPERTY MANAGEMENT LTD.
4154133,15 GAMBLE AVE,14,1958,27,2025,2025-07-31,91.0,green,OP0122,VALOUR MANAGEMENT INC.
4154134,100 GAMBLE AVE,14,1965,152,2025,2025-07-31,94.0,green,OP0155,NOVI PROPERTIES
4154135,72 GAMBLE AVE,14,1964,212,2026,2026-08-31,88.0,green,OP0036,RANEE MANAGEMENT
4154136,20 GAMBLE AVE,14,1964,213,2025,2025-07-31,88.0,green,OP0036,RANEE MANAGEMENT
4154137,1243 BROADVIEW AVE,14,1955,38,2025,2025-11-06,96.0,green,OP0513,APARTMENTS R US PROPERTY MGMT LTD
4154138,68 HILLSIDE DR,14,1953,44,2024,2024-07-05,95.0,green,OP0022,GREENWIN CORP.
4154139,1000 BROADVIEW AVE,14,1969,110,2025,2025-07-31,96.0,green,OP0046,WESTDALE PROPERTIES
4154140,1010 BROADVIEW AVE,14,1971,109,2024,2024-06-18,94.0,green,OP0064,ARCANOS PROPERTY MANAGEMENT CORPORATION
4154142,9 ELMSDALE RD,14,1945,38,2026,2026-09-08,88.0,green,OP0026,BRIARLANE RENTAL PROPERTY MANAGEMENT INC.
4154144,23 THORNCLIFFE PARK DR,15,1975,77,2025,2025-12-10,94.0,green,OP0022,GREENWIN CORP.
4154145,2 MILEPOST PL,15,1960,77,2025,2025-07-25,92.0,green,OP0032,PARK PROPERTY MANAGEMENT INC.
4154146,4 MILEPOST PL,15,1960,77,2026,2026-09-11,95.0,green,OP0032,PARK PROPERTY MANAGEMENT INC.
4154147,6 MILEPOST PL,15,1955,82,2025,2025-07-25,94.0,green,OP0105,COLONIA TREUHAND MANAGEMENT INC.
4154148,8 MILEPOST PL,15,1960,76,2025,2025-07-25,93.0,green,OP0031,HAZELVIEW PROPERTY SERVICES INC
4154149,27 THORNCLIFFE PARK DR,15,1960,86,2026,2026-09-17,97.0,green,OP0048,CENTURION PROPERTY ASSOCIATES INC.
4154150,35 THORNCLIFFE PARK DR,15,1964,287,2025,2025-08-12,84.0,yellow,OP0156,MORGUARD NAR CANADA L.P
4154151,43 THORNCLIFFE PARK DR,15,1965,380,2025,2025-09-05,74.0,yellow,OP0156,MORGUARD NAR CANADA L.P
4154152,47 THORNCLIFFE PARK DR,15,1966,474,2024,2024-09-18,89.0,green,OP0156,MORGUARD NAR CANADA L.P
4154153,49 THORNCLIFFE PARK DR,15,1968,400,2024,2024-07-31,81.0,yellow,OP0156,MORGUARD NAR CANADA L.P
4154154,53 THORNCLIFFE PARK DR,15,1968,279,2025,2025-09-17,91.0,green,OP0032,PARK PROPERTY MANAGEMENT INC.
4154155,65 THORNCLIFFE PARK DR,15,1967,332,2025,2025-10-17,79.0,yellow,unattributed,
4154156,71 THORNCLIFFE PARK DR,15,1966,314,2024,2024-08-27,94.0,green,OP0024,METCAP LIVING MANAGEMENT INC.
4154157,75 THORNCLIFFE PARK DR,15,1966,308,2025,2025-09-10,92.0,green,OP0022,GREENWIN CORP.
4154158,79 THORNCLIFFE PARK DR,15,1966,319,2025,2025-09-10,88.0,green,OP0022,GREENWIN CORP.
4154159,85 THORNCLIFFE PARK DR,15,1971,500,2025,2025-10-08,92.0,green,OP0103,MORGUARD CORPORATION
4154160,58 THORNCLIFFE PARK DR,15,1960,71,2025,2025-12-09,95.0,green,OP0032,PARK PROPERTY MANAGEMENT INC.
4154161,56 THORNCLIFFE PARK DR,15,1960,64,2024,2024-09-09,100.0,green,OP0032,PARK PROPERTY MANAGEMENT INC.
4154162,54 THORNCLIFFE PARK DR,15,1960,71,2025,2025-09-17,93.0,green,OP0032,PARK PROPERTY MANAGEMENT INC.
4154163,52 THORNCLIFFE PARK DR,15,1960,57,2024,2024-08-20,97.0,green,OP0032,PARK PROPERTY MANAGEMENT INC.
4154164,50 THORNCLIFFE PARK DR,15,1960,57,2024,2024-08-20,96.0,green,OP0048,CENTURION PROPERTY ASSOCIATES INC.
4154165,44 THORNCLIFFE PARK DR,15,1964,90,2025,2025-09-05,95.0,green,OP0026,BRIARLANE RENTAL PROPERTY MANAGEMENT INC.
4154166,42 THORNCLIFFE PARK DR,15,1962,60,2025,2025-08-12,98.0,green,OP0067,MONTEREY PARK INC.
4154168,36 THORNCLIFFE PARK DR,15,1959,70,2026,2026-10-04,90.0,green,OP0027,SIGNET GROUP INC.
4154169,26 THORNCLIFFE PARK DR,15,1960,62,2025,2025-11-28,96.0,green,OP0048,CENTURION PROPERTY ASSOCIATES INC.
4154170,6 GRANDSTAND PL,15,1958,60,2026,2026-08-14,97.0,green,OP0048,CENTURION PROPERTY ASSOCIATES INC.
4154171,4 GRANDSTAND PL,15,1962,60,2026,2026-09-11,93.0,green,OP0079,LAWRENCE CONSTRUCTION CO. LIMITED
4154172,2 GRANDSTAND PL,15,1960,60,2026,2026-08-07,90.0,green,OP0050,CROMWELL MANAGEMENT INC.
4154173,22 THORNCLIFFE PARK DR,15,1959,60,2025,2025-08-12,91.0,green,OP0223,CENTURY HOLDINGS LTD.
4154174,18 THORNCLIFFE PARK DR,15,1985,109,2025,2025-11-28,94.0,green,OP0514,PRECISION PROPERTY MANAGEMENT
4154175,12 THORNCLIFFE PARK DR,15,1988,219,2026,2026-08-19,95.0,green,OP0021,TORONTO COMMUNITY HOUSING CORPORATION
4154176,701 DON MILLS RD,16,1960,350,2026,2026-07-03,70.0,yellow,OP0025,STERLING KARAMAR PROPERTY MANAGEMENT
4154177,871 MILLWOOD RD,15,1947,15,2026,2026-09-08,90.0,green,OP0515,WILANMAR HOLDINGS LTD.
4154179,823 MILLWOOD RD,15,1950,13,2026,2026-09-08,91.0,green,OP0516,THRIVING PROPERTY MANAGEMENT
4154180,1291 BAYVIEW AVE,15,1965,69,2025,2025-09-02,95.0,green,OP0050,CROMWELL MANAGEMENT INC.
4154181,1295 BAYVIEW AVE,15,1953,19,2025,2025-09-02,98.0,green,OP0265,ROBERT SLIGHTHAM
4154182,1299 BAYVIEW AVE,15,1953,19,2026,2026-08-21,99.0,green,OP0265,ROBERT SLIGHTHAM
4154183,1315 BAYVIEW AVE,15,1950,38,2025,2025-09-02,91.0,green,OP0196,AGC GROUP LTD
4154184,1477 BAYVIEW AVE,15,1941,105,2026,2026-09-10,90.0,green,OP0099,ADVENT PROPERTY MANAGEMENT SERVICES LTD.
4154185,715 MILLWOOD RD,15,1950,14,2025,2025-08-06,95.0,green,unattributed,
4154186,1220 BAYVIEW AVE,15,1954,48,2026,2026-07-07,97.0,green,OP0064,ARCANOS PROPERTY MANAGEMENT CORPORATION
4154187,15 MALLORY CRES,15,1962,34,2025,2025-08-06,92.0,green,OP0517,15 MALLORY CRESCENT - MANSTON CONSTRUCTION LIMITED AND SYLWAKS INVESTMENT LTD.
4154188,18 KENRAE RD,15,1956,13,2025,2025-10-28,98.0,green,OP0518,DREAM DEVELOPMENT GROUP CORPORATION
4154189,872 MILLWOOD RD,15,1939,10,2025,2025-08-06,97.0,green,unattributed,
4154190,795 EGLINTON AVE E,15,1986,88,2026,2026-08-24,97.0,green,unattributed,
4154191,1741 BAYVIEW AVE,15,1960,26,2025,2025-09-11,89.0,green,unattributed,
4154192,972 EGLINTON AVE E,15,1962,49,2026,2026-07-17,89.0,green,OP0191,JERUDAN DEVELOPMENTS LIMITED
4154193,970 EGLINTON AVE E,15,1965,50,2026,2026-07-17,92.0,green,OP0191,JERUDAN DEVELOPMENTS LIMITED
4154194,964 EGLINTON AVE E,15,1954,12,2026,2026-09-17,94.0,green,unattributed,
4154195,960 EGLINTON AVE E,15,1944,16,2025,2025-09-29,90.0,green,OP0261,POLOCO HOLDINGS INC.
4154196,27 BRENTCLIFFE RD,15,1960,12,2026,2026-08-14,76.0,yellow,OP0519,GIA PROPERTY MANAGEMENT
4154197,31 BRENTCLIFFE RD,15,1958,16,2025,2025-10-28,84.0,yellow,unattributed,
4154198,958 EGLINTON AVE E,15,1945,24,2025,2025-09-29,93.0,green,OP0038,HANNAH PROPERTY MANAGEMENT LTD.
4154199,904 EGLINTON AVE E,15,1958,23,2025,2025-12-01,78.0,yellow,unattributed,
4154200,898 EGLINTON AVE E,15,1954,21,2026,2026-08-21,99.0,green,OP0058,WJ PROPERTIES
4154201,896 EGLINTON AVE E,15,1950,43,2026,2026-08-14,89.0,green,OP0520,GOLDIE IMPORTS OF CANADA LIMITED
4154202,894 EGLINTON AVE E,15,1954,44,2025,2025-09-22,91.0,green,OP0197,ROYAL LEPAGE SIGNATURE REALTY
4154203,892 EGLINTON AVE E,15,1961,37,2025,2025-09-22,92.0,green,OP0001,TRIVEST DEVELOPMENTS CORPORATION
4154204,888 EGLINTON AVE E,15,1954,18,2025,2025-09-22,88.0,green,OP0001,TRIVEST DEVELOPMENTS CORPORATION
4154205,1903 BAYVIEW AVE,15,1965,27,2025,2025-09-11,96.0,green,unattributed,
4154206,1911 BAYVIEW AVE,15,1911,20,2026,2026-09-11,90.0,green,unattributed,
4154207,1833 BAYVIEW AVE,15,1965,112,2026,2026-09-08,94.0,green,OP0022,GREENWIN CORP.
4154208,1760 WILSON AVE,07,1955,32,2026,2026-09-30,94.0,green,OP0003,GOLDEN EQUITY PROPERTIES
4154209,1770 WILSON AVE,07,1954,31,2025,2025-11-06,92.0,green,unattributed,
4154210,1780 WILSON AVE,07,1954,31,2025,2025-11-06,95.0,green,OP0003,GOLDEN EQUITY PROPERTIES
4154211,1738 WILSON AVE,07,1950,10,2025,2025-11-07,82.0,yellow,OP0266,ROXBOROUGH COMMUNITIES
4154212,1740 WILSON AVE,07,1953,11,2026,2026-08-11,90.0,green,unattributed,
4154213,1742 WILSON AVE,07,1950,10,2026,2026-08-27,86.0,green,OP0521,MARMOR INVESTMENTS INC
4154214,1744 WILSON AVE,07,1950,10,2025,2025-11-07,87.0,green,OP0266,ROXBOROUGH COMMUNITIES
4154215,1746 WILSON AVE,07,1964,10,2026,2026-09-30,88.0,green,unattributed,
4154216,1748 WILSON AVE,07,1973,10,2026,2026-08-19,96.0,green,OP0522,A.V. MANAGEMENT LTD.
4154217,1750 WILSON AVE,07,1967,10,2026,2026-07-31,87.0,green,OP0523,A TOUCH FROM HEAVEN
4154218,25 DALLNER RD,07,1985,71,2026,2026-07-27,92.0,green,OP0099,ADVENT PROPERTY MANAGEMENT SERVICES LTD.
4154219,99 MATTSON RD,07,1965,30,2025,2025-11-20,96.0,green,unattributed,
4154220,200 CHALKFARM DR,07,1974,223,2026,2026-08-19,93.0,green,OP0022,GREENWIN CORP.
4154221,180 CHALKFARM DR,07,1972,263,2025,2025-10-16,80.0,yellow,OP0022,GREENWIN CORP.
4154222,170 CHALKFARM DR,07,1972,262,2026,2026-08-19,94.0,green,OP0022,GREENWIN CORP.
4154223,160 CHALKFARM DR,07,1972,466,2025,2025-10-16,75.0,yellow,OP0022,GREENWIN CORP.
4154224,2600 JANE ST,07,1960,115,2025,2025-10-15,96.0,green,OP0045,CANDO APARTMENTS LTD.
4154226,2020 SHEPPARD AVE W,07,1967,204,2025,2025-10-09,94.0,green,OP0029,CAPREIT
4154228,2740 JANE ST,07,1972,52,2026,2026-09-30,98.0,green,OP0112,PERFORMANCE PROPERTY MANAGEMENT INC.
4154229,2770 JANE ST,07,1968,144,2025,2025-08-08,92.0,green,OP0124,PSN PROPERTIES INC.
4154230,2850 JANE ST,07,1971,156,2025,2025-10-23,75.0,yellow,unattributed,
4154231,2940 JANE ST,07,1970,153,2026,2026-09-21,98.0,green,OP0114,1597180 ONTARIO INC
4154232,2900 JANE ST,07,1960,183,2026,2026-09-10,93.0,green,OP0524,1312251 ONTARIO LIMITED
4154233,2970 JANE ST,07,1970,164,2026,2026-09-21,98.0,green,OP0114,1597180 ONTARIO INC
4154234,1825 FINCH AVE W,07,1971,171,2026,2026-09-02,90.0,green,OP0167,KINGS COLLEGE MANAGEMENT LIMITED
4154235,45 DRIFTWOOD AVE,07,1970,137,2026,2026-09-01,86.0,green,OP0525,TERRACE WOOD APARTMENTS C/O SKYVIEW LIVING
4154236,101 DRIFTWOOD AVE,07,1971,32,2026,2026-09-01,88.0,green,OP0526,101 DRIFTWOOD APTS LTD
4154237,50 DRIFTWOOD AVE,07,1970,109,2025,2025-10-17,92.0,green,OP0031,HAZELVIEW PROPERTY SERVICES INC
4154238,2755 JANE ST,07,1968,118,2025,2025-10-15,90.0,green,OP0124,PSN PROPERTIES INC.
4154239,2775 JANE ST,07,1975,198,2024,2024-06-26,91.0,green,OP0026,BRIARLANE RENTAL PROPERTY MANAGEMENT INC.
4154243,1900 SHEPPARD AVE W,07,2008,27,2024,2024-06-24,87.0,green,OP0021,TORONTO COMMUNITY HOUSING CORPORATION
4154244,2433 FINCH AVE W,07,1959,117,2025,2025-09-26,77.0,yellow,OP0527,FINCH MAIN GARDENS LTD
4154246,2405 FINCH AVE W,07,1972,258,2025,2025-10-10,80.0,yellow,OP0035,MEDALLION CORPORATION
4154247,2397 FINCH AVE W,07,1970,121,2026,2026-08-19,99.0,green,OP0025,STERLING KARAMAR PROPERTY MANAGEMENT
4154248,3400 WESTON RD,07,1972,263,2025,2025-10-14,76.0,yellow,OP0035,MEDALLION CORPORATION
4154249,10 JAYZEL DR,07,1966,90,2025,2025-10-20,93.0,green,OP0026,BRIARLANE RENTAL PROPERTY MANAGEMENT INC.
4154250,137 LINDYLOU RD,07,1962,114,2025,2025-11-02,98.0,green,OP0044,GOLD SEAL MANAGEMENT INC.
4154251,3001 FINCH AVE W,07,1993,166,2025,2025-10-14,95.0,green,OP0528,AHMADIYYA ABODE OF PEACE
4154253,3286 WESTON RD,07,1961,55,2025,2025-08-07,84.0,yellow,OP0088,SILVERCORE PROPERTIES INC
4154254,3266 WESTON RD,07,1961,59,2026,2026-08-17,99.0,green,OP0088,SILVERCORE PROPERTIES INC
4154255,3345 WESTON RD,07,1963,57,2026,2026-08-07,90.0,green,OP0267,PJJASLAR HOLDINGS - WESTRIDGE PROPERTIES LP
4154256,3355 WESTON RD,07,1963,57,2026,2026-08-07,90.0,green,OP0267,PJJASLAR HOLDINGS - WESTRIDGE PROPERTIES LP
4154257,3 DAMASK AVE,07,1960,10,2025,2025-08-08,88.0,green,unattributed,
4154258,5 DAMASK AVE,07,1973,12,2026,2026-08-17,92.0,green,OP0529,DANDDMANAGEMENT
4154259,3101 WESTON RD,07,1984,176,2025,2025-10-10,89.0,green,OP0041,DEL MANAGMENT
4154260,73 LOVILLA BLVD,07,1952,16,2026,2026-08-07,92.0,green,OP0530,WEDGEWOOD COLUMBUS LIMITED
4154261,35 TOBERMORY DR,07,1969,138,2026,2026-06-23,92.0,green,OP0025,STERLING KARAMAR PROPERTY MANAGEMENT
4154262,10 SAN ROMANOWAY,07,1977,428,2026,2026-06-26,89.0,green,OP0120,RPMS
4154263,25 STONG CRT,07,1967,151,2025,2025-10-09,94.0,green,OP0026,BRIARLANE RENTAL PROPERTY MANAGEMENT INC.
4154264,35 SHOREHAM DR,07,1969,323,2025,2025-10-09,94.0,green,OP0021,TORONTO COMMUNITY HOUSING CORPORATION
4154265,310 NISKA RD,07,1969,167,2026,2026-07-17,92.0,green,OP0107,COGIR MANAGEMENT CORPORATION GP
4154266,320 NISKA RD,07,1974,169,2025,2025-10-08,91.0,green,OP0039,BERKLEY PROPERTY MANAGEMENT INC.
4154267,4001 STEELES AVE W,07,1973,356,2024,2024-07-02,73.0,yellow,OP0089,N.H.D. DEVELOPMENTS LIMITED
4154268,5000 JANE ST,07,1975,291,2025,2025-10-21,78.0,yellow,OP0089,N.H.D. DEVELOPMENTS LIMITED
4154270,4800 JANE ST,07,1973,97,2026,2026-07-07,79.0,yellow,OP0089,N.H.D. DEVELOPMENTS LIMITED
4154271,4500 JANE ST,07,1967,163,2024,2024-07-05,93.0,green,OP0022,GREENWIN CORP.
4154272,90 YORK GATE BLVD,07,1966,40,2025,2025-10-28,70.0,yellow,unattributed,
4154273,100 YORK GATE BLVD,07,1965,133,2025,2025-10-08,88.0,green,OP0025,STERLING KARAMAR PROPERTY MANAGEMENT
4154274,2350 FINCH AVE W,07,2008,15,2025,2025-08-08,89.0,green,OP0021,TORONTO COMMUNITY HOUSING CORPORATION
4154275,25 DUNCANWOODS DR,07,1960,148,2026,2026-07-14,96.0,green,OP0045,CANDO APARTMENTS LTD.
4154276,35 DUNCANWOODS DR,07,1969,75,2024,2024-08-20,95.0,green,OP0044,GOLD SEAL MANAGEMENT INC.
4154277,50 PEARLDALE AVE,07,1965,96,2024,2024-08-07,88.0,green,OP0531,CASMIK PROPERTY MANAGEMENT
4154278,2600 FINCH AVE W,07,1971,113,2024,2024-08-06,94.0,green,OP0532,JOLAN PROPERTIES INC.
4154279,2050 KEELE ST,05,1959,187,2025,2025-11-10,94.0,green,OP0027,SIGNET GROUP INC.
4154280,11 GULLIVER RD,05,1966,42,2025,2025-11-10,97.0,green,OP0044,GOLD SEAL MANAGEMENT INC.
4154281,17 GULLIVER RD,05,1960,42,2025,2025-11-10,93.0,green,OP0069,LANDLORD PROPERTY & RENTAL MANAGEMENT INC
4154282,21 GULLIVER RD,05,1961,51,2025,2025-11-10,93.0,green,OP0049,M&R PROPERTY MANAGEMENT
4154283,25 GULLIVER RD,05,1961,52,2026,2026-07-29,95.0,green,OP0049,M&R PROPERTY MANAGEMENT
4154284,35 GULLIVER RD,05,1967,42,2026,2026-07-30,96.0,green,unattributed,
4154285,45 GULLIVER RD,05,1965,43,2026,2026-08-06,95.0,green,OP0038,HANNAH PROPERTY MANAGEMENT LTD.
4154286,150 CULFORD RD,05,1954,110,2026,2026-07-21,95.0,green,OP0045,CANDO APARTMENTS LTD.
4154287,2250 KEELE ST,05,1958,10,2026,2026-08-11,97.0,green,unattributed,
4154289,2246 KEELE ST,05,1957,22,2026,2026-08-15,90.0,green,OP0009,CATERINA PROPERTIES INCORPORATED
4154290,2214 KEELE ST,05,1992,89,2026,2026-08-21,90.0,green,OP0533,NORTHMINSTER RESIDENCES OF TORONTO
4154291,2110 KEELE ST,05,1961,93,2026,2026-07-27,98.0,green,OP0026,BRIARLANE RENTAL PROPERTY MANAGEMENT INC.
4154292,2100 KEELE ST,05,1961,71,2026,2026-07-27,97.0,green,OP0268,PRESIDENTIAL MSH CORPORATION
4154293,14 GULLIVER RD,05,1960,57,2025,2025-11-13,83.0,yellow,OP0534,RICHTREE CAPITAL CORP
4154294,26 GULLIVER RD,05,1963,53,2026,2026-07-31,94.0,green,OP0198,CANAL PROPERTY MANAGEMENT
4154295,34 GULLIVER RD,05,1961,47,2025,2025-11-13,92.0,green,OP0171,RYDEL MANAGEMENT INC.
4154296,42 GULLIVER RD,05,1960,60,2026,2026-08-15,94.0,green,OP0027,SIGNET GROUP INC.
4154297,70 GULLIVER RD,05,1960,19,2026,2026-07-30,88.0,green,unattributed,
4154298,1619 LAWRENCE AVE W,05,1962,24,2025,2025-09-26,82.0,yellow,unattributed,
4154299,1577 LAWRENCE AVE W,05,1970,350,2025,2025-11-18,86.0,green,OP0027,SIGNET GROUP INC.
4154300,2370 KEELE ST,05,1957,47,2025,2025-11-13,84.0,yellow,OP0199,ROYAL DOWNS DEVELOPMENT LIMITED
4154301,2368 KEELE ST,05,1957,47,2026,2026-08-28,97.0,green,OP0199,ROYAL DOWNS DEVELOPMENT LIMITED
4154302,2 ARROWSMITH AVE,05,1960,11,2026,2026-07-21,75.0,yellow,OP0135,MPM INC.
4154303,16 ARROWSMITH AVE,05,1953,11,2025,2025-10-23,94.0,green,OP0535,2579024 ONTARIO INC
4154304,2417 KEELE ST,05,1950,12,2025,2025-11-13,75.0,yellow,unattributed,
4154305,2419 KEELE ST,05,1954,12,2025,2025-11-13,97.0,green,unattributed,
4154306,2421 KEELE ST,05,1953,12,2026,2026-08-04,99.0,green,unattributed,
4154307,2423 KEELE ST,05,1954,12,2026,2026-08-04,99.0,green,unattributed,
4154308,2425 KEELE ST,05,1950,12,2025,2025-11-13,96.0,green,unattributed,
4154309,1252 LAWRENCE AVE W,05,1958,10,2026,2026-07-28,99.0,green,unattributed,
4154310,2567 KEELE ST,05,1958,26,2025,2025-11-13,93.0,green,OP0116,N/A
4154311,2595 KEELE ST,05,1958,23,2026,2026-08-21,82.0,yellow,OP0536,SULIN PROPERTY GROUP
4154312,2597 KEELE ST,05,1955,39,2026,2026-09-21,74.0,yellow,OP0537,MACDANE INVESTMENTS
4154313,2605 KEELE ST,05,1950,12,2025,2025-11-13,88.0,green,unattributed,
4154314,2623 KEELE ST,05,1965,11,2025,2025-11-14,98.0,green,OP0538,CORREL HOLDINGS INC.
4154315,2637 KEELE ST,05,1958,12,2026,2026-09-16,95.0,green,OP0539,A.E.V. GUIDA
4154316,2639 KEELE ST,05,1953,11,2026,2026-09-02,68.0,red,unattributed,
4154317,2641 KEELE ST,05,1955,21,2026,2026-08-24,83.0,yellow,unattributed,
4154318,2643 KEELE ST,05,1955,21,2025,2025-11-14,91.0,green,unattributed,
4154319,2645 KEELE ST,05,1953,21,2026,2026-08-27,86.0,green,OP0540,FRANCESCHI FAMILY HOLDINGS INC
4154320,512 RUSTIC RD,05,1958,23,2026,2026-07-08,97.0,green,unattributed,
4154321,2647 KEELE ST,05,1960,33,2026,2026-09-28,87.0,green,unattributed,
4154322,15 MARTHA EATON WAY,05,1984,364,2026,2026-07-13,84.0,yellow,OP0269,BGO
4154323,101 BROOKHAVEN DR,05,1965,19,2025,2025-10-24,95.0,green,unattributed,
4154324,1809 LAWRENCE AVE W,05,1961,32,2026,2026-07-29,92.0,green,OP0541,AMG APARTMENTS INC
4154325,1605 JANE ST,05,1958,28,2025,2025-10-22,96.0,green,unattributed,
4154326,1607 JANE ST,05,1960,29,2026,2026-07-15,91.0,green,OP0542,EMPRO CERDOMUS INVESTMENTS INC.
4154327,1724 LAWRENCE AVE W,05,1959,30,2026,2026-09-28,100.0,green,OP0543,354256 ONTARIO LTD
4154328,1728 LAWRENCE AVE W,05,1960,34,2025,2025-10-24,90.0,green,OP0544,2143753 ONTARIO INC
4154329,1750 LAWRENCE AVE W,05,1979,70,2025,2025-10-24,96.0,green,unattributed,
4154330,1747-1755 JANE ST,05,1971,102,2026,2026-07-20,83.0,yellow,OP0035,MEDALLION CORPORATION
4154331,1795 JANE ST,05,1960,105,2025,2025-10-24,86.0,green,OP0545,1411080 ONTARIO LIMITED
4154333,1855 JANE ST,05,1970,206,2026,2026-07-15,95.0,green,OP0043,PINEDALE PROPERTIES LTD
4154335,2552 KEELE ST,05,1954,29,2026,2026-08-17,92.0,green,OP0059,THE BROWN GROUP OF COMPANIES INC.
4154336,2550 KEELE ST,05,1955,12,2025,2025-11-14,83.0,yellow,OP0546,930264 ONTARIO LIMITED
4154337,2548 KEELE ST,05,1955,12,2025,2025-11-14,84.0,yellow,unattributed,
4154338,2500 KEELE ST,05,1977,95,2025,2025-11-24,87.0,green,OP0003,GOLDEN EQUITY PROPERTIES
4154339,2460 KEELE ST,05,1967,57,2026,2026-08-13,80.0,yellow,OP0003,GOLDEN EQUITY PROPERTIES
4154340,1630 LAWRENCE AVE W,05,1994,100,2025,2025-11-25,76.0,yellow,OP0104,AFFORDABLE PROPERTY MANAGEMENT
4154341,1640 LAWRENCE AVE W,05,1965,92,2026,2026-07-29,74.0,yellow,OP0157,DRAKE PROPERTY MANAGEMENT
4154342,1570 LAWRENCE AVE W,05,1960,87,2026,2026-08-05,75.0,yellow,OP0157,DRAKE PROPERTY MANAGEMENT
4154343,2 PIMLICO RD,05,1959,12,2025,2025-11-28,92.0,green,OP0547,BROKENGOAT INVESTMENTS
4154344,1524 LAWRENCE AVE W,05,1963,76,2026,2026-08-05,74.0,yellow,OP0051,FIRM CAPITAL PROPERTIES INC
4154345,1550 LAWRENCE AVE W,05,1963,95,2025,2025-11-24,85.0,green,OP0270,LAURENTIA APARTMENTS LTD.
4154346,1560 LAWRENCE AVE W,05,1962,76,2025,2025-11-24,81.0,yellow,OP0270,LAURENTIA APARTMENTS LTD.
4154347,2440 KEELE ST,05,1958,34,2026,2026-08-13,70.0,yellow,OP0158,JENNIC INVESTMENTS INC.
4154348,2434 KEELE ST,05,1950,12,2025,2025-11-24,88.0,green,OP0125,IPG MANAGEMENT GROUP
4154349,2432 KEELE ST,05,1960,12,2025,2025-11-24,90.0,green,OP0548,GENTILE HOLDINGS LTD
4154350,2430 KEELE ST,05,,12,2026,2026-08-12,74.0,yellow,OP0549,TOSCANO INVESTMENTS INC.
4154351,2428 KEELE ST,05,1950,10,2025,2025-11-25,89.0,green,unattributed,
4154352,2422 KEELE ST,05,1950,10,2025,2025-11-25,92.0,green,OP0200,NONE
4154353,2420 KEELE ST,05,1958,11,2025,2025-11-25,99.0,green,unattributed,
4154354,2418 KEELE ST,05,1960,11,2026,2026-09-18,80.0,yellow,OP0135,MPM INC.
4154355,2416 KEELE ST,05,1954,17,2026,2026-07-14,83.0,yellow,unattributed,
4154356,1440 LAWRENCE AVE W,05,1967,207,2025,2025-11-21,80.0,yellow,OP0271,BARNEY RIVER
4154357,331 FALSTAFF AVE,05,1957,11,2026,2026-07-08,81.0,yellow,unattributed,
4154358,2624 KEELE ST,05,1954,11,2026,2026-08-24,80.0,yellow,unattributed,
4154359,2622 KEELE ST,05,1954,11,2025,2025-11-26,90.0,green,OP0550,2842845 ONTARIO INC
4154360,2620 KEELE ST,05,1984,11,2025,2025-11-26,91.0,green,unattributed,
4154361,2618 KEELE ST,05,1955,11,2026,2026-09-21,84.0,yellow,OP0272,CINTREX PROPERTY MANAGEMENT
4154362,2616 KEELE ST,05,1956,11,2025,2025-11-26,91.0,green,OP0272,CINTREX PROPERTY MANAGEMENT
4154363,835 WILSON AVE,06,1960,12,2025,2025-07-17,91.0,green,OP0273,TEK INVESTMENT
4154364,833 WILSON AVE,06,1960,12,2026,2026-08-14,89.0,green,OP0273,TEK INVESTMENT
4154365,831 WILSON AVE,06,1955,11,2026,2026-08-14,80.0,yellow,unattributed,
4154366,829 WILSON AVE,06,1953,11,2026,2026-08-13,92.0,green,OP0071,WESTHAVEN PROPERTY MANAGEMENT INC.
4154367,827 WILSON AVE,06,1953,11,2025,2026-08-14,91.0,green,OP0071,WESTHAVEN PROPERTY MANAGEMENT INC.
4154368,825 WILSON AVE,06,1953,11,2026,2026-08-11,92.0,green,OP0071,WESTHAVEN PROPERTY MANAGEMENT INC.
4154369,823 WILSON AVE,06,1953,11,2026,2026-08-11,89.0,green,OP0071,WESTHAVEN PROPERTY MANAGEMENT INC.
4154370,23 ANTHONY RD,06,1958,12,2026,2026-07-16,90.0,green,unattributed,
4154371,4 HARTHAM PL,06,1956,12,2025,2025-07-22,76.0,yellow,OP0551,IGNAZIO AGUECI
4154372,6 HARTHAM PL,06,1958,26,2025,2025-07-22,97.0,green,unattributed,
4154373,5 HARTHAM PL,06,1959,26,2026,2026-08-19,94.0,green,OP0063,KNRS PROPERTIES INC
4154374,3 HARTHAM PL,06,1958,11,2026,2026-08-19,93.0,green,unattributed,
4154375,17 ANTHONY RD,06,1950,11,2025,2025-07-18,79.0,yellow,OP0071,WESTHAVEN PROPERTY MANAGEMENT INC.
4154376,939-941 WILSON AVE,06,1953,16,2026,2026-08-28,79.0,yellow,OP0200,NONE
4154377,933-937 WILSON AVE,06,1960,36,2026,2026-08-25,93.0,green,OP0274,592182 ONTARIO LIMITED
4154378,923-925 WILSON AVE,06,1960,23,2026,2026-08-25,92.0,green,OP0274,592182 ONTARIO LIMITED
4154379,921 WILSON AVE,06,1960,44,2025,2025-07-17,93.0,green,OP0552,2291007 ONTARIO LIMITED
4154380,27 PAXTONIA BLVD,06,1953,50,2026,2026-08-26,97.0,green,OP0028,AKELIUS CANADA LTD
4154381,31 PAXTONIA BLVD,06,1964,50,2026,2026-09-01,97.0,green,OP0028,AKELIUS CANADA LTD
4154382,1277 WILSON AVE,06,1968,80,2025,2025-06-12,93.0,green,OP0038,HANNAH PROPERTY MANAGEMENT LTD.
4154383,1265 WILSON AVE,06,1970,61,2025,2025-06-12,95.0,green,OP0031,HAZELVIEW PROPERTY SERVICES INC
4154384,1537 WILSON AVE,06,1960,42,2026,2026-08-24,93.0,green,OP0275,2585277 ONTARIO LIMITED
4154385,1533 WILSON AVE,06,1960,42,2025,2025-06-16,93.0,green,OP0275,2585277 ONTARIO LIMITED
4154386,1525 WILSON AVE,06,1958,21,2025,2025-06-16,78.0,yellow,unattributed,
4154387,1515 WILSON AVE,06,1958,55,2025,2025-06-16,75.0,yellow,unattributed,
4154388,1505 WILSON AVE,06,1958,55,2025,2025-06-13,86.0,green,OP0003,GOLDEN EQUITY PROPERTIES
4154389,1497 WILSON AVE,06,1955,42,2025,2025-06-13,90.0,green,OP0196,AGC GROUP LTD
4154390,1491 WILSON AVE,06,1971,40,2025,2025-06-13,91.0,green,OP0553,2563698 ONTARIO LIMITED
4154391,1477 WILSON AVE,06,1958,42,2025,2025-06-13,79.0,yellow,unattributed,
4154392,1455 WILSON AVE,06,1960,66,2026,2026-09-02,92.0,green,OP0554,1827075 ONTARIO LIMITED
4154393,1395 WILSON AVE,06,1958,35,2025,2025-06-13,99.0,green,OP0555,GOWAN PROPERTY MANAGEMENT
4154394,1393 WILSON AVE,06,1960,82,2025,2025-06-13,99.0,green,OP0556,2127071 ONTARIO LIMITED
4154395,1391 WILSON AVE,06,1960,36,2025,2025-06-12,100.0,green,OP0557,2331304 ONTARIO LIMITED
4154396,1309 WILSON AVE,06,1960,84,2025,2025-06-12,94.0,green,OP0097,BIDDINGTON PROPERTY MANAGEMENT CORP.
4154397,1307 WILSON AVE,06,1960,81,2025,2025-06-12,81.0,yellow,OP0024,METCAP LIVING MANAGEMENT INC.
4154398,1305 WILSON AVE,06,1960,86,2025,2025-06-12,91.0,green,OP0097,BIDDINGTON PROPERTY MANAGEMENT CORP.
4154399,1303 WILSON AVE,06,1960,85,2026,2026-09-03,89.0,green,OP0024,METCAP LIVING MANAGEMENT INC.
4154400,2195 JANE ST,06,1966,294,2026,2026-07-28,94.0,green,OP0021,TORONTO COMMUNITY HOUSING CORPORATION
4154401,2217 JANE ST,06,1950,12,2025,2025-08-14,83.0,yellow,OP0558,VINCENZA PAOLELLA
4154402,2219 JANE ST,06,1964,12,2026,2026-08-07,92.0,green,OP0276,S & T INC
4154403,2221 JANE ST,06,1964,12,2026,2026-08-07,85.0,green,OP0559,S & T  TWO INC
4154404,2233 JANE ST,06,1965,39,2026,2026-09-18,91.0,green,unattributed,
4154405,1286 WILSON AVE,06,1993,124,2026,2026-08-21,97.0,green,OP0021,TORONTO COMMUNITY HOUSING CORPORATION
4154406,1330 WILSON AVE,06,1968,27,2026,2026-09-23,95.0,green,OP0001,TRIVEST DEVELOPMENTS CORPORATION
4154407,1154 WILSON AVE,06,1970,229,2025,2025-09-19,93.0,green,OP0026,BRIARLANE RENTAL PROPERTY MANAGEMENT INC.
4154409,5 AGATE RD,06,1967,118,2025,2025-10-08,65.0,red,unattributed,
4154410,1130 WILSON AVE,06,1965,121,2026,2026-09-20,98.0,green,OP0560,WILSON HUMBER RIVER APARTMENTS INC.
4154411,2788 KEELE ST,06,1962,41,2025,2025-07-29,90.0,green,OP0022,GREENWIN CORP.
4154412,2782 KEELE ST,06,1965,27,2026,2026-10-02,88.0,green,OP0201,MARSHA SWITZER
4154413,1 WANDLE AVE,06,1954,12,2026,2026-08-11,88.0,green,OP0561,THISTLE C.N.C LTD.
4154414,2842 KEELE ST,06,1957,12,2025,2026-08-19,88.0,green,OP0562,SUSYN SMITH
4154415,2818 KEELE ST,06,1972,11,2025,2026-08-14,83.0,yellow,OP0277,MECKK PROPERTIES LIMITED
4154416,2816 KEELE ST,06,1955,12,2025,2025-07-29,91.0,green,OP0201,MARSHA SWITZER
4154417,2808 KEELE ST,06,1950,54,2025,2025-07-29,94.0,green,OP0563,709 KEELE HOLDINGS LIMITED
4154418,11 CALVINGTON DR,06,1945,12,2026,2026-08-18,90.0,green,unattributed,
4154419,2880 KEELE ST,06,1950,12,2026,2026-07-21,90.0,green,unattributed,
4154420,2868 KEELE ST,06,1959,30,2026,2026-08-06,75.0,yellow,unattributed,
4154421,2866 KEELE ST,06,1955,11,2026,2026-07-30,69.0,red,unattributed,
4154422,2864 KEELE ST,06,1960,11,2025,2026-08-18,94.0,green,OP0564,A M AND FAMILY HOLDINGS INC
4154423,2856 KEELE ST,06,1969,11,2026,2026-07-29,96.0,green,unattributed,
4154424,2854 KEELE ST,06,1955,11,2026,2026-08-20,90.0,green,OP0565,LINDAWACHTEL
4154425,2852 KEELE ST,06,1945,11,2026,2026-08-19,91.0,green,unattributed,
4154426,2850 KEELE ST,06,1963,12,2025,2025-07-30,87.0,green,OP0071,WESTHAVEN PROPERTY MANAGEMENT INC.
4154427,2900 KEELE ST,06,1968,12,2025,2025-07-31,49.0,red,unattributed,
4154428,2251 JANE ST,06,1965,11,2025,2025-07-28,98.0,green,OP0072,FLORIRI VILLAGE INVESTMENTS INC
4154429,2253 JANE ST,06,1965,11,2025,2025-07-28,99.0,green,OP0072,FLORIRI VILLAGE INVESTMENTS INC
4154430,2255 JANE ST,06,1965,11,2026,2026-09-14,100.0,green,OP0072,FLORIRI VILLAGE INVESTMENTS INC
4154431,2257 JANE ST,06,1965,11,2025,2025-07-28,98.0,green,OP0072,FLORIRI VILLAGE INVESTMENTS INC
4154432,32 HEATHROW DR,06,1965,11,2026,2026-09-14,100.0,green,OP0072,FLORIRI VILLAGE INVESTMENTS INC
4154433,28 HEATHROW DR,06,1965,11,2026,2026-09-14,100.0,green,OP0072,FLORIRI VILLAGE INVESTMENTS INC
4154434,195 EXBURY RD,06,1968,159,2025,2025-10-06,86.0,green,OP0124,PSN PROPERTIES INC.
4154435,2415 JANE ST,06,1968,158,2025,2025-10-06,87.0,green,OP0124,PSN PROPERTIES INC.
4154436,2425 JANE ST,06,1970,159,2026,2026-09-18,95.0,green,OP0566,RAFAELLO PLACE
4154437,2994 KEELE ST,06,1954,12,2025,2025-09-18,87.0,green,unattributed,
4154438,2990 KEELE ST,06,1952,11,2025,2025-09-24,84.0,yellow,OP0278,DEVNETT COMPANY
4154439,2988 KEELE ST,06,1954,11,2026,2026-08-20,87.0,green,OP0567,1884531 ONTARIO LTD.
4154440,2960 KEELE ST,06,1965,41,2025,2026-09-13,86.0,green,unattributed,
4154441,2954 KEELE ST,06,1954,12,2025,2025-07-31,80.0,yellow,OP0116,N/A
4154442,3020 KEELE ST,06,1959,39,2026,2026-10-02,84.0,yellow,unattributed,
4154443,3018 KEELE ST,06,1955,31,2026,2026-08-20,81.0,yellow,OP0568,1636367 ONTARIO INC
4154444,3250 KEELE ST,06,1963,59,2026,2026-08-27,90.0,green,OP0569,3250 KEELE APARTMENTS INC
4154445,1385 SHEPPARD AVE W,06,1960,40,2026,2026-08-25,90.0,green,OP0159,1846022 ONTARIO LIMITED
4154446,27 SEELEY DR,06,1959,71,2025,2025-06-24,100.0,green,OP0026,BRIARLANE RENTAL PROPERTY MANAGEMENT INC.
4154447,25 SEELEY DR,06,1959,71,2026,2026-08-27,97.0,green,OP0026,BRIARLANE RENTAL PROPERTY MANAGEMENT INC.
4154448,18 SEELEY DR,06,1959,99,2025,2025-06-24,100.0,green,OP0026,BRIARLANE RENTAL PROPERTY MANAGEMENT INC.
4154449,24 SEELEY DR,06,1959,100,2026,2026-08-27,100.0,green,OP0026,BRIARLANE RENTAL PROPERTY MANAGEMENT INC.
4154450,2 DORADO CRT,06,1958,87,2026,2026-09-15,88.0,green,OP0003,GOLDEN EQUITY PROPERTIES
4154451,117 WHITBURN CRES,06,1977,61,2026,2026-09-21,96.0,green,OP0138,DAVPART INC
4154452,111 WHITBURN CRES,06,1977,46,2025,2025-07-14,96.0,green,OP0138,DAVPART INC
4154453,18 SKIPTON CRT,06,1958,40,2026,2026-09-15,93.0,green,OP0027,SIGNET GROUP INC.
4154454,20 SKIPTON CRT,06,1958,40,2026,2026-10-02,96.0,green,OP0027,SIGNET GROUP INC.
4154455,3400 KEELE ST,06,1967,141,2026,2026-08-27,99.0,green,OP0026,BRIARLANE RENTAL PROPERTY MANAGEMENT INC.
4154456,3390 KEELE ST,06,1965,258,2025,2025-10-07,94.0,green,OP0025,STERLING KARAMAR PROPERTY MANAGEMENT
4154457,1450 SHEPPARD AVE W,06,1968,181,2026,2026-08-27,93.0,green,OP0037,COGIR REAL ESTATE
4154459,41-51 BROOKWELL DR,06,1966,48,2025,2025-07-21,94.0,green,OP0044,GOLD SEAL MANAGEMENT INC.
4154461,3444 KEELE ST,06,1967,61,2026,2026-10-06,96.0,green,OP0026,BRIARLANE RENTAL PROPERTY MANAGEMENT INC.
4154462,25 BROADOAKS DR,07,1973,92,2024,2024-08-07,93.0,green,OP0089,N.H.D. DEVELOPMENTS LIMITED
4154463,3710 KEELE ST,07,1972,92,2025,2025-09-08,84.0,yellow,OP0089,N.H.D. DEVELOPMENTS LIMITED
4154464,3700 KEELE ST,07,1962,57,2025,2025-08-11,93.0,green,OP0078,HAZELVIEW PROPERTIES SERVICES INC.
4154465,3680 KEELE ST,07,1970,238,2025,2025-08-11,98.0,green,OP0021,TORONTO COMMUNITY HOUSING CORPORATION
4154467,3470 KEELE ST,07,1994,59,2025,2025-09-19,81.0,yellow,OP0104,AFFORDABLE PROPERTY MANAGEMENT
4154468,170 SENTINEL RD,07,1967,60,2026,2026-07-09,91.0,green,OP0039,BERKLEY PROPERTY MANAGEMENT INC.
4154469,390 SENTINEL RD,07,1970,53,2025,2025-08-05,90.0,green,OP0202,MODEL BUILDING MAINTENANCE INC
4154470,391 SENTINEL RD,07,1966,44,2026,2026-09-10,87.0,green,OP0570,RONA PROPERTY MANAGEMENT
4154471,345 SENTINEL RD,07,1970,79,2026,2026-09-10,97.0,green,OP0026,BRIARLANE RENTAL PROPERTY MANAGEMENT INC.
4154472,20 BROADOAKS DR,07,1969,177,2025,2025-10-22,74.0,yellow,OP0089,N.H.D. DEVELOPMENTS LIMITED
4154473,470 SENTINEL RD,07,1970,370,2025,2025-10-08,95.0,green,OP0036,RANEE MANAGEMENT
4154474,40 FOUNTAINHEAD RD,07,1972,370,2025,2025-10-17,88.0,green,OP0036,RANEE MANAGEMENT
4154475,35 FOUNTAINHEAD RD,07,1973,370,2025,2025-10-17,96.0,green,OP0036,RANEE MANAGEMENT
4154476,1 FOUNTAINHEAD RD,07,1968,370,2026,2026-10-06,96.0,green,OP0036,RANEE MANAGEMENT
4154479,500 MURRAY ROSS PKWY,07,1978,390,2025,2025-11-02,98.0,green,OP0029,CAPREIT
4154480,2700 BATHURST ST,08,1961,149,2026,2026-08-05,98.0,green,OP0026,BRIARLANE RENTAL PROPERTY MANAGEMENT INC.
4154481,2900 BATHURST ST,08,1964,117,2026,2026-08-27,99.0,green,OP0025,STERLING KARAMAR PROPERTY MANAGEMENT
4154482,125 SHELBORNE AVE,08,1950,25,2026,2026-07-29,96.0,green,OP0125,IPG MANAGEMENT GROUP
4154483,120 SHELBORNE AVE,08,1965,187,2026,2026-08-26,93.0,green,OP0035,MEDALLION CORPORATION
4154484,525 LAWRENCE AVE W,08,1992,133,2026,2026-09-02,100.0,green,OP0022,GREENWIN CORP.
4154486,457 MARLEE AVE,08,1966,31,2026,2026-09-03,94.0,green,OP0028,AKELIUS CANADA LTD
4154487,777 LAWRENCE AVE W,08,1961,10,2026,2026-09-16,77.0,yellow,unattributed,
4154488,773 LAWRENCE AVE W,08,1959,10,2026,2026-06-25,97.0,green,unattributed,
4154489,771 LAWRENCE AVE W,08,1959,10,2025,2025-08-11,80.0,yellow,OP0571,SILVANA MCDOWELL
4154490,437 GLEN PARK AVE,08,1962,43,2026,2026-08-06,95.0,green,OP0033,REALSTAR
4154491,435 GLEN PARK AVE,08,1962,42,2025,2025-12-03,96.0,green,OP0203,EMBEE PROPERTIES LIMITED
4154492,47 EUPHRASIA DR,08,1958,26,2025,2025-12-03,94.0,green,unattributed,
4154493,1049 LAWRENCE AVE W,08,1967,20,2026,2026-08-25,80.0,yellow,OP0572,3 WAY INVESTMENTS LTD.
4154494,3050 DUFFERIN ST,08,1983,258,2025,2025-07-09,96.0,green,OP0204,VILLA CHARITIES INC
4154495,3010 DUFFERIN ST,08,1991,202,2026,2026-08-19,99.0,green,OP0204,VILLA CHARITIES INC
4154496,3000 DUFFERIN ST,08,1968,287,2026,2026-08-11,98.0,green,OP0043,PINEDALE PROPERTIES LTD
4154497,1079 LAWRENCE AVE W,08,1965,15,2025,2025-09-25,92.0,green,unattributed,
4154498,1111 LAWRENCE AVE W,08,1958,15,2026,2026-08-06,90.0,green,OP0573,MIDAN PROPERTIES INC.
4154499,3690 BATHURST ST,08,1964,47,2025,2025-12-08,81.0,yellow,unattributed,
4154500,93 NEPTUNE DR,08,1960,10,2025,2025-09-15,91.0,green,OP0063,KNRS PROPERTIES INC
4154501,91 NEPTUNE DR,08,1957,12,2025,2025-09-15,91.0,green,OP0063,KNRS PROPERTIES INC
4154502,89 NEPTUNE DR,08,1957,11,2025,2026-07-29,93.0,green,OP0279,NMR PROPERTIES
4154503,61 NEPTUNE DR,08,1959,34,2025,2025-09-11,85.0,green,OP0192,GOLDVIEW PROPERTY MANAGEMENT LTD.
4154504,49 NEPTUNE DR,08,1990,10,2026,2026-07-30,88.0,green,unattributed,
4154505,8 WASDALE CRES,08,1957,10,2025,2025-10-29,70.0,yellow,OP0574,PETAR TUCAKOV
4154506,10 WASDALE CRES,08,1956,10,2025,2025-10-29,91.0,green,unattributed,
4154507,24 WASDALE CRES,08,1950,11,2025,2025-10-29,96.0,green,OP0063,KNRS PROPERTIES INC
4154508,28 WASDALE CRES,08,1975,11,2025,2025-10-29,98.0,green,unattributed,
4154509,30 WASDALE CRES,08,1956,10,2026,2026-07-29,96.0,green,OP0063,KNRS PROPERTIES INC
4154510,32 WASDALE CRES,08,1957,10,2025,2025-10-29,84.0,yellow,OP0575,TRIBRIK
4154511,34 WASDALE CRES,08,1965,11,2025,2025-10-30,87.0,green,unattributed,
4154512,64 WASDALE CRES,08,1956,15,2025,2026-08-04,97.0,green,OP0108,FALCONWIN PROPERTY MNG
4154513,66 WASDALE CRES,08,1956,13,2026,2026-06-26,92.0,green,unattributed,
4154514,50 NEPTUNE DR,08,1960,12,2025,2025-09-11,89.0,green,OP0148,DASH PROPERTY MANAGEMENT
4154515,52 NEPTUNE DR,08,1960,12,2025,2025-09-11,86.0,green,OP0148,DASH PROPERTY MANAGEMENT
4154516,54 NEPTUNE DR,08,1955,11,2026,2026-07-30,96.0,green,OP0058,WJ PROPERTIES
4154517,27 HOTSPUR RD,08,1956,11,2025,2025-11-26,81.0,yellow,OP0205,SUMMA PROPERTY MANAGEMENT
4154518,25 HOTSPUR RD,08,1956,11,2025,2025-07-09,100.0,green,unattributed,
4154519,3636 BATHURST ST,08,1974,225,2026,2026-08-07,96.0,green,OP0043,PINEDALE PROPERTIES LTD
4154520,1 MARQUETTE AVE,08,1965,24,2025,2025-10-16,100.0,green,unattributed,
4154521,3638 BATHURST ST,08,1958,48,2025,2025-12-08,81.0,yellow,unattributed,
4154522,16 HOTSPUR RD,08,1956,12,2026,2026-06-29,86.0,green,OP0108,FALCONWIN PROPERTY MNG
4154523,20 HOTSPUR RD,08,1956,12,2026,2026-08-13,91.0,green,OP0280,D AND D MANAGEMENT
4154524,22 HOTSPUR RD,08,1957,10,2024,2024-08-12,87.0,green,unattributed,
4154525,24 HOTSPUR RD,08,1952,10,2026,2026-08-26,96.0,green,unattributed,
4154526,26 HOTSPUR RD,08,1957,12,2025,2025-07-17,91.0,green,OP0108,FALCONWIN PROPERTY MNG
4154527,32 HOTSPUR RD,08,1957,10,2024,2024-08-20,82.0,yellow,OP0576,LAMAN INVESTMENTS INC
4154528,78 NEPTUNE DR,08,1956,12,2026,2026-08-20,95.0,green,unattributed,
4154529,80 NEPTUNE DR,08,1958,11,2026,2026-09-01,95.0,green,unattributed,
4154530,82 NEPTUNE DR,08,1969,11,2025,2025-09-12,81.0,yellow,unattributed,
4154531,84 NEPTUNE DR,08,1975,11,2024,2024-07-15,98.0,green,OP0577,VESCIO INVESTMENTS LTD
4154532,86 NEPTUNE DR,08,1956,12,2026,2026-09-20,90.0,green,unattributed,
4154533,88 NEPTUNE DR,08,1956,11,2025,2026-07-29,96.0,green,OP0279,NMR PROPERTIES
4154534,125 NEPTUNE DR,08,1974,171,2026,2026-09-25,81.0,yellow,OP0578,WJ PROPERTIES.CA
4154535,112 RAJAH ST,08,1957,12,2025,2025-10-28,74.0,yellow,OP0108,FALCONWIN PROPERTY MNG
4154536,110 RAJAH ST,08,1957,12,2025,2026-08-04,93.0,green,OP0108,FALCONWIN PROPERTY MNG
4154537,108 RAJAH ST,08,1957,12,2026,2026-08-05,92.0,green,OP0108,FALCONWIN PROPERTY MNG
4154538,104 RAJAH ST,08,1967,11,2026,2026-08-05,97.0,green,OP0033,REALSTAR
4154539,102 RAJAH ST,08,1960,12,2026,2026-07-02,92.0,green,OP0579,985473 ONTARIO INC.
4154540,67 WASDALE CRES,08,1956,11,2025,2025-10-31,91.0,green,OP0063,KNRS PROPERTIES INC
4154541,65 WASDALE CRES,08,1956,11,2025,2025-11-03,79.0,yellow,unattributed,
4154542,63 WASDALE CRES,08,1950,11,2026,2026-09-20,99.0,green,unattributed,
4154543,47 WASDALE CRES,08,1950,28,2026,2026-09-22,99.0,green,OP0063,KNRS PROPERTIES INC
4154544,45 WASDALE CRES,08,1955,25,2025,2025-10-30,99.0,green,OP0063,KNRS PROPERTIES INC
4154545,41 WASDALE CRES,08,1960,11,2025,2025-10-30,95.0,green,unattributed,
4154546,37 WASDALE CRES,08,1960,11,2026,2026-09-04,88.0,green,OP0580,CRISTINA DOLENZ
4154547,35 WASDALE CRES,08,1955,10,2026,2026-09-20,88.0,green,OP0581,GRETO INVESTMENTS
4154548,33 WASDALE CRES,08,1960,11,2025,2025-10-30,83.0,yellow,OP0582,1957248 ONTARIO INC
4154549,31 WASDALE CRES,08,1950,11,2026,2026-08-31,97.0,green,unattributed,
4154550,23 NEPTUNE DR,08,1950,10,2025,2025-09-10,92.0,green,unattributed,
4154551,21 NEPTUNE DR,08,1950,10,2025,2025-09-10,94.0,green,unattributed,
4154552,3388 BATHURST ST,08,1958,34,2025,2025-07-09,96.0,green,OP0025,STERLING KARAMAR PROPERTY MANAGEMENT
4154553,3270 BATHURST ST,08,1984,160,2026,2026-09-09,99.0,green,OP0030,DMS PROPERTY MANAGEMENT LTD.
4154554,3240 BATHURST ST,08,1960,28,2025,2025-06-26,97.0,green,OP0046,WESTDALE PROPERTIES
4154555,46 SARANAC BLVD,08,1960,36,2025,2025-09-16,93.0,green,OP0046,WESTDALE PROPERTIES
4154556,44 SARANAC BLVD,08,1960,36,2026,2026-08-31,98.0,green,OP0046,WESTDALE PROPERTIES
4154557,42 SARANAC BLVD,08,1960,28,2025,2025-09-16,89.0,green,OP0046,WESTDALE PROPERTIES
4154558,3174 BATHURST ST,08,1983,181,2025,2025-08-26,100.0,green,OP0023,TCH
4154560,3 DREXEL RD,08,1954,26,2025,2025-11-08,93.0,green,OP0027,SIGNET GROUP INC.
4154561,14 SARANAC BLVD,08,1954,28,2026,2026-08-05,89.0,green,OP0027,SIGNET GROUP INC.
4154562,10 SARANAC BLVD,08,1954,26,2026,2026-08-05,90.0,green,OP0027,SIGNET GROUP INC.
4154563,6 SARANAC BLVD,08,1953,26,2025,2025-09-16,85.0,green,OP0281,626114/5 ONTARIO LTD
4154564,30 COVINGTON RD,08,1953,26,2026,2026-09-17,94.0,green,OP0281,626114/5 ONTARIO LTD
4154565,568 LAWRENCE AVE W,08,1954,29,2025,2025-09-03,85.0,green,OP0250,ESBIN PROPERTY MANAGEMENT INC.
4154566,96 MULHOLLAND AVE,08,1960,11,2025,2025-09-02,77.0,yellow,OP0135,MPM INC.
4154567,495 WILSON AVE,06,1995,132,2026,2026-09-13,97.0,green,OP0021,TORONTO COMMUNITY HOUSING CORPORATION
4154568,417 WILSON AVE,06,1958,10,2025,2025-07-16,76.0,yellow,unattributed,
4154569,415 WILSON AVE,06,1960,10,2025,2025-07-25,79.0,yellow,unattributed,
4154570,411 WILSON AVE,06,1958,10,2026,2026-09-02,94.0,green,unattributed,
4154572,390-398 WILSON AVE,06,1952,40,2025,2025-07-15,96.0,green,OP0044,GOLD SEAL MANAGEMENT INC.
4154573,400-406 WILSON AVE,06,1952,33,2025,2025-07-15,94.0,green,OP0044,GOLD SEAL MANAGEMENT INC.
4154574,408-414 WILSON AVE,06,1950,32,2025,2025-07-15,93.0,green,OP0085,CASTLEHILL PROPERTY MANAGEMENT
4154575,45 FAYWOOD BLVD,06,1960,33,2025,2025-07-25,81.0,yellow,OP0054,COMPTEN MANAGEMENT INC.
4154576,55 FAYWOOD BLVD,06,1960,33,2026,2026-09-20,91.0,green,OP0054,COMPTEN MANAGEMENT INC.
4154577,59 VINCI CRES,06,1960,33,2026,2026-09-20,94.0,green,OP0054,COMPTEN MANAGEMENT INC.
4154578,30 VINCI CRES,06,1960,33,2025,2025-06-27,90.0,green,OP0054,COMPTEN MANAGEMENT INC.
4154579,8 VINCI CRES,06,1960,33,2025,2025-06-27,89.0,green,OP0054,COMPTEN MANAGEMENT INC.
4154580,12 KING HIGH AVE,06,1962,30,2026,2026-08-21,97.0,green,OP0023,TCH
4154583,9 ROSSEAU RD,06,1955,11,2025,2025-06-17,92.0,green,OP0126,RAM-LAND PROPERTY MANAGEMENT
4154584,11 ROSSEAU RD,06,1956,11,2025,2025-06-18,91.0,green,OP0090,"MANTLER, BOWMAN AND ASSOCIATES INC."
4154585,15 ROSSEAU RD,06,1951,11,2025,2025-06-19,89.0,green,OP0063,KNRS PROPERTIES INC
4154586,17 ROSSEAU RD,06,1953,11,2026,2026-09-23,87.0,green,unattributed,
4154587,19 ROSSEAU RD,06,1955,11,2026,2026-10-02,98.0,green,OP0126,RAM-LAND PROPERTY MANAGEMENT
4154588,21 ROSSEAU RD,06,1955,11,2025,2025-06-19,95.0,green,OP0126,RAM-LAND PROPERTY MANAGEMENT
4154589,23 ROSSEAU RD,06,1954,11,2025,2025-06-19,72.0,yellow,OP0112,PERFORMANCE PROPERTY MANAGEMENT INC.
4154590,25 ROSSEAU RD,06,1954,11,2025,2025-06-19,70.0,yellow,OP0112,PERFORMANCE PROPERTY MANAGEMENT INC.
4154591,3896 BATHURST ST,06,1958,30,2026,2026-08-04,96.0,green,OP0025,STERLING KARAMAR PROPERTY MANAGEMENT
4154592,3890 BATHURST ST,06,1958,30,2026,2026-08-04,94.0,green,OP0025,STERLING KARAMAR PROPERTY MANAGEMENT
4154593,3888 BATHURST ST,06,1958,31,2025,2025-10-02,85.0,green,OP0025,STERLING KARAMAR PROPERTY MANAGEMENT
4154594,3886 BATHURST ST,06,1960,28,2026,2026-07-30,97.0,green,OP0046,WESTDALE PROPERTIES
4154595,3884 BATHURST ST,06,1960,28,2025,2025-07-23,94.0,green,OP0046,WESTDALE PROPERTIES
4154596,3880 BATHURST ST,06,1960,58,2025,2025-07-23,94.0,green,OP0046,WESTDALE PROPERTIES
4154597,26 ROSSEAU RD,06,1949,11,2026,2026-08-03,99.0,green,OP0030,DMS PROPERTY MANAGEMENT LTD.
4154598,10 ROSSEAU RD,06,1955,11,2025,2025-06-17,78.0,yellow,OP0063,KNRS PROPERTIES INC
4154599,8 ROSSEAU RD,06,1957,11,2024,2024-08-30,84.0,yellow,unattributed,
4154600,3908 BATHURST ST,06,1960,29,2026,2026-08-23,82.0,yellow,unattributed,
4154601,4114 BATHURST ST,06,1955,17,2026,2026-08-25,95.0,green,OP0201,MARSHA SWITZER
4154602,4110 BATHURST ST,06,1950,16,2026,2026-08-26,95.0,green,OP0583,HANNAH GROUP
4154603,4160 BATHURST ST,06,1964,67,2025,2026-08-20,74.0,yellow,OP0584,CALETA CAPITAL
4154604,4190 BATHURST ST,06,1966,80,2025,2025-09-25,93.0,green,OP0585,EQUITON RESIDENTIAL INCOME FUND LP
4154605,4238 BATHURST ST,06,1956,13,2026,2026-09-10,92.0,green,unattributed,
4154606,4234 BATHURST ST,06,1950,13,2024,2024-07-22,80.0,yellow,unattributed,
4154607,4266 BATHURST ST,06,1983,130,2025,2025-09-30,92.0,green,OP0022,GREENWIN CORP.
4154608,4300 BATHURST ST,06,1989,164,2025,2025-10-01,91.0,green,OP0022,GREENWIN CORP.
4154609,4350 BATHURST ST,06,1969,35,2024,2024-09-13,98.0,green,OP0586,ALEXIS COURT APARTMENTS
4154610,4340 BATHURST ST,06,1960,50,2026,2026-10-02,96.0,green,OP0025,STERLING KARAMAR PROPERTY MANAGEMENT
4154611,2 FAYWOOD BLVD,06,1989,40,2026,2026-07-31,96.0,green,OP0023,TCH
4154612,20 WILMINGTON AVE,06,1965,13,2025,2025-07-14,76.0,yellow,unattributed,
4154613,10 WILMINGTON AVE,06,1960,41,2026,2026-07-16,93.0,green,OP0031,HAZELVIEW PROPERTY SERVICES INC
4154614,1042 SHEPPARD AVE W,06,1950,16,2025,2026-08-11,97.0,green,OP0144,FIRM CAPITAL
4154615,229 PANNAHILL RD,06,1950,12,2025,2025-06-26,92.0,green,OP0587,SAROSSA INVESTMENTS INC
4154616,750 WILSON HEIGHTS BLVD,06,1993,79,2024,2024-08-13,86.0,green,OP0021,TORONTO COMMUNITY HOUSING CORPORATION
4154617,81 GARTHDALE CRT,06,1959,12,2026,2026-09-21,95.0,green,unattributed,
4154618,715 FINCH AVE W,06,1970,85,2026,2026-10-01,93.0,green,OP0036,RANEE MANAGEMENT
4154619,707 FINCH AVE W,06,1964,150,2026,2026-07-14,99.0,green,OP0026,BRIARLANE RENTAL PROPERTY MANAGEMENT INC.
4154620,15 TORRESDALE AVE,06,1994,61,2026,2026-07-17,93.0,green,OP0022,GREENWIN CORP.
4154621,25 CEDARCROFT BLVD,06,1965,132,2024,2024-09-23,84.0,yellow,OP0155,NOVI PROPERTIES
4154622,5950 BATHURST ST,06,1964,133,2024,2024-09-17,84.0,yellow,OP0175,G & S REGAL MANAGEMENT LIMITED
4154623,155 ANTIBES DR,06,1960,259,2026,2026-08-03,94.0,green,OP0026,BRIARLANE RENTAL PROPERTY MANAGEMENT INC.
4154624,300 ANTIBES DR,06,1979,372,2025,2025-09-29,94.0,green,OP0027,SIGNET GROUP INC.
4154625,120 TORRESDALE AVE,06,1978,246,2025,2025-06-24,100.0,green,OP0027,SIGNET GROUP INC.
4154626,15 ROCKFORD RD,06,1965,117,2026,2026-08-19,99.0,green,OP0203,EMBEE PROPERTIES LIMITED
4154627,6000 BATHURST ST,06,1964,108,2025,2025-10-03,97.0,green,OP0588,O'SHANTER DEVELOPMENT COMAPNY LTD.
4154628,18 CEDARCROFT BLVD,06,1965,117,2026,2026-08-18,98.0,green,OP0203,EMBEE PROPERTIES LIMITED
4154629,25 FISHERVILLE RD,06,1970,221,2025,2025-09-30,96.0,green,OP0025,STERLING KARAMAR PROPERTY MANAGEMENT
4154630,5 FISHERVILLE RD,06,1970,202,2024,2024-07-09,89.0,green,OP0043,PINEDALE PROPERTIES LTD
4154631,6010 BATHURST ST,06,1969,120,2025,2025-10-03,95.0,green,OP0033,REALSTAR
4154632,12 ROCKFORD RD,06,1964,128,2025,2025-09-19,99.0,green,OP0033,REALSTAR
4154634,1875 STEELES AVE W,06,1972,120,2025,2025-07-14,94.0,green,OP0026,BRIARLANE RENTAL PROPERTY MANAGEMENT INC.
4154635,1 WILMINGTON AVE,06,1959,12,2026,2026-07-20,93.0,green,OP0589,RYIS PROPERTIES INC
4154636,15 WILMINGTON AVE,06,1958,24,2025,2025-07-14,99.0,green,unattributed,
4154637,118 OVERBROOK PL,06,1960,17,2025,2025-06-26,87.0,green,unattributed,
4154639,601 FINCH AVE W,06,1969,170,2025,2025-10-06,86.0,green,OP0025,STERLING KARAMAR PROPERTY MANAGEMENT
4154640,605 FINCH AVE W,06,1967,244,2026,2026-09-28,91.0,green,OP0059,THE BROWN GROUP OF COMPANIES INC.
4154641,12 GOLDFINCH CRT,06,1969,143,2026,2026-07-17,96.0,green,OP0025,STERLING KARAMAR PROPERTY MANAGEMENT
4154642,4 GOLDFINCH CRT,06,1969,95,2026,2026-08-22,98.0,green,OP0025,STERLING KARAMAR PROPERTY MANAGEMENT
4154643,3 GOLDFINCH CRT,06,1964,172,2026,2026-08-03,94.0,green,OP0056,Q RESIDENTIAL
4154644,11 GOLDFINCH CRT,06,1964,174,2025,2025-10-07,95.0,green,OP0059,THE BROWN GROUP OF COMPANIES INC.
4154645,521-523 FINCH AVE W,06,1960,179,2026,2026-10-01,93.0,green,OP0036,RANEE MANAGEMENT
4154646,4918 BATHURST ST,06,1968,60,2025,2025-09-05,85.0,green,OP0282,SUNRISE PROPERTY MANAGEMENT
4154647,9 KINGSBRIDGE CRT,06,1963,74,2025,2025-07-18,89.0,green,OP0080,SITELINE RESIDENTIAL MANAGEMENT INC.
4154648,4866 BATHURST ST,06,1963,81,2025,2025-10-01,92.0,green,OP0025,STERLING KARAMAR PROPERTY MANAGEMENT
4154649,4854 BATHURST ST,06,1961,71,2025,2025-08-14,97.0,green,OP0036,RANEE MANAGEMENT
4154651,4 MASCOT PL,06,1962,70,2026,2026-08-13,95.0,green,OP0033,REALSTAR
4154652,34 CARSCADDEN DR,06,1965,69,2025,2025-07-22,98.0,green,OP0590,ELEVATE PM LIMITED
4154653,4750 BATHURST ST,06,1965,64,2024,2024-08-30,91.0,green,OP0591,STERLING KARAMAR PROPERTY MANAGMENT
4154654,2895 BATHURST ST,08,1960,60,2026,2026-07-22,94.0,green,OP0051,FIRM CAPITAL PROPERTIES INC
4154656,312 DOUGLAS AVE,08,1951,11,2026,2026-09-11,99.0,green,OP0592,AVENUE ROAD INVESTMENT LIMITED
4154657,3171 BATHURST ST,08,1970,47,2026,2026-09-01,99.0,green,OP0078,HAZELVIEW PROPERTIES SERVICES INC.
4154658,3253 BATHURST ST,08,1955,22,2025,2025-06-26,90.0,green,OP0058,WJ PROPERTIES
4154659,3255 BATHURST ST,08,1955,22,2025,2025-06-26,92.0,green,OP0058,WJ PROPERTIES
4154660,3257 BATHURST ST,08,1955,20,2026,2026-09-02,92.0,green,OP0058,WJ PROPERTIES
4154661,595 BROOKDALE AVE,08,1970,47,2026,2026-08-19,94.0,green,OP0068,HAZELVIEW PROPERTIES
4154662,3311 BATHURST ST,08,1965,102,2025,2025-07-09,96.0,green,OP0025,STERLING KARAMAR PROPERTY MANAGEMENT
4154663,3575 BATHURST ST,08,1960,61,2026,2026-09-09,97.0,green,OP0025,STERLING KARAMAR PROPERTY MANAGEMENT
4154664,3635 BATHURST ST,08,1960,19,2025,2025-07-18,92.0,green,OP0593,3635 BATHURST ST. REALTY INC.
4154665,225 WILSON AVE,08,1960,20,2026,2026-08-19,98.0,green,OP0594,MEGACITY MANAGAMENT INC.
4154666,215 WILSON AVE,08,1955,26,2026,2026-09-01,97.0,green,OP0283,G.L.G. DEVELOPMENTS LTD.
4154667,211 WILSON AVE,08,1960,26,2025,2025-07-03,96.0,green,OP0106,HIGH VALUE CONSULTANTS LTD
4154668,205 WILSON AVE,08,1960,20,2026,2026-08-18,99.0,green,OP0106,HIGH VALUE CONSULTANTS LTD
4154669,199 WILSON AVE,08,1955,46,2025,2025-06-27,98.0,green,OP0206,VIRON PROPERTIES INC.
4154670,193 WILSON AVE,08,1982,125,2026,2026-09-05,97.0,green,OP0021,TORONTO COMMUNITY HOUSING CORPORATION
4154671,2200 AVENUE RD,08,1969,152,2025,2025-07-04,99.0,green,OP0206,VIRON PROPERTIES INC.
4154672,15 BIDEFORD AVE,08,1956,44,2026,2026-08-06,96.0,green,OP0090,"MANTLER, BOWMAN AND ASSOCIATES INC."
4154673,12 BIDEFORD AVE,08,1959,56,2025,2025-07-03,97.0,green,OP0206,VIRON PROPERTIES INC.
4154674,262 RIDLEY BLVD,08,1992,111,2025,2025-12-01,97.0,green,OP0022,GREENWIN CORP.
4154675,222 WILSON AVE,08,1957,11,2026,2026-08-21,99.0,green,OP0595,G. ANTINORI
4154676,284 LAWRENCE AVE W,08,1940,15,2025,2025-09-18,77.0,yellow,OP0069,LANDLORD PROPERTY & RENTAL MANAGEMENT INC
4154677,2125 AVENUE RD,08,1955,33,2026,2026-09-01,96.0,green,OP0283,G.L.G. DEVELOPMENTS LTD.
4154679,2135 AVENUE RD,08,1953,54,2026,2026-08-13,96.0,green,unattributed,
4154680,161 WILSON AVE,08,1956,56,2025,2025-06-20,98.0,green,OP0031,HAZELVIEW PROPERTY SERVICES INC
4154681,4000 YONGE ST,08,1964,305,2026,2026-09-22,98.0,green,OP0049,M&R PROPERTY MANAGEMENT
4154682,166 WILSON AVE,08,1950,60,2025,2025-06-17,99.0,green,OP0027,SIGNET GROUP INC.
4154683,2175 AVENUE RD,08,1950,68,2026,2026-08-24,98.0,green,OP0027,SIGNET GROUP INC.
4154684,2177 AVENUE RD,08,1950,68,2025,2025-07-09,99.0,green,OP0027,SIGNET GROUP INC.
4154685,2181 AVENUE RD,08,1950,64,2026,2026-08-18,98.0,green,OP0027,SIGNET GROUP INC.
4154686,3905 BATHURST ST,06,1960,50,2026,2026-08-07,91.0,green,OP0025,STERLING KARAMAR PROPERTY MANAGEMENT
4154687,4085 BATHURST ST,06,1950,10,2025,2025-07-25,78.0,yellow,OP0042,NEIGHBOURS COMMUNITY HOMES
4154688,4087 BATHURST ST,06,1958,11,2025,2025-07-24,74.0,yellow,OP0596,GDH APARTMENT GROUP LTD.
4154689,4089 BATHURST ST,06,1953,10,2024,2024-09-25,70.0,yellow,OP0597,2405458 ONTARIO INC
4154690,4109 BATHURST ST,06,1950,10,2026,2026-09-08,96.0,green,OP0199,ROYAL DOWNS DEVELOPMENT LIMITED
4154691,4111 BATHURST ST,06,1955,11,2026,2026-08-25,93.0,green,unattributed,
4154692,4141 BATHURST ST,06,1959,30,2026,2026-08-27,96.0,green,OP0025,STERLING KARAMAR PROPERTY MANAGEMENT
4154693,4383 BATHURST ST,06,1960,142,2024,2024-08-22,88.0,green,OP0026,BRIARLANE RENTAL PROPERTY MANAGEMENT INC.
4154694,569 SHEPPARD AVE W,06,1961,144,2025,2025-06-25,97.0,green,OP0026,BRIARLANE RENTAL PROPERTY MANAGEMENT INC.
4154695,555 SHEPPARD AVE W,06,1966,112,2025,2025-06-25,94.0,green,OP0033,REALSTAR
4154696,535 SHEPPARD AVE W,06,1965,83,2024,2024-08-28,80.0,yellow,OP0033,REALSTAR
4154697,4415 BATHURST ST,06,1962,167,2025,2025-10-01,94.0,green,OP0026,BRIARLANE RENTAL PROPERTY MANAGEMENT INC.
4154698,15 CANYON AVE,06,1962,117,2026,2026-07-16,95.0,green,OP0034,HOMESTEAD LAND HOLDINGS LIMITED
4154699,35 CANYON AVE,06,1959,237,2025,2025-09-29,94.0,green,OP0598,35 CANYON AVENUE LTD.
4154700,4455 BATHURST ST,06,1980,301,2026,2026-08-25,98.0,green,OP0021,TORONTO COMMUNITY HOUSING CORPORATION
4154701,325 BOGERT AVE,18,1967,416,2025,2025-08-26,84.0,yellow,OP0175,G & S REGAL MANAGEMENT LIMITED
4154702,35 PARK HOME AVE,18,1974,283,2025,2025-08-22,92.0,green,OP0021,TORONTO COMMUNITY HOUSING CORPORATION
4154703,55 ELLERSLIE AVE,18,1966,391,2024,2024-06-11,99.0,green,OP0049,M&R PROPERTY MANAGEMENT
4154704,11 CHURCHILL AVE,18,1958,17,2026,2026-07-07,89.0,green,OP0599,ADMP PROPERTY MANAGEMENT INC.
4154705,5430 YONGE ST,18,1986,239,2025,2025-08-19,95.0,green,OP0021,TORONTO COMMUNITY HOUSING CORPORATION
4154708,2 ANCONA ST,18,,32,2025,2025-08-26,74.0,yellow,OP0112,PERFORMANCE PROPERTY MANAGEMENT INC.
4154709,286 FINCH AVE W,18,1961,47,2026,2026-09-24,89.0,green,OP0025,STERLING KARAMAR PROPERTY MANAGEMENT
4154710,292 FINCH AVE W,18,1959,39,2026,2026-09-24,94.0,green,OP0067,MONTEREY PARK INC.
4154711,296 FINCH AVE W,18,1962,30,2026,2026-09-24,82.0,yellow,unattributed,
4154712,300 FINCH AVE W,18,1962,30,2026,2026-09-25,81.0,yellow,OP0600,FINCH APARTMENTS LTD
4154713,4979 BATHURST ST,18,1959,92,2026,2026-09-25,92.0,green,OP0025,STERLING KARAMAR PROPERTY MANAGEMENT
4154714,4981 BATHURST ST,18,1959,96,2025,2025-08-22,99.0,green,OP0025,STERLING KARAMAR PROPERTY MANAGEMENT
4154715,33 DREWRY AVE,18,1996,81,2026,2026-09-02,68.0,red,OP0004,COMMUNITY FIRST DEVELOPMENTS INC.
4154716,5900 YONGE ST,18,1970,233,2025,2025-08-19,95.0,green,OP0056,Q RESIDENTIAL
4154717,5754 YONGE ST,18,1970,118,2024,2024-06-26,80.0,yellow,OP0601,COLONNADE BRIDGEPORT
4154718,6000 YONGE ST,18,1963,265,2025,2025-08-19,91.0,green,OP0195,CONNAUGHT YONGE SQUARE LIMITED
4154719,6091 BATHURST ST,18,1982,90,2026,2026-09-24,85.0,green,OP0022,GREENWIN CORP.
4154720,6151 BATHURST ST,18,1971,67,2026,2026-09-14,85.0,green,OP0025,STERLING KARAMAR PROPERTY MANAGEMENT
4154721,6161 BATHURST ST,18,1960,170,2025,2025-08-30,96.0,green,OP0045,CANDO APARTMENTS LTD.
4154722,6171 BATHURST ST,18,1960,170,2024,2024-06-25,94.0,green,OP0045,CANDO APARTMENTS LTD.
4154723,6250 BATHURST ST,06,1972,389,2025,2025-10-03,92.0,green,OP0021,TORONTO COMMUNITY HOUSING CORPORATION
4154724,765 STEELES AVE W,18,1969,167,2026,2026-09-09,76.0,yellow,OP0025,STERLING KARAMAR PROPERTY MANAGEMENT
4154725,755 STEELES AVE W,18,1970,194,2025,2025-11-18,95.0,green,OP0284,MARBROOK DEVELOPMENTS LTD.
4154726,15 TANGREEN CRT,18,1968,214,2026,2026-10-06,93.0,green,OP0029,CAPREIT
4154727,5 TANGREEN CRT,18,1968,214,2024,2024-06-28,87.0,green,OP0029,CAPREIT
4154728,6210 YONGE ST,18,1968,83,2025,2025-08-19,88.0,green,OP0145,BETTER LIVING HOMES INC.
4154730,17 FARMSTEAD RD,15,1970,136,2026,2026-08-04,94.0,green,OP0055,MINTO PROPERTIES INC.
4154731,750 YORK MILLS RD,15,1970,137,2026,2026-08-10,95.0,green,OP0055,MINTO PROPERTIES INC.
4154732,740 YORK MILLS RD,15,1970,137,2025,2025-10-17,97.0,green,OP0055,MINTO PROPERTIES INC.
4154733,44 STUBBS DR,15,1974,84,2025,2025-10-29,98.0,green,OP0029,CAPREIT
4154734,37 LORD SEATON RD,15,1963,49,2025,2025-08-11,93.0,green,OP0055,MINTO PROPERTIES INC.
4154735,28 UPPER CANADA DR,15,1959,54,2025,2025-09-19,99.0,green,OP0190,DENWIN INVESTMENTS LIMITED
4154736,30 UPPER CANADA DR,15,1959,54,2025,2025-09-19,98.0,green,OP0190,DENWIN INVESTMENTS LIMITED
4154737,29 UPPER CANADA DR,15,1965,54,2025,2025-09-19,97.0,green,OP0046,WESTDALE PROPERTIES
4154738,31 UPPER CANADA DR,15,1965,61,2025,2025-09-19,96.0,green,OP0046,WESTDALE PROPERTIES
4154739,16 THE LINKS RD,15,1963,102,2025,2025-09-05,95.0,green,OP0055,MINTO PROPERTIES INC.
4154740,199 UPPER CANADA DR,15,1963,119,2026,2026-08-21,98.0,green,OP0055,MINTO PROPERTIES INC.
4154742,745 YORK MILLS RD,15,1972,138,2026,2026-08-04,97.0,green,OP0049,M&R PROPERTY MANAGEMENT
4154743,755 YORK MILLS RD,15,1970,138,2026,2026-08-21,96.0,green,OP0049,M&R PROPERTY MANAGEMENT
4154744,2818 BAYVIEW AVE,18,1968,20,2024,2024-09-30,72.0,yellow,OP0602,2818 AVENUE PROPERTY MANAGEMENT
4154749,2 FOREST LANEWAY,18,1976,366,2025,2025-08-20,90.0,green,OP0285,TANDEM PROPERTY MANAGEMENT INC
4154751,422 WILLOWDALE AVE,18,1992,16,2024,2024-06-11,98.0,green,OP0603,CANADIAN HELEN KELLER CENTRE
4154752,414 WILLOWDALE AVE,18,1958,65,2025,2025-08-22,97.0,green,OP0047,O'SHANTER DEVELOPMENT COMPANY LTD.
4154753,77 FINCH AVE E,18,1985,438,2026,2026-09-17,94.0,green,OP0109,QUADREAL RESIDENTIAL PROPERTIES G.P. INC.
4154755,175 CUMMER AVE,18,1970,246,2026,2026-09-10,94.0,green,OP0021,TORONTO COMMUNITY HOUSING CORPORATION
4154756,35 WYNFORD HEIGHTS CRES,16,1976,217,2025,2025-06-14,97.0,green,OP0049,M&R PROPERTY MANAGEMENT
4154757,45 WYNFORD HEIGHTS CRES,16,1973,346,2024,2024-09-25,86.0,green,OP0049,M&R PROPERTY MANAGEMENT
4154758,55 WYNFORD HEIGHTS CRES,16,1969,344,2025,2025-06-14,91.0,green,OP0040,H&R PROPERTY MANAGEMENT
4154759,65 WYNFORD HEIGHTS CRES,16,1974,327,2024,2024-08-29,93.0,green,OP0040,H&R PROPERTY MANAGEMENT
4154761,1 DEAUVILLE LANE,16,1960,151,2026,2026-09-04,86.0,green,OP0026,BRIARLANE RENTAL PROPERTY MANAGEMENT INC.
4154762,45 GRENOBLE DR,16,1966,217,2026,2026-08-26,91.0,green,OP0183,BERNADA PROPERTIES
4154763,5 DUFRESNE CRT,16,1968,218,2024,2024-08-29,90.0,green,OP0048,CENTURION PROPERTY ASSOCIATES INC.
4154764,7 ST DENNIS DR,16,1968,278,2025,2025-07-09,80.0,yellow,OP0058,WJ PROPERTIES
4154765,25 ST DENNIS DR,16,1967,297,2025,2025-07-09,93.0,green,OP0604,"25 ST. DENNIS INC - TORONTO, ON"
4154766,10 DEAUVILLE LANE,16,1981,247,2026,2026-09-17,80.0,yellow,OP0021,TORONTO COMMUNITY HOUSING CORPORATION
4154768,10 GRENOBLE DR,16,1969,284,2026,2026-06-25,85.0,green,OP0058,WJ PROPERTIES
4154769,200 GATEWAY BLVD,16,1966,284,2025,2025-07-23,88.0,green,OP0155,NOVI PROPERTIES
4154770,7 ROCHEFORT,16,1960,64,2026,2026-08-05,86.0,green,OP0026,BRIARLANE RENTAL PROPERTY MANAGEMENT INC.
4154772,7 THE DONWAY E,16,1989,70,2025,2025-06-14,96.0,green,OP0022,GREENWIN CORP.
4154773,32 THE HEIGHTS DR,16,1961,55,2025,2025-06-13,93.0,green,OP0113,BROSKO PROPERTY MANAGEMENT
4154775,1053 DON MILLS RD,16,1950,40,2026,2026-08-28,91.0,green,OP0027,SIGNET GROUP INC.
4154778,1059 DON MILLS RD,16,1966,70,2025,2025-07-26,83.0,yellow,OP0605,VENTAWOOD MANAGEMENT INC
4154779,1061 DON MILLS RD,16,1960,40,2026,2026-09-23,94.0,green,OP0078,HAZELVIEW PROPERTIES SERVICES INC.
4154780,1063 DON MILLS RD,16,1960,43,2026,2026-09-23,81.0,yellow,OP0606,ROYAL COURTYARDS PROPERTY MANAGEMENT
4154781,1065 DON MILLS RD,16,1959,61,2025,2025-06-16,96.0,green,OP0061,THREE R PROPERTY MANAGEMENT CORPORATION
4154782,1071 DON MILLS RD,16,1959,61,2025,2025-06-16,95.0,green,OP0061,THREE R PROPERTY MANAGEMENT CORPORATION
4154783,1001 LAWRENCE AVE E,16,1962,69,2025,2025-10-27,94.0,green,OP0061,THREE R PROPERTY MANAGEMENT CORPORATION
4154784,18 THE DONWAY E,16,1963,76,2025,2025-06-18,95.0,green,OP0061,THREE R PROPERTY MANAGEMENT CORPORATION
4154785,16 THE DONWAY E,16,1959,61,2026,2026-07-08,91.0,green,OP0061,THREE R PROPERTY MANAGEMENT CORPORATION
4154786,14 THE DONWAY E,16,1960,40,2025,2025-06-13,95.0,green,OP0078,HAZELVIEW PROPERTIES SERVICES INC.
4154787,12 THE DONWAY E,16,1960,40,2025,2025-06-13,98.0,green,OP0078,HAZELVIEW PROPERTIES SERVICES INC.
4154788,6 THE DONWAY E,16,1950,40,2026,2026-09-10,89.0,green,OP0027,SIGNET GROUP INC.
4154789,4 THE DONWAY E,16,1950,40,2025,2025-06-14,88.0,green,OP0027,SIGNET GROUP INC.
4154790,2 THE DONWAY E,16,1950,40,2026,2026-06-16,93.0,green,OP0027,SIGNET GROUP INC.
4154791,46 FOXDEN RD,16,1958,22,2024,2024-07-19,88.0,green,OP0047,O'SHANTER DEVELOPMENT COMPANY LTD.
4154792,20 SANDERLING PL,16,1990,90,2026,2026-10-01,91.0,green,OP0021,TORONTO COMMUNITY HOUSING CORPORATION
4154793,150 THE DONWAY W,16,1962,65,2025,2025-07-12,97.0,green,OP0028,AKELIUS CANADA LTD
4154794,4 OVERLAND DR,16,1961,48,2025,2025-06-18,98.0,green,OP0028,AKELIUS CANADA LTD
4154795,1129 DON MILLS RD,16,1950,46,2025,2025-07-19,83.0,yellow,OP0207,LINWOOD MANAGEMENT CORPORATION
4154796,1133 DON MILLS RD,16,1960,49,2024,2024-09-20,87.0,green,OP0001,TRIVEST DEVELOPMENTS CORPORATION
4154797,6 WINGREEN CRT,16,1965,11,2025,2025-09-08,94.0,green,OP0001,TRIVEST DEVELOPMENTS CORPORATION
4154798,1002 LAWRENCE AVE E,16,1954,77,2026,2026-06-22,93.0,green,OP0067,MONTEREY PARK INC.
4154799,1004 LAWRENCE AVE E,16,1958,65,2026,2026-07-23,87.0,green,OP0029,CAPREIT
4154800,874 LAWRENCE AVE E,16,1960,12,2025,2025-10-27,86.0,green,unattributed,
4154801,868 LAWRENCE AVE E,16,1954,31,2026,2026-09-18,77.0,yellow,OP0607,JELCORO INVESTMENTS
4154802,50 GRAYDON HALL DR,16,1970,304,2025,2025-08-27,93.0,green,OP0208,GRAYDON HALL APARTMENTS - GH CAPITAL CORPORATION
4154803,135 FENELON DR,16,1965,218,2026,2026-09-18,93.0,green,OP0070,BEAUX PROPERTIES MANAGEMENT
4154804,150 GRAYDON HALL DR,16,1970,298,2026,2026-09-03,98.0,green,OP0208,GRAYDON HALL APARTMENTS - GH CAPITAL CORPORATION
4154805,100 GRAYDON HALL DR,16,1970,286,2025,2025-08-27,96.0,green,OP0208,GRAYDON HALL APARTMENTS - GH CAPITAL CORPORATION
4154806,2020 DON MILLS RD,16,1993,221,2026,2026-09-21,98.0,green,OP0608,OPERATING ENGINEERS LOCAL 793 NPH INC
4154808,75 HAVENBROOK BLVD,17,1974,201,2025,2025-07-26,81.0,yellow,OP0035,MEDALLION CORPORATION
4154809,95 HAVENBROOK BLVD,17,1967,198,2025,2025-07-26,92.0,green,OP0070,BEAUX PROPERTIES MANAGEMENT
4154811,24 FOREST MANOR RD,17,1968,128,2026,2026-09-22,99.0,green,OP0034,HOMESTEAD LAND HOLDINGS LIMITED
4154812,65 FOREST MANOR RD,17,1967,218,2024,2024-10-08,88.0,green,OP0160,KIPLING RESIDENTIAL MANAGEMENT INC
4154813,110 PARKWAY FOREST DR,17,1967,216,2025,2025-07-19,92.0,green,OP0031,HAZELVIEW PROPERTY SERVICES INC
4154814,25 PARKWAY FOREST DR,17,1972,300,2024,2024-08-27,90.0,green,OP0034,HOMESTEAD LAND HOLDINGS LIMITED
4154815,70 CLIPPER RD,17,1970,206,2025,2025-07-26,95.0,green,OP0110,SCHICKEDANZ BROS. PROPERTIES
4154816,60 CLIPPER RD,17,1972,206,2025,2025-07-26,89.0,green,OP0110,SCHICKEDANZ BROS. PROPERTIES
4154817,3000 VICTORIA PARK AVE,17,1972,228,2024,2024-06-25,80.0,yellow,OP0036,RANEE MANAGEMENT
4154818,12 DEERFORD RD,17,1969,137,2026,2026-09-21,96.0,green,OP0029,CAPREIT
4154819,225 VAN HORNE AVE,17,1968,153,2025,2025-07-21,98.0,green,OP0034,HOMESTEAD LAND HOLDINGS LIMITED
4154820,335 VAN HORNE AVE,17,1969,125,2025,2025-07-21,96.0,green,OP0034,HOMESTEAD LAND HOLDINGS LIMITED
4154821,201 VAN HORNE AVE,17,1966,245,2026,2026-09-17,99.0,green,OP0059,THE BROWN GROUP OF COMPANIES INC.
4154822,25 LEITH HILL RD,17,1969,147,2024,2024-09-30,84.0,yellow,OP0027,SIGNET GROUP INC.
4154823,2600 DON MILLS RD,17,1971,226,2024,2024-06-19,83.0,yellow,OP0054,COMPTEN MANAGEMENT INC.
4154824,1650 SHEPPARD AVE E,17,1969,149,2025,2025-07-29,86.0,green,OP0030,DMS PROPERTY MANAGEMENT LTD.
4154825,35 ESTERBROOKE AVE,17,1965,218,2024,2024-09-20,94.0,green,OP0609,SB PROPERTY RENTALS INC
4154826,34 LEITH HILL RD,17,1965,231,2025,2025-07-29,93.0,green,OP0610,ER PROPERTY RENTALS INC.
4154827,175 SHAUGHNESSY BLVD,17,1968,139,2025,2025-07-29,99.0,green,OP0034,HOMESTEAD LAND HOLDINGS LIMITED
4154828,185 SHAUGHNESSY BLVD,17,1967,180,2025,2025-07-29,93.0,green,OP0046,WESTDALE PROPERTIES
4154829,30 ESTERBROOKE AVE,17,1966,163,2025,2025-08-13,95.0,green,OP0027,SIGNET GROUP INC.
4154830,20 ESTERBROOKE AVE,17,1966,134,2025,2025-08-13,99.0,green,OP0034,HOMESTEAD LAND HOLDINGS LIMITED
4154831,2775 DON MILLS RD,17,1968,170,2025,2025-11-21,91.0,green,OP0284,MARBROOK DEVELOPMENTS LTD.
4154832,40 GODSTONE RD,17,1965,176,2024,2024-06-20,92.0,green,OP0136,FIDELITY PROPERTY MANAGEMENT LTD
4154833,30 GODSTONE RD,17,1970,174,2024,2024-06-21,96.0,green,OP0034,HOMESTEAD LAND HOLDINGS LIMITED
4154834,20 GODSTONE RD,17,1968,174,2026,2026-09-15,96.0,green,OP0286,FIELDGATE PROPERTIES
4154835,8 GODSTONE RD,17,1965,164,2025,2025-08-18,92.0,green,OP0161,R A B PROPERTIES LIMITED
4154836,11 DERVOCK CRES,17,1959,77,2026,2026-09-09,94.0,green,OP0029,CAPREIT
4154837,71 TALARA DR,17,1959,29,2026,2026-10-02,82.0,yellow,OP0027,SIGNET GROUP INC.
4154838,688 SHEPPARD AVE E,17,1958,35,2025,2025-07-29,85.0,green,OP0026,BRIARLANE RENTAL PROPERTY MANAGEMENT INC.
4154839,640 SHEPPARD AVE E,17,1970,128,2025,2025-07-29,94.0,green,unattributed,
4154840,22 ELKHORN DR,17,1970,223,2025,2025-08-13,86.0,green,OP0025,STERLING KARAMAR PROPERTY MANAGEMENT
4154841,10 RUDDINGTON DR,17,1967,155,2026,2026-09-23,84.0,yellow,OP0155,NOVI PROPERTIES
4154842,505 CUMMER AVE,17,1967,175,2025,2025-08-01,97.0,green,OP0110,SCHICKEDANZ BROS. PROPERTIES
4154843,70 RUDDINGTON DR,17,1986,107,2025,2025-07-29,95.0,green,OP0110,SCHICKEDANZ BROS. PROPERTIES
4154844,60 RUDDINGTON DR,17,1966,179,2024,2024-09-27,89.0,green,OP0110,SCHICKEDANZ BROS. PROPERTIES
4154845,50 RUDDINGTON DR,17,1968,189,2025,2025-07-29,90.0,green,OP0110,SCHICKEDANZ BROS. PROPERTIES
4154847,1700 FINCH AVE E,17,1979,275,2025,2025-08-01,95.0,green,unattributed,
4154848,4000 DON MILLS RD,17,1980,397,2024,2024-06-19,95.0,green,OP0021,TORONTO COMMUNITY HOUSING CORPORATION
4154850,1420 VICTORIA PARK AVE,16,1977,330,2024,2024-07-05,93.0,green,OP0021,TORONTO COMMUNITY HOUSING CORPORATION
4154851,1770 EGLINTON AVE E,16,1982,92,2026,2026-08-21,94.0,green,OP0073,BENTALLGREENOAK
4154852,1780 EGLINTON AVE E,16,1982,203,2026,2026-09-09,95.0,green,OP0073,BENTALLGREENOAK
4154853,1790 EGLINTON AVE E,16,1982,117,2025,2025-07-16,98.0,green,OP0073,BENTALLGREENOAK
4154854,1530 VICTORIA PARK AVE,16,1982,141,2026,2026-09-10,98.0,green,OP0073,BENTALLGREENOAK
4154855,1540 VICTORIA PARK AVE,16,1982,132,2026,2026-08-21,96.0,green,OP0269,BGO
4154856,76 BARTLEY DR,16,1950,10,2025,2025-07-22,90.0,green,unattributed,
4154857,80 BARTLEY DR,16,1962,10,2025,2025-07-15,82.0,yellow,unattributed,
4154858,85 BARTLEY DR,16,1962,15,2026,2026-09-11,91.0,green,OP0611,MTS CORP INC
4154859,22 TINDER CRES,16,1964,60,2026,2026-08-25,97.0,green,unattributed,
4154860,20 TINDER CRES,16,1960,59,2026,2026-08-24,94.0,green,OP0197,ROYAL LEPAGE SIGNATURE REALTY
4154861,18 TINDER CRES,16,1955,70,2026,2026-08-20,94.0,green,OP0061,THREE R PROPERTY MANAGEMENT CORPORATION
4154862,1600 VICTORIA PARK AVE,16,1968,27,2026,2026-08-25,92.0,green,OP0612,COMFIELD MANAGEMENT SERVICES INC.
4154863,1594 VICTORIA PARK AVE,16,1956,28,2026,2026-08-27,97.0,green,OP0048,CENTURION PROPERTY ASSOCIATES INC.
4154864,2 BIGGIN CRT,16,1955,77,2026,2026-08-19,97.0,green,OP0048,CENTURION PROPERTY ASSOCIATES INC.
4154865,7 BIGGIN CRT,16,1951,66,2026,2026-09-22,96.0,green,OP0048,CENTURION PROPERTY ASSOCIATES INC.
4154866,5 BIGGIN CRT,16,1955,65,2025,2025-07-23,100.0,green,OP0048,CENTURION PROPERTY ASSOCIATES INC.
4154867,3 BIGGIN CRT,16,1955,52,2025,2025-07-23,98.0,green,OP0048,CENTURION PROPERTY ASSOCIATES INC.
4154868,1 BIGGIN CRT,16,1955,48,2025,2025-07-23,97.0,green,OP0048,CENTURION PROPERTY ASSOCIATES INC.
4154869,3 SWIFT DR,16,1960,61,2025,2025-07-09,85.0,green,OP0086,IMPERRA GENERAL MANAGEMENT
4154870,25 ECCLESTON DR,16,1958,61,2026,2026-09-25,100.0,green,OP0028,AKELIUS CANADA LTD
4154871,21 ECCLESTON DR,16,1960,64,2025,2025-08-12,94.0,green,OP0043,PINEDALE PROPERTIES LTD
4154872,17 ECCLESTON DR,16,1960,60,2025,2025-07-14,88.0,green,OP0197,ROYAL LEPAGE SIGNATURE REALTY
4154873,11 ECCLESTON DR,16,1962,78,2025,2025-07-07,94.0,green,OP0026,BRIARLANE RENTAL PROPERTY MANAGEMENT INC.
4154874,3 ECCLESTON DR,16,1960,61,2025,2025-08-12,91.0,green,OP0043,PINEDALE PROPERTIES LTD
4154875,1 ECCLESTON DR,16,1960,62,2026,2026-08-12,95.0,green,OP0043,PINEDALE PROPERTIES LTD
4154876,26 SLOANE AVE,16,1960,60,2024,2024-07-24,85.0,green,OP0043,PINEDALE PROPERTIES LTD
4154877,10 ELVASTON DR,16,1959,20,2025,2025-07-19,77.0,yellow,unattributed,
4154878,1700 VICTORIA PARK AVE,16,1958,54,2025,2025-06-21,95.0,green,OP0026,BRIARLANE RENTAL PROPERTY MANAGEMENT INC.
4154879,1698 VICTORIA PARK AVE,16,1966,52,2025,2025-06-21,93.0,green,OP0209,FUTURE WEST LIVING
4154880,1684 VICTORIA PARK AVE,16,1987,112,2025,2025-06-14,92.0,green,OP0613,EMMANUEL LUTHERAN MANOR
4154881,1710 VICTORIA PARK AVE,16,1968,59,2026,2026-08-13,96.0,green,OP0614,"RICHMOND COMMUNITY SERVICE CORP.   PH905 470 1244 ,CELL 289 200 6649"
4154882,1704 VICTORIA PARK AVE,16,1966,93,2025,2025-06-21,97.0,green,OP0044,GOLD SEAL MANAGEMENT INC.
4154883,1780 VICTORIA PARK AVE,16,1979,83,2026,2026-09-03,97.0,green,OP0039,BERKLEY PROPERTY MANAGEMENT INC.
4154884,1441 LAWRENCE AVE E,16,1961,251,2025,2025-09-18,88.0,green,OP0025,STERLING KARAMAR PROPERTY MANAGEMENT
4154885,1850 VICTORIA PARK AVE,16,1964,240,2026,2026-09-18,89.0,green,OP0187,FALCONWIN PROPERTY MANAGEMENT
4154886,1840 VICTORIA PARK AVE,16,1964,204,2025,2025-06-21,75.0,yellow,OP0187,FALCONWIN PROPERTY MANAGEMENT
4154887,48 ECCLESTON DR,16,1960,69,2025,2025-07-22,87.0,green,OP0207,LINWOOD MANAGEMENT CORPORATION
4154888,50 ECCLESTON DR,16,1958,60,2025,2025-07-07,95.0,green,OP0026,BRIARLANE RENTAL PROPERTY MANAGEMENT INC.
4154889,56 ECCLESTON DR,16,1958,60,2026,2026-09-23,93.0,green,OP0028,AKELIUS CANADA LTD
4154890,55 ECCLESTON DR,16,1960,60,2024,2024-08-16,95.0,green,OP0028,AKELIUS CANADA LTD
4154891,2 SWIFT DR,16,1958,61,2026,2026-08-18,99.0,green,OP0026,BRIARLANE RENTAL PROPERTY MANAGEMENT INC.
4154892,74 CURLEW DR,16,1966,112,2025,2025-07-11,86.0,green,OP0068,HAZELVIEW PROPERTIES
4154893,17 BROOKBANKS DR,16,2001,44,2026,2026-08-12,98.0,green,OP0033,REALSTAR
4154894,8 ROANOKE RD,16,1962,111,2025,2025-06-23,92.0,green,OP0109,QUADREAL RESIDENTIAL PROPERTIES G.P. INC.
4154895,7 ROANOKE RD,16,1963,113,2025,2025-06-23,96.0,green,OP0029,CAPREIT
4154896,60 UNDERHILL DR,16,1961,57,2025,2025-06-14,96.0,green,OP0061,THREE R PROPERTY MANAGEMENT CORPORATION
4154897,50 UNDERHILL DR,16,1961,64,2024,2024-08-02,94.0,green,OP0061,THREE R PROPERTY MANAGEMENT CORPORATION
4154898,21 WELSFORD GDNS,16,1960,154,2025,2025-06-13,95.0,green,OP0045,CANDO APARTMENTS LTD.
4154900,105 ROWENA DR,16,1966,243,2025,2025-10-07,77.0,yellow,OP0010,BARNEY RIVER MANAGEMENT SERVICES
4154901,235 BROOKBANKS DR,16,1967,41,2026,2026-08-27,97.0,green,OP0061,THREE R PROPERTY MANAGEMENT CORPORATION
4154902,76 PARKWOODS VILLAGE DR,16,1962,65,2025,2025-06-18,88.0,green,OP0170,PARKWOODS MANAGEMENT
4154903,70 PARKWOODS VILLAGE DR,16,1963,65,2026,2026-09-16,85.0,green,OP0022,GREENWIN CORP.
4154904,66 PARKWOODS VILLAGE DR,16,1962,65,2026,2026-06-24,97.0,green,OP0061,THREE R PROPERTY MANAGEMENT CORPORATION
4154905,270 CASSANDRA BLVD,16,1969,83,2025,2025-06-23,99.0,green,OP0105,COLONIA TREUHAND MANAGEMENT INC.
4154906,250 CASSANDRA BLVD,16,1966,234,2025,2025-06-23,81.0,yellow,OP0287,WYCLIFFE PROPERTY MANAGEMENT LIMITED
4154907,2126 VICTORIA PARK AVE,16,1961,11,2026,2026-09-02,96.0,green,unattributed,
4154908,57 PARKWOODS VILLAGE DR,16,1965,87,2024,2024-07-16,91.0,green,OP0039,BERKLEY PROPERTY MANAGEMENT INC.
4154909,67 PARKWOODS VILLAGE DR,16,1962,78,2026,2026-06-19,95.0,green,OP0022,GREENWIN CORP.
4154910,121 COMBERMERE DR,16,1963,66,2026,2026-09-02,97.0,green,OP0032,PARK PROPERTY MANAGEMENT INC.
4154911,111 COMBERMERE DR,16,1963,81,2026,2026-08-31,98.0,green,OP0032,PARK PROPERTY MANAGEMENT INC.
4154912,71 PARKWOODS VILLAGE DR,16,1962,81,2025,2025-06-18,84.0,yellow,unattributed,
4154914,77 PARKWOODS VILLAGE DR,16,1962,85,2026,2026-09-18,86.0,green,OP0022,GREENWIN CORP.
4154915,1325 YORK MILLS RD,16,1961,64,2026,2026-09-15,91.0,green,OP0615,YORK MILLS COURT APTS
4154916,267 ROYWOOD DR,16,1962,72,2025,2025-06-14,92.0,green,OP0154,GOLFOUR PROPERTY SERVICES INC.
4154917,1300 YORK MILLS RD,16,1965,112,2025,2025-10-27,87.0,green,OP0036,RANEE MANAGEMENT
4154918,1284 YORK MILLS RD,16,1959,63,2026,2026-09-22,93.0,green,OP0616,YORK MILLS PLACE
4154919,1274 YORK MILLS RD,16,1970,73,2026,2026-09-08,97.0,green,OP0038,HANNAH PROPERTY MANAGEMENT LTD.
4154920,1264 YORK MILLS RD,16,1963,76,2026,2026-07-03,93.0,green,OP0022,GREENWIN CORP.
4154921,32 CLAYLAND DR,16,1967,64,2025,2025-07-29,96.0,green,OP0617,CAST PROPERTIES CORPORATION
4154922,1254 YORK MILLS RD,16,1961,58,2026,2026-07-09,89.0,green,OP0039,BERKLEY PROPERTY MANAGEMENT INC.
4154923,1244 YORK MILLS RD,16,1961,58,2026,2026-07-09,89.0,green,OP0039,BERKLEY PROPERTY MANAGEMENT INC.
4154924,1230 YORK MILLS RD,16,1963,38,2026,2026-07-02,91.0,green,OP0618,VALLEY  YORK  MANOR
4154925,1222 YORK MILLS RD,16,1963,25,2026,2026-07-14,92.0,green,OP0619,ARMBRO GROUP INC
4154926,1216 YORK MILLS RD,16,1964,65,2025,2025-09-04,94.0,green,OP0029,CAPREIT
4154927,1210 YORK MILLS RD,16,1963,91,2025,2025-09-04,95.0,green,OP0245,TOBIS INVESTMENTS INC.
4154929,450 WALMER RD,12,1960,171,2026,2026-07-27,95.0,green,OP0149,AZURIA GROUP INCORPORATED
4154930,400 WALMER RD,12,1964,547,2026,2026-07-22,95.0,green,unattributed,
4154931,21 TICHESTER RD,12,1956,117,2025,2025-10-23,90.0,green,OP0070,BEAUX PROPERTIES MANAGEMENT
4154932,250 HEATH ST W,12,1975,81,2024,2024-09-10,93.0,green,OP0058,WJ PROPERTIES
4154933,14 TICHESTER RD,12,1938,32,2025,2025-07-30,89.0,green,OP0031,HAZELVIEW PROPERTY SERVICES INC
4154934,1531 BATHURST ST,12,1943,32,2025,2025-07-29,93.0,green,OP0078,HAZELVIEW PROPERTIES SERVICES INC.
4154935,1535 BATHURST ST,12,1943,32,2026,2026-08-18,91.0,green,OP0031,HAZELVIEW PROPERTY SERVICES INC
4154936,17 RAGLAN AVE,12,1930,16,2025,2025-10-02,87.0,green,OP0031,HAZELVIEW PROPERTY SERVICES INC
4154937,21 RAGLAN AVE,12,1930,12,2025,2025-10-02,90.0,green,OP0031,HAZELVIEW PROPERTY SERVICES INC
4154938,39 RAGLAN AVE,12,1967,101,2026,2026-08-20,95.0,green,OP0620,39 RAGLAN AVE LIMITED
4154939,105 RAGLAN AVE,12,1965,34,2025,2025-10-03,86.0,green,unattributed,
4154940,111 RAGLAN AVE,12,1967,175,2025,2025-10-15,80.0,yellow,OP0621,BARNEY RIVER INVESTMENT LTD.
4154941,5 CLAXTON BLVD,12,1937,18,2025,2026-07-17,89.0,green,OP0193,VESTA MANAGEMENT INC
4154942,3 CLAXTON BLVD,12,1955,19,2025,2025-10-21,90.0,green,OP0198,CANAL PROPERTY MANAGEMENT
4154944,1580 BATHURST ST,12,1940,24,2026,2026-08-12,96.0,green,OP0038,HANNAH PROPERTY MANAGEMENT LTD.
4154945,1576 BATHURST ST,12,1940,24,2026,2026-08-12,97.0,green,OP0038,HANNAH PROPERTY MANAGEMENT LTD.
4154946,1574 BATHURST ST,12,1926,36,2026,2026-08-12,93.0,green,OP0022,GREENWIN CORP.
4154947,1570 BATHURST ST,12,1926,36,2025,2025-07-28,90.0,green,OP0022,GREENWIN CORP.
4154948,1560 BATHURST ST,12,1926,36,2026,2026-08-12,92.0,green,OP0022,GREENWIN CORP.
4154949,1554 BATHURST ST,12,1926,36,2025,2025-07-28,93.0,green,OP0022,GREENWIN CORP.
4154950,1550 BATHURST ST,12,1940,25,2025,2025-08-08,84.0,yellow,OP0001,TRIVEST DEVELOPMENTS CORPORATION
4154951,1524 BATHURST ST,12,1932,24,2025,2025-10-02,92.0,green,OP0288,BATHCLAIR PROPERTIES INC.
4154952,1520 BATHURST ST,12,1932,24,2025,2025-10-02,93.0,green,OP0288,BATHCLAIR PROPERTIES INC.
4154953,1516 BATHURST ST,12,1959,42,2025,2025-07-28,85.0,green,OP0151,AMELIN PROPERTY MANAGEMENT
4154954,1510 BATHURST ST,12,1933,24,2025,2025-08-08,86.0,green,OP0028,AKELIUS CANADA LTD
4154955,1500 BATHURST ST,12,1965,119,2026,2026-08-18,97.0,green,OP0050,CROMWELL MANAGEMENT INC.
4154956,101 VAUGHAN RD,12,1920,32,2025,2025-08-13,92.0,green,OP0210,PHC INC.
4154957,113 VAUGHAN RD,12,1947,12,2025,2025-10-17,92.0,green,unattributed,
4154958,125 VAUGHAN RD,12,1950,32,2025,2025-08-26,78.0,yellow,OP0230,17A PROPERTIES
4154959,147 VAUGHAN RD,12,1955,12,2026,2026-08-11,77.0,yellow,OP0037,COGIR REAL ESTATE
4154960,100 RAGLAN AVE,12,1967,230,2025,2025-10-14,87.0,green,OP0622,100 RAGLAN AVE LIMITED
4154961,54 RAGLAN AVE,12,1960,16,2026,2026-08-20,91.0,green,OP0031,HAZELVIEW PROPERTY SERVICES INC
4154962,50 RAGLAN AVE,12,1928,32,2025,2025-10-03,80.0,yellow,OP0236,HOLT MEADOW PROPERTY MANAGEMENT CORP.
4154963,40 RAGLAN AVE,12,1960,61,2025,2025-10-02,92.0,green,OP0031,HAZELVIEW PROPERTY SERVICES INC
4154964,118 VAUGHAN RD,12,1929,32,2025,2025-08-13,85.0,green,OP0623,IMOR CORPORATION INC.
4154965,100 VAUGHAN RD,12,1940,33,2026,2026-08-13,92.0,green,OP0028,AKELIUS CANADA LTD
4154966,98 VAUGHAN RD,12,1963,40,2026,2026-08-24,82.0,yellow,unattributed,
4154967,105 KENWOOD AVE,12,1950,31,2025,2025-07-18,96.0,green,unattributed,
4154968,154 VAUGHAN RD,12,1983,51,2026,2026-08-13,96.0,green,OP0021,TORONTO COMMUNITY HOUSING CORPORATION
4154969,142 VAUGHAN RD,12,1960,27,2026,2026-08-10,89.0,green,OP0178,NEIGHBOURS NON-PROFIT HOMES
4154970,130 VAUGHAN RD,12,1977,99,2025,2025-08-26,99.0,green,OP0021,TORONTO COMMUNITY HOUSING CORPORATION
4154971,120 VAUGHAN RD,12,1929,24,2026,2026-08-10,94.0,green,OP0262,OCTOPUS INVESTMENT CORP
4154972,210 WYCHWOOD AVE,12,1930,40,2025,2025-07-09,97.0,green,OP0027,SIGNET GROUP INC.
4154973,8 PINEWOOD AVE,12,1925,11,2025,2025-12-05,92.0,green,unattributed,
4154974,175 VAUGHAN RD,12,1929,29,2025,2025-10-17,83.0,yellow,OP0076,HOMES FIRST SOCIETY
4154975,189 VAUGHAN RD,12,1955,16,2026,2026-10-06,89.0,green,OP0077,ANCHOR PROPERTY MANAGERS INC
4154976,195 VAUGHAN RD,12,1920,32,2025,2025-07-03,98.0,green,OP0106,HIGH VALUE CONSULTANTS LTD
4154977,197 VAUGHAN RD,12,1955,42,2025,2025-07-17,95.0,green,unattributed,
4154979,205 VAUGHAN RD,12,1930,46,2025,2025-08-13,89.0,green,OP0624,1021122 ONTARIO LIMITED
4154980,227 VAUGHAN RD,12,1927,24,2026,2026-08-23,93.0,green,OP0028,AKELIUS CANADA LTD
4154981,120 RAGLAN AVE,12,1963,175,2026,2026-08-11,96.0,green,OP0107,COGIR MANAGEMENT CORPORATION GP
4154982,214 VAUGHAN RD,12,1955,31,2025,2025-08-25,93.0,green,unattributed,
4154983,194 VAUGHAN RD,12,1952,22,2026,2026-07-08,85.0,green,OP0178,NEIGHBOURS NON-PROFIT HOMES
4154984,180 VAUGHAN RD,12,1955,22,2025,2025-10-17,95.0,green,unattributed,
4154985,172 VAUGHAN RD,12,1920,24,2025,2025-07-04,99.0,green,OP0106,HIGH VALUE CONSULTANTS LTD
4154986,236 VAUGHAN RD,12,1952,79,2026,2026-08-17,89.0,green,OP0035,MEDALLION CORPORATION
4154987,229 VAUGHAN RD,12,1938,24,2026,2026-08-23,86.0,green,OP0625,ROYALLEPAGE
4154988,231 VAUGHAN RD,12,1926,52,2025,2025-08-25,72.0,yellow,OP0122,VALOUR MANAGEMENT INC.
4154989,235 VAUGHAN RD,12,1934,24,2026,2026-08-18,93.0,green,unattributed,
4154990,1602 BATHURST ST,12,1923,32,2026,2026-08-21,96.0,green,unattributed,
4154991,1600 BATHURST ST,12,1939,34,2025,2025-10-21,83.0,yellow,OP0289,ASTROID MANAGEMENT LTD.
4154992,1596-1598 BATHURST ST,12,1960,62,2025,2025-10-20,88.0,green,OP0025,STERLING KARAMAR PROPERTY MANAGEMENT
4154993,1594 BATHURST ST,12,1948,22,2025,2025-10-20,81.0,yellow,unattributed,
4154994,1592 BATHURST ST,12,1955,35,2026,2026-08-13,94.0,green,OP0058,WJ PROPERTIES
4154996,261 VAUGHAN RD,12,1940,33,2024,2024-06-21,96.0,green,OP0031,HAZELVIEW PROPERTY SERVICES INC
4154997,1650 BATHURST ST,12,1930,25,2026,2026-08-21,92.0,green,OP0025,STERLING KARAMAR PROPERTY MANAGEMENT
4154998,1660 BATHURST ST,12,1941,52,2025,2025-10-22,83.0,yellow,OP0025,STERLING KARAMAR PROPERTY MANAGEMENT
4154999,1654 BATHURST ST,12,1950,72,2025,2025-10-22,88.0,green,OP0113,BROSKO PROPERTY MANAGEMENT
4155000,1652 BATHURST ST,12,1950,39,2026,2026-08-17,92.0,green,OP0001,TRIVEST DEVELOPMENTS CORPORATION
4155001,1862 BATHURST ST,12,1951,75,2026,2026-09-25,92.0,green,OP0248,EQUITON LIVING
4155003,1996 BATHURST ST,12,1949,39,2026,2026-07-13,93.0,green,OP0626,MAR-KAL PROPERTY MANAGEMENT COMPANY LIMTED
4155004,989 EGLINTON AVE W,12,1980,146,2025,2025-09-25,91.0,green,OP0030,DMS PROPERTY MANAGEMENT LTD.
4155005,1071 EGLINTON AVE W,12,1955,33,2025,2025-10-27,87.0,green,OP0158,JENNIC INVESTMENTS INC.
4155006,1065 EGLINTON AVE W,12,1955,34,2026,2026-08-17,97.0,green,OP0025,STERLING KARAMAR PROPERTY MANAGEMENT
4155008,161 OAKWOOD AVE,09,1968,151,2026,2026-09-09,94.0,green,OP0114,1597180 ONTARIO INC
4155009,22 ROBINA AVE,09,1950,20,2026,2026-08-14,90.0,green,OP0090,"MANTLER, BOWMAN AND ASSOCIATES INC."
4155010,460 WINONA DR,12,1958,55,2025,2025-10-30,73.0,yellow,OP0176,CANLIGHT MANAGEMENT INC.
4155011,450 WINONA DR,12,1960,124,2025,2025-10-30,86.0,green,OP0627,2298097 ONTARIO INC
4155012,440 WINONA DR,12,1955,130,2025,2025-10-30,85.0,green,OP0115,MYRIAD PROPERTY MANAGEMENT
4155013,240 NORTHCLIFFE BLVD,09,1930,46,2026,2026-08-13,86.0,green,OP0196,AGC GROUP LTD
4155014,345 WESTMOUNT AVE,09,1952,29,2025,2025-07-23,80.0,yellow,unattributed,
4155015,355 WESTMOUNT AVE,09,1952,29,2026,2026-09-10,78.0,yellow,unattributed,
4155016,365 WESTMOUNT AVE,09,1952,29,2026,2026-09-16,80.0,yellow,unattributed,
4155017,375 WESTMOUNT AVE,09,1953,30,2026,2026-09-16,92.0,green,OP0211,OLYMPIA PROPERTIES INC.
4155019,370 WESTMOUNT AVE,09,1950,29,2025,2025-07-23,76.0,yellow,unattributed,
4155020,330 WINNETT AVE,12,1971,39,2026,2026-08-24,92.0,green,OP0022,GREENWIN CORP.
4155021,300 WINNETT AVE,12,1971,35,2025,2025-11-03,92.0,green,OP0022,GREENWIN CORP.
4155022,481 VAUGHAN RD,12,1957,97,2025,2025-08-25,95.0,green,OP0035,MEDALLION CORPORATION
4155023,1 A BANSLEY AVE,12,1954,19,2026,2026-08-17,90.0,green,unattributed,
4155024,642 VAUGHAN RD,12,1957,23,2026,2026-08-26,79.0,yellow,OP0289,ASTROID MANAGEMENT LTD.
4155026,2353 DUFFERIN ST,12,1997,144,2024,2024-09-11,75.0,yellow,OP0628,LEWIS GARNSWORTHY RESIDENCE
4155028,620 NORTHCLIFFE BLVD,12,1968,68,2025,2025-10-31,90.0,green,OP0031,HAZELVIEW PROPERTY SERVICES INC
4155029,787 VAUGHAN RD,12,1977,38,2026,2026-08-17,94.0,green,unattributed,
4155030,795 VAUGHAN RD,12,1966,106,2025,2025-08-25,85.0,green,unattributed,
4155031,1801 EGLINTON AVE W,12,1960,41,2026,2026-09-01,89.0,green,OP0629,COLLIERS MACAULAY NICOLLS INC
4155033,682 NORTHCLIFFE BLVD,12,1960,54,2026,2026-08-17,84.0,yellow,OP0179,OZ PROPERTY MANAGEMENT LTD
4155034,640 LAUDER AVE,12,1965,129,2025,2025-11-03,76.0,yellow,OP0161,R A B PROPERTIES LIMITED
4155035,641 VAUGHAN RD,12,1955,45,2026,2026-08-18,93.0,green,OP0033,REALSTAR
4155036,560 OAKWOOD AVE,12,1960,24,2026,2026-08-21,94.0,green,unattributed,
4155038,633 NORTHCLIFFE BLVD,12,1968,86,2025,2025-10-31,80.0,yellow,OP0157,DRAKE PROPERTY MANAGEMENT
4155039,1675 EGLINTON AVE W,12,1960,37,2026,2026-09-01,84.0,yellow,OP0172,SHELBORNE PROPERTY MANAGEMENT INC
4155040,1480 EGLINTON AVE W,08,1958,11,2025,2025-07-15,94.0,green,unattributed,
4155041,1490 EGLINTON AVE W,08,1955,34,2026,2026-08-04,94.0,green,OP0630,HALLPINE INVESTMENTS INC.
4155042,1500 EGLINTON AVE W,08,1954,34,2026,2026-07-31,94.0,green,OP0172,SHELBORNE PROPERTY MANAGEMENT INC
4155044,110 MARLEE AVE,08,1960,110,2025,2025-08-13,95.0,green,OP0035,MEDALLION CORPORATION
4155045,330 HOPEWELL AVE,08,1959,67,2025,2025-06-27,97.0,green,OP0631,CANAL PROPERTY MANGEMENT
4155046,839 ROSELAWN AVE,08,1955,36,2025,2025-09-09,87.0,green,OP0045,CANDO APARTMENTS LTD.
4155047,837 ROSELAWN AVE,08,1959,39,2025,2025-09-09,90.0,green,OP0097,BIDDINGTON PROPERTY MANAGEMENT CORP.
4155048,835 ROSELAWN AVE,08,1960,39,2025,2025-09-02,93.0,green,OP0068,HAZELVIEW PROPERTIES
4155049,822 ROSELAWN AVE,08,1960,56,2026,2026-07-23,98.0,green,OP0207,LINWOOD MANAGEMENT CORPORATION
4155050,836 ROSELAWN AVE,08,1965,26,2025,2025-09-02,80.0,yellow,OP0632,2478443 ONTARIO LTD.
4155051,131 LYON CRT,08,1958,26,2026,2026-07-23,83.0,yellow,OP0633,2806275 ONTARIO INC.
4155052,145 MARLEE AVE,08,1967,315,2025,2025-10-24,93.0,green,OP0030,DMS PROPERTY MANAGEMENT LTD.
4155053,377 RIDELLE AVE,08,1967,231,2025,2025-07-04,97.0,green,OP0030,DMS PROPERTY MANAGEMENT LTD.
4155054,1030 CASTLEFIELD AVE,08,1956,56,2025,2025-06-19,89.0,green,OP0001,TRIVEST DEVELOPMENTS CORPORATION
4155055,1040 CASTLEFIELD AVE,08,1959,44,2025,2025-06-19,76.0,yellow,OP0001,TRIVEST DEVELOPMENTS CORPORATION
4155056,1050 CASTLEFIELD AVE,08,1959,64,2025,2025-06-20,99.0,green,OP0027,SIGNET GROUP INC.
4155058,1090 ROSELAWN AVE,08,1960,62,2025,2025-09-30,97.0,green,OP0226,ACCADIA APARTMENTS
4155059,2495 DUFFERIN ST,08,1960,15,2026,2026-07-31,97.0,green,unattributed,
4155060,178 LOCKSLEY AVE,08,1960,24,2026,2026-07-16,88.0,green,unattributed,
4155061,851 BRIAR HILL AVE,08,1960,10,2025,2025-11-26,81.0,yellow,unattributed,
4155062,370 RIDELLE AVE,08,1965,214,2025,2025-12-01,84.0,yellow,OP0022,GREENWIN CORP.
4155063,2036 DUFFERIN ST,09,1950,12,2025,2025-07-24,74.0,yellow,OP0258,GLENDALE PROPERTIES INC.
4155064,3 THORNTON AVE,09,1960,17,2025,2025-06-18,89.0,green,unattributed,
4155065,2005 EGLINTON AVE W,09,1959,78,2025,2025-07-11,93.0,green,OP0026,BRIARLANE RENTAL PROPERTY MANAGEMENT INC.
4155066,1969 EGLINTON AVE W,09,1963,36,2026,2026-09-29,89.0,green,OP0634,TAMRON PROPERTY MANAGEMENT
4155067,65 DYNEVOR RD,09,1967,90,2024,2024-08-20,84.0,yellow,OP0031,HAZELVIEW PROPERTY SERVICES INC
4155068,2208 DUFFERIN ST,09,1959,18,2025,2025-07-18,89.0,green,OP0290,2204 - 2208 DUFFERIN INC.
4155069,2204 DUFFERIN ST,09,1959,28,2026,2026-07-15,72.0,yellow,OP0290,2204 - 2208 DUFFERIN INC.
4155070,502 GILBERT AVE,09,1960,23,2025,2025-07-15,91.0,green,OP0291,EICHLER GILBERT PROPERTIES LTD.
4155071,500 GILBERT AVE,09,1960,29,2026,2026-10-05,92.0,green,OP0291,EICHLER GILBERT PROPERTIES LTD.
4155072,480 CALEDONIA RD,09,1960,28,2025,2026-08-20,93.0,green,unattributed,
4155073,478 CALEDONIA RD,09,1970,20,2025,2025-07-08,87.0,green,unattributed,
4155074,531 CALEDONIA RD,09,1968,24,2026,2026-07-31,84.0,yellow,OP0635,GULMOUR PROPERTY MANAGEMENT
4155075,554 HARVIE AVE,09,1958,15,2025,2025-07-10,95.0,green,OP0636,LOCKWOOD APARTMENTS LTD
4155076,526 HARVIE AVE,09,1960,29,2026,2026-08-26,90.0,green,OP0096,PROPERTY SERVICES INC.
4155077,524 HARVIE AVE,09,1960,29,2025,2025-07-10,86.0,green,OP0096,PROPERTY SERVICES INC.
4155078,2040 EGLINTON AVE W,08,1950,37,2026,2026-07-31,99.0,green,OP0025,STERLING KARAMAR PROPERTY MANAGEMENT
4155079,2507 EGLINTON AVE W,05,1950,28,2026,2026-07-27,88.0,green,OP0144,FIRM CAPITAL
4155080,2501 EGLINTON AVE W,05,1975,25,2025,2025-11-20,97.0,green,OP0038,HANNAH PROPERTY MANAGEMENT LTD.
4155081,1500 KEELE ST,05,1996,132,2025,2025-11-27,95.0,green,OP0227,SELF MANAGED
4155083,7 NASHVILLE AVE,05,1965,23,2026,2026-06-24,79.0,yellow,OP0276,S & T INC
4155084,3 NASHVILLE AVE,05,1957,21,2026,2026-06-24,95.0,green,unattributed,
4155085,1650 KEELE ST,05,1958,22,2026,2026-08-10,75.0,yellow,OP0637,G & S REALTY INVESTMENTS INC.
4155086,1720 KEELE ST,05,1955,47,2025,2025-11-27,74.0,yellow,unattributed,
4155088,2480 EGLINTON AVE W,05,1993,97,2026,2026-07-22,76.0,yellow,OP0007,RICHMOND COMMUNITY MANAGEMENT SERVICES CORP.
4155089,43 GLENHAVEN ST,05,1950,11,2025,2025-11-25,94.0,green,OP0071,WESTHAVEN PROPERTY MANAGEMENT INC.
4155090,2 GLENHAVEN ST,05,1950,24,2026,2026-09-09,90.0,green,OP0025,STERLING KARAMAR PROPERTY MANAGEMENT
4155091,2558 EGLINTON AVE W,05,1953,29,2026,2026-07-27,78.0,yellow,OP0638,LA STRADA INVESTMENTS LIMITED
4155092,2600 EGLINTON AVE W,05,2009,32,2026,2026-07-22,85.0,green,OP0292,7774001 CANADA INC.
4155093,31 CLEARVIEW HTS,05,1955,43,2026,2026-06-17,87.0,green,OP0102,QMW PROPERTIES INC.
4155094,2 GREENTREE CRT,05,1950,29,2025,2025-11-11,87.0,green,OP0102,QMW PROPERTIES INC.
4155095,4 GREENTREE CRT,05,1955,43,2026,2026-09-09,79.0,yellow,OP0102,QMW PROPERTIES INC.
4155096,30 CLEARVIEW HTS,05,1960,25,2025,2025-09-18,91.0,green,unattributed,
4155097,40 CLEARVIEW HTS,05,1951,37,2026,2026-06-17,87.0,green,OP0088,SILVERCORE PROPERTIES INC
4155098,50 CLEARVIEW HTS,05,1951,37,2026,2026-06-17,91.0,green,OP0088,SILVERCORE PROPERTIES INC
4155099,60 CLEARVIEW HTS,05,1951,37,2025,2025-09-25,85.0,green,OP0088,SILVERCORE PROPERTIES INC
4155100,70 CLEARVIEW HTS,05,1951,47,2026,2026-06-22,78.0,yellow,OP0088,SILVERCORE PROPERTIES INC
4155101,80 CLEARVIEW HTS,05,1951,36,2025,2025-09-25,87.0,green,OP0088,SILVERCORE PROPERTIES INC
4155102,100 TRETHEWEY DR,05,1950,11,2025,2025-09-26,75.0,yellow,unattributed,
4155103,98 TRETHEWEY DR,05,1950,10,2025,2025-09-26,76.0,yellow,unattributed,
4155104,96 TRETHEWEY DR,05,1956,12,2025,2025-09-26,90.0,green,OP0063,KNRS PROPERTIES INC
4155105,5 GREENBROOK DR,05,1970,12,2025,2025-10-24,93.0,green,OP0639,SOTAM INVESTMENT GROUP LIMITED
4155107,1970 KEELE ST,05,1960,45,2025,2025-11-28,96.0,green,unattributed,
4155108,1960 KEELE ST,05,1957,28,2025,2025-11-28,95.0,green,OP0280,D AND D MANAGEMENT
4155110,102 TRETHEWEY DR,05,1957,30,2026,2026-06-22,89.0,green,OP0001,TRIVEST DEVELOPMENTS CORPORATION
4155111,85 CLEARVIEW HTS,05,1958,35,2025,2025-09-18,92.0,green,OP0001,TRIVEST DEVELOPMENTS CORPORATION
4155112,83 CLEARVIEW HTS,05,1915,40,2026,2026-06-22,89.0,green,OP0640,GN INVESTMENT
4155113,81 CLEARVIEW HTS,05,1950,40,2025,2025-09-25,88.0,green,OP0001,TRIVEST DEVELOPMENTS CORPORATION
4155114,79 CLEARVIEW HTS,05,1950,54,2025,2025-09-25,86.0,green,OP0001,TRIVEST DEVELOPMENTS CORPORATION
4155115,9 GREENTREE CRT,05,1956,28,2025,2025-09-18,88.0,green,OP0641,MASGAR INVESTMENTS LTD.
4155116,7 GREENTREE CRT,05,1953,28,2025,2025-09-18,77.0,yellow,OP0642,SPEARHEARD PROPERTY MANAGEMENT LTD.
4155117,5 GREENTREE CRT,05,1970,17,2025,2025-11-17,91.0,green,OP0025,STERLING KARAMAR PROPERTY MANAGEMENT
4155118,3 GREENTREE CRT,05,1960,45,2026,2026-08-13,85.0,green,OP0212,SIX POINTS SUITES INC.
4155119,40 TRETHEWEY DR,05,1960,45,2025,2025-11-17,90.0,green,OP0212,SIX POINTS SUITES INC.
4155120,1197 WESTON RD,05,1958,15,2025,2025-10-23,89.0,green,OP0643,985352 ONTARIO LTD
4155121,15 OXFORD DR,05,1982,174,2025,2025-11-25,93.0,green,OP0030,DMS PROPERTY MANAGEMENT LTD.
4155122,30 DENARDA ST,05,1983,255,2025,2025-11-27,86.0,green,OP0053,DEL MANAGEMENT
4155123,1240 WESTON RD,05,1954,22,2025,2025-11-21,87.0,green,OP0644,THE LERANING ENRICHMENT FOUNDATION
4155124,1296 WESTON RD,05,1995,24,2025,2025-11-21,94.0,green,unattributed,
4155125,1321 WESTON RD,05,1960,10,2025,2025-11-21,78.0,yellow,OP0071,WESTHAVEN PROPERTY MANAGEMENT INC.
4155126,1306 WESTON RD,05,1957,11,2026,2026-08-17,76.0,yellow,OP0645,10000080779 0NT LTD
4155127,200 DORA SPENCER RD,05,1992,125,2026,2026-08-19,93.0,green,unattributed,
4155128,12 BUTTONWOOD AVE,05,1977,40,2025,2025-11-21,92.0,green,OP0038,HANNAH PROPERTY MANAGEMENT LTD.
4155130,24 PINEHILL CRES,05,1969,29,2026,2026-07-17,73.0,yellow,OP0233,LA VALETTE PROPERTY MANAGEMENT
4155131,55 EMMETT AVE,05,1968,267,2025,2025-11-27,79.0,yellow,OP0026,BRIARLANE RENTAL PROPERTY MANAGEMENT INC.
4155132,65 EMMETT AVE,05,1971,419,2025,2025-11-27,80.0,yellow,OP0646,STATE BUILDING GROUP
4155133,80 CLOUSTON AVE,05,1968,17,2026,2026-08-14,88.0,green,OP0647,QHN CORPORATION
4155134,19 DENISON RD E,05,1960,26,2025,2025-11-25,80.0,yellow,OP0648,1248133 ONTARIO LTD
4155135,21 DENISON RD E,05,1958,17,2026,2026-08-21,62.0,red,OP0016,PRECIOUS PROPERTIES INC
4155140,1848 JANE ST,05,1960,21,2025,2025-11-18,77.0,yellow,OP0071,WESTHAVEN PROPERTY MANAGEMENT INC.
4155141,1860 JANE ST,05,1954,40,2026,2026-09-01,92.0,green,OP0117,EZ PROPERTY MANAGEMENT LTD
4155142,131 WOODWARD AVE,05,1954,10,2025,2025-11-26,93.0,green,OP0649,KINSALE INVESTMENTS LTD
4155143,133 WOODWARD AVE,05,1954,11,2026,2026-07-27,80.0,yellow,unattributed,
4155144,135 WOODWARD AVE,05,1955,10,2025,2025-11-26,92.0,green,unattributed,
4155145,137 WOODWARD AVE,05,1954,11,2026,2026-06-25,70.0,yellow,OP0650,OS PROPERTIES
4155146,139 WOODWARD AVE,05,1945,10,2026,2026-07-27,85.0,green,OP0278,DEVNETT COMPANY
4155147,141 WOODWARD AVE,05,1954,11,2025,2025-11-26,80.0,yellow,OP0651,SANBERG INVESTMENTS INC.
4155148,143 WOODWARD AVE,05,1954,10,2026,2026-07-27,91.0,green,OP0069,LANDLORD PROPERTY & RENTAL MANAGEMENT INC
4155149,145 WOODWARD AVE,05,1953,11,2025,2025-11-17,86.0,green,unattributed,
4155150,166 QUEENS DR,05,1950,11,2026,2026-08-26,85.0,green,unattributed,
4155151,50 JOHN ST,05,1940,14,2025,2025-11-14,93.0,green,OP0652,1725460 ONTARIO INC
4155152,150 ROSEMOUNT AVE,05,1974,31,2026,2026-08-28,84.0,yellow,unattributed,
4155154,2263 WESTON RD,05,1957,34,2026,2026-09-01,91.0,green,OP0022,GREENWIN CORP.
4155155,2275 WESTON RD,05,1960,61,2026,2026-09-01,98.0,green,OP0653,BWR 2275 CORP
4155156,36 CHURCH ST,05,1965,41,2025,2025-11-19,82.0,yellow,unattributed,
4155157,29 CHURCH ST,05,1963,63,2026,2026-09-21,69.0,red,unattributed,
4155158,15 KING ST,05,1994,119,2025,2025-11-27,94.0,green,unattributed,
4155160,1901 WESTON RD,05,1973,391,2025,2025-11-06,88.0,green,OP0021,TORONTO COMMUNITY HOUSING CORPORATION
4155161,1906-1930 WESTON RD,05,1970,112,2025,2025-12-09,86.0,green,OP0124,PSN PROPERTIES INC.
4155162,2360 WESTON RD,05,1968,52,2026,2026-09-03,95.0,green,OP0022,GREENWIN CORP.
4155163,2336 WESTON RD,05,1963,69,2026,2026-09-16,87.0,green,OP0101,CLV GROUP
4155164,2304 WESTON RD,05,1962,97,2026,2026-09-16,86.0,green,OP0101,CLV GROUP
4155165,2292 WESTON RD,05,1960,65,2025,2025-12-09,92.0,green,OP0037,COGIR REAL ESTATE
4155166,2278 WESTON RD,05,1961,33,2026,2026-09-01,89.0,green,OP0022,GREENWIN CORP.
4155167,2260 WESTON RD,05,1962,116,2026,2026-09-03,81.0,yellow,OP0130,FALCO PROPERTIES
4155168,2240 WESTON RD,05,1967,150,2026,2026-09-22,82.0,yellow,OP0022,GREENWIN CORP.
4155169,2222 WESTON RD,05,1961,65,2026,2026-09-17,88.0,green,OP0037,COGIR REAL ESTATE
4155170,2220 WESTON RD,05,1961,93,2026,2026-09-17,86.0,green,OP0037,COGIR REAL ESTATE
4155171,2202 WESTON RD,05,1959,97,2025,2025-12-09,95.0,green,OP0097,BIDDINGTON PROPERTY MANAGEMENT CORP.
4155173,2180 WESTON RD,05,1962,62,2026,2026-09-25,81.0,yellow,OP0030,DMS PROPERTY MANAGEMENT LTD.
4155174,8 CASTLETON AVE,05,1965,17,2026,2026-08-11,95.0,green,OP0084,ORCHARD PARK PROPERTY MANAGEMENT
4155176,200 WOOLNER AVE,05,1968,304,2026,2026-09-29,86.0,green,OP0293,WOOLNER HOLDINGS INC
4155177,210 WOOLNER AVE,05,1968,188,2025,2025-11-13,91.0,green,OP0293,WOOLNER HOLDINGS INC
4155178,220 WOOLNER AVE,05,1960,130,2024,2024-09-13,88.0,green,OP0294,TIVOLI TOWERS
4155179,230 WOOLNER AVE,05,1960,130,2025,2025-11-13,90.0,green,OP0294,TIVOLI TOWERS
4155180,777 JANE ST,05,1964,106,2024,2024-08-13,92.0,green,unattributed,
4155181,787 JANE ST,05,1964,107,2024,2024-07-26,89.0,green,unattributed,
4155182,797 JANE ST,05,1970,93,2026,2026-07-29,90.0,green,OP0031,HAZELVIEW PROPERTY SERVICES INC
4155184,1059 WESTON RD,05,1972,14,2026,2026-07-07,87.0,green,OP0277,MECKK PROPERTIES LIMITED
4155185,1061 WESTON RD,05,1952,11,2026,2026-07-09,88.0,green,unattributed,
4155186,38 LAMBTON AVE,05,1958,26,2025,2025-11-12,89.0,green,OP0025,STERLING KARAMAR PROPERTY MANAGEMENT
4155187,40 LAMBTON AVE,05,1958,26,2025,2025-11-12,90.0,green,OP0654,BEDFORD PROPERTIES
4155188,2 JASPER AVE,05,1954,22,2025,2025-11-12,98.0,green,OP0655,JASPER HOMES
4155189,5 A JASPER AVE,05,1954,10,2025,2025-11-12,97.0,green,unattributed,
4155190,872 WESTON RD,05,1956,12,2025,2025-11-20,98.0,green,OP0656,AMK2000 HOLDINGS INC
4155191,8 HECTOR AVE,05,1957,18,2026,2026-08-07,90.0,green,OP0025,STERLING KARAMAR PROPERTY MANAGEMENT
4155192,31 ROCKCLIFFE BLVD,05,1960,39,2025,2025-11-12,94.0,green,unattributed,
4155193,80 GUESTVILLE AVE,05,1958,53,2026,2026-09-09,92.0,green,unattributed,
4155194,3561 EGLINTON AVE W,05,1986,140,2026,2026-08-18,91.0,green,OP0657,NEW SPADINA GARMENT INDUSTRY CORPORATION
4155195,15 GRAY AVE,05,1958,17,2026,2026-08-28,91.0,green,OP0658,NORCAP PROPERTIES INC.
4155196,55 OUTLOOK AVE,05,1979,275,2026,2026-08-11,93.0,green,OP0021,TORONTO COMMUNITY HOUSING CORPORATION
4155197,890 JANE ST,05,1973,146,2024,2024-08-09,92.0,green,OP0067,MONTEREY PARK INC.
4155198,898 JANE ST,05,1960,63,2025,2025-08-08,98.0,green,OP0045,CANDO APARTMENTS LTD.
4155199,900 JANE ST,05,1968,40,2025,2025-08-08,95.0,green,OP0174,SKYVIEW MANAGEMENT LTD.
4155200,495 RIVERSIDE DR,04,1950,25,2025,2025-07-25,93.0,green,OP0042,NEIGHBOURS COMMUNITY HOMES
4155201,4075 OLD DUNDAS ST,04,1965,75,2026,2026-09-14,83.0,yellow,OP0194,GRANVIEW PROPERTY MANAGEMENT
4155202,4049 DUNDAS ST W,04,1990,208,2025,2025-08-08,97.0,green,OP0083,AYKLER REAL ESTATE INC.
4155203,4070 OLD DUNDAS ST,04,1958,48,2025,2025-11-07,85.0,green,OP0038,HANNAH PROPERTY MANAGEMENT LTD.
4155204,4033 OLD DUNDAS ST,04,1960,47,2026,2026-09-14,74.0,yellow,unattributed,
4155205,4029 OLD DUNDAS ST,04,1959,29,2025,2025-11-07,86.0,green,OP0038,HANNAH PROPERTY MANAGEMENT LTD.
4155206,596 JANE ST,04,1958,17,2025,2025-07-30,97.0,green,unattributed,
4155207,585 JANE ST,04,1955,25,2026,2026-08-04,96.0,green,unattributed,
4155208,2684 BLOOR ST W,03,1949,21,2026,2026-07-14,90.0,green,OP0127,ORCHARD APARTMENTS (BLOOR) INC
4155209,2686 BLOOR ST W,03,1949,21,2026,2026-07-14,92.0,green,OP0127,ORCHARD APARTMENTS (BLOOR) INC
4155210,2688 BLOOR ST W,03,1949,21,2026,2026-07-14,92.0,green,OP0127,ORCHARD APARTMENTS (BLOOR) INC
4155211,2690 BLOOR ST W,03,1949,18,2025,2025-10-15,95.0,green,OP0127,ORCHARD APARTMENTS (BLOOR) INC
4155212,2692-2694 BLOOR ST W,03,1949,40,2026,2026-07-21,94.0,green,OP0127,ORCHARD APARTMENTS (BLOOR) INC
4155213,2696 BLOOR ST W,03,1957,15,2025,2025-11-25,83.0,yellow,OP0116,N/A
4155215,100 BROWNS LINE,03,1954,22,2026,2026-07-22,97.0,green,OP0134,LIVING PROPERTIES INC.
4155216,765 BROWNS LINE,03,1962,24,2026,2026-07-23,95.0,green,OP0101,CLV GROUP
4155217,270 SHELDON AVE,03,1960,74,2025,2025-07-11,97.0,green,OP0029,CAPREIT
4155218,256 SHELDON AVE,03,1982,76,2026,2026-07-28,98.0,green,unattributed,
4155219,625 EVANS AVE,03,1967,85,2026,2026-07-29,93.0,green,OP0029,CAPREIT
4155220,618 EVANS AVE,03,1967,25,2025,2025-11-07,96.0,green,OP0039,BERKLEY PROPERTY MANAGEMENT INC.
4155221,620 EVANS AVE,03,1970,25,2026,2026-07-30,71.0,yellow,OP0659,620 EVANS
4155222,773 THE QUEENSWAY,03,1993,63,2025,2025-11-24,97.0,green,OP0022,GREENWIN CORP.
4155223,810 ROYAL YORK RD,03,1960,60,2025,2025-11-24,98.0,green,unattributed,
4155224,800 ROYAL YORK RD,03,1965,60,2026,2026-08-04,91.0,green,OP0205,SUMMA PROPERTY MANAGEMENT
4155225,8 LOMOND DR,03,1973,183,2026,2026-08-05,98.0,green,OP0107,COGIR MANAGEMENT CORPORATION GP
4155226,285 PARK LAWN RD,03,1947,29,2025,2025-08-21,92.0,green,OP0084,ORCHARD PARK PROPERTY MANAGEMENT
4155227,301 PARK LAWN RD,03,1957,39,2025,2025-08-21,95.0,green,OP0038,HANNAH PROPERTY MANAGEMENT LTD.
4155228,9 KINSDALE BLVD,03,1962,23,2025,2025-08-21,95.0,green,unattributed,
4155229,5 KINSDALE BLVD,03,1956,22,2025,2025-08-21,80.0,yellow,unattributed,
4155230,65 CLOVERHILL RD,03,1959,24,2026,2026-08-14,85.0,green,unattributed,
4155231,3 HEATHERDALE RD,03,1950,35,2025,2025-09-09,98.0,green,OP0210,PHC INC.
4155232,1 HEATHERDALE RD,03,1950,35,2025,2025-09-09,98.0,green,OP0210,PHC INC.
4155233,5 NEWHOLM RD,03,1955,27,2026,2026-07-08,86.0,green,unattributed,
4155234,3 NEWHOLM RD,03,1947,25,2025,2025-08-22,97.0,green,OP0038,HANNAH PROPERTY MANAGEMENT LTD.
4155235,169 BERRY RD,03,1958,25,2026,2026-08-11,94.0,green,OP0295,RONCI MANAGEMENT
4155236,2 NEWHOLM RD,03,1956,51,2025,2025-09-17,92.0,green,OP0123,GORBAY COMPANY LIMITED
4155237,8 NEWHOLM RD,03,1958,26,2025,2025-08-22,91.0,green,OP0295,RONCI MANAGEMENT
4155238,4 KINSDALE BLVD,03,1953,42,2026,2026-08-12,91.0,green,unattributed,
4155239,317 PARK LAWN RD,03,1953,32,2025,2025-08-21,98.0,green,OP0024,METCAP LIVING MANAGEMENT INC.
4155240,187 BERRY RD,03,1954,30,2025,2025-11-25,95.0,green,OP0660,ROSS WILSON HOLDINGS LTD.
4155241,183 BERRY RD,03,1954,50,2026,2026-08-13,95.0,green,OP0045,CANDO APARTMENTS LTD.
4155242,10 KINSDALE BLVD,03,1959,23,2025,2025-12-02,88.0,green,OP0661,MRF RIDLEY INC.
4155243,12 KINSDALE BLVD,03,1954,16,2025,2025-08-21,99.0,green,OP0091,C/O METCAP LIVING MANAGEMENT INC
4155244,179 BERRY RD,03,1953,23,2026,2026-08-18,91.0,green,OP0213,STEELHOUSE PROPERTIES INC.
4155245,177 BERRY RD,03,1965,23,2025,2025-09-17,92.0,green,unattributed,
4155246,2 KINSDALE BLVD,03,1956,45,2026,2026-08-19,94.0,green,OP0123,GORBAY COMPANY LIMITED
4155248,140 BERRY RD,03,1940,14,2026,2026-08-20,94.0,green,unattributed,
4155249,135 STEPHEN DR,03,1959,26,2026,2026-09-11,98.0,green,OP0040,H&R PROPERTY MANAGEMENT
4155250,143 STEPHEN DR,03,1955,31,2025,2025-09-10,98.0,green,OP0091,C/O METCAP LIVING MANAGEMENT INC
4155251,159 STEPHEN DR,03,1960,24,2025,2025-09-12,97.0,green,OP0255,EQUITY RESIDENTIAL INC
4155252,167 STEPHEN DR,03,1954,44,2025,2025-12-02,98.0,green,OP0092,GILINDO MARCOCCHIO LIMITED
4155253,193 STEPHEN DR,03,1960,10,2025,2025-09-15,96.0,green,unattributed,
4155254,2 BASKING RIDGE,03,1956,24,2025,2025-11-25,95.0,green,OP0084,ORCHARD PARK PROPERTY MANAGEMENT
4155255,1 HILL HEIGHTS RD,03,1954,30,2025,2025-10-16,96.0,green,OP0662,1471147 ONTARIO LTD
4155256,3 HILL HEIGHTS RD,03,1962,38,2025,2025-11-25,94.0,green,OP0296,HASOULAS PROPERTY MANAGEMENT CORPORATION HPHC
4155257,5 HILL HEIGHTS RD,03,1968,36,2026,2026-08-26,94.0,green,OP0663,SHALLOW'S APARTMENTS
4155258,1 CROWN HILL PL,03,1952,33,2025,2025-09-10,99.0,green,OP0024,METCAP LIVING MANAGEMENT INC.
4155259,3 CROWN HILL PL,03,1960,62,2026,2026-08-27,94.0,green,OP0095,GOSSNER & HORNAR MANAGEMENT LTD.
4155260,4 CROWN HILL PL,03,1956,32,2026,2026-09-25,95.0,green,OP0214,ORCHARD APARTMENTS (SOUTH KINGSWAY) INC.
4155261,5 CROWN HILL PL,03,1954,37,2026,2026-08-26,95.0,green,OP0139,WESTSIDE STOREYS LIMITED
4155262,6 CROWN HILL PL,03,1954,37,2026,2026-09-15,93.0,green,OP0139,WESTSIDE STOREYS LIMITED
4155263,7 CROWN HILL PL,03,1958,35,2025,2025-11-24,97.0,green,OP0664,RONCI MANGEMENT
4155264,8 CROWN HILL PL,03,1962,35,2026,2026-09-16,95.0,green,OP0140,ADAMS AND WAKS CONSTRUCTION LTD
4155265,9 CROWN HILL PL,03,1955,60,2026,2026-09-25,94.0,green,OP0214,ORCHARD APARTMENTS (SOUTH KINGSWAY) INC.
4155267,10 HILL HEIGHTS RD,03,1954,34,2025,2025-12-02,93.0,green,unattributed,
4155268,8 HILL HEIGHTS RD,03,1957,27,2025,2025-11-25,92.0,green,OP0174,SKYVIEW MANAGEMENT LTD.
4155269,6 HILL HEIGHTS RD,03,1964,30,2026,2026-09-22,93.0,green,OP0296,HASOULAS PROPERTY MANAGEMENT CORPORATION HPHC
4155270,4 HILL HEIGHTS RD,03,1960,33,2026,2026-09-23,87.0,green,OP0051,FIRM CAPITAL PROPERTIES INC
4155271,2 HILL HEIGHTS RD,03,1955,30,2025,2025-09-10,98.0,green,OP0665,R K HOLDINGS - 2 HILL HEIGHTS LTD
4155272,34 RIVERWOOD PKWY,03,1955,35,2026,2026-09-25,96.0,green,OP0214,ORCHARD APARTMENTS (SOUTH KINGSWAY) INC.
4155273,28 RIVERWOOD PKWY,03,1961,58,2026,2026-09-29,94.0,green,OP0092,GILINDO MARCOCCHIO LIMITED
4155274,22 RIVERWOOD PKWY,03,1958,44,2026,2026-09-30,95.0,green,OP0297,T.A.S.K. PROPERTY MANAGEMENT INC.
4155275,16 RIVERWOOD PKWY,03,1960,45,2025,2025-12-03,98.0,green,OP0666,WESTGATE APARTMENTS
4155276,10 RIVERWOOD PKWY,03,1957,52,2025,2025-12-08,99.0,green,OP0297,T.A.S.K. PROPERTY MANAGEMENT INC.
4155277,323 PARK LAWN RD,03,1955,48,2025,2025-08-21,97.0,green,OP0168,SIGMA CANADA INC.
4155278,158 BERRY RD,03,1950,30,2026,2026-10-02,87.0,green,OP0667,THE MORASSUTTI GROUP
4155279,162 BERRY RD,03,1952,39,2025,2025-10-09,96.0,green,OP0033,REALSTAR
4155280,164 BERRY RD,03,1952,27,2025,2025-10-09,89.0,green,OP0668,J&F GONCALVES
4155281,168 BERRY RD,03,1956,22,2024,2024-07-22,94.0,green,OP0044,GOLD SEAL MANAGEMENT INC.
4155282,172 BERRY RD,03,1954,32,2025,2025-09-15,95.0,green,OP0092,GILINDO MARCOCCHIO LIMITED
4155283,10 KINGS POINT DR,03,1958,19,2024,2024-07-19,94.0,green,OP0669,KACH INVESTMENT CORP
4155284,8 KINGS POINT DR,03,1953,16,2026,2026-06-23,90.0,green,OP0168,SIGMA CANADA INC.
4155285,6 KINGS POINT DR,03,1950,16,2026,2026-06-23,90.0,green,OP0670,6 KINGS POINT HOLDINGS INC.
4155286,4 KINGS POINT DR,03,1954,16,2025,2025-11-18,99.0,green,OP0059,THE BROWN GROUP OF COMPANIES INC.
4155287,2 KINGS POINT DR,03,1954,16,2026,2026-06-22,95.0,green,OP0059,THE BROWN GROUP OF COMPANIES INC.
4155288,186 STEPHEN DR,03,1960,48,2025,2025-12-03,99.0,green,OP0040,H&R PROPERTY MANAGEMENT
4155289,25 RIVERWOOD PKWY,03,1958,50,2025,2025-09-17,96.0,green,OP0154,GOLFOUR PROPERTY SERVICES INC.
4155290,33 RIVERWOOD PKWY,03,1958,50,2025,2025-09-17,96.0,green,OP0154,GOLFOUR PROPERTY SERVICES INC.
4155291,39 RIVERWOOD PKWY,03,1957,23,2025,2025-12-03,95.0,green,OP0028,AKELIUS CANADA LTD
4155292,47-49 RIVERWOOD PKWY,03,1957,21,2025,2025-12-03,96.0,green,OP0028,AKELIUS CANADA LTD
4155293,69 OLD MILL TER,03,1955,26,2025,2025-10-15,96.0,green,OP0148,DASH PROPERTY MANAGEMENT
4155294,2655 BLOOR ST W,03,1940,45,2025,2025-10-30,96.0,green,OP0001,TRIVEST DEVELOPMENTS CORPORATION
4155295,2651 BLOOR ST W,03,1927,34,2026,2026-10-01,70.0,yellow,unattributed,
4155296,2649 BLOOR ST W,03,1952,48,2025,2025-10-30,95.0,green,OP0193,VESTA MANAGEMENT INC
4155297,2645 BLOOR ST W,03,1960,42,2026,2026-09-24,96.0,green,OP0079,LAWRENCE CONSTRUCTION CO. LIMITED
4155298,90 CORDOVA AVE,03,1977,184,2025,2025-11-24,96.0,green,OP0036,RANEE MANAGEMENT
4155299,4875 DUNDAS ST W,03,1968,56,2025,2025-11-28,98.0,green,OP0671,FOREST GATE
4155301,1276 ISLINGTON AVE,03,1957,202,2025,2025-11-24,97.0,green,OP0036,RANEE MANAGEMENT
4155302,52 MABELLE AVE,03,1974,310,2025,2025-10-30,96.0,green,OP0672,FAR INVESTMENTS INC.
4155303,24 MABELLE AVE,03,1973,540,2025,2025-10-08,99.0,green,OP0054,COMPTEN MANAGEMENT INC.
4155304,49 MABELLE AVE,03,1979,128,2026,2026-06-24,92.0,green,OP0021,TORONTO COMMUNITY HOUSING CORPORATION
4155305,41 MABELLE AVE,03,1979,350,2025,2025-10-08,97.0,green,OP0021,TORONTO COMMUNITY HOUSING CORPORATION
4155306,50 CORDOVA AVE,03,1973,285,2026,2026-09-04,94.0,green,OP0054,COMPTEN MANAGEMENT INC.
4155307,25 MABELLE AVE,03,1974,416,2025,2025-10-15,99.0,green,OP0150,NORTH EDGE PROPERTIES LTD.
4155308,24 BURNHAMTHORPE RD,03,1959,42,2025,2025-11-20,94.0,green,OP0298,FREIMAN INVESTMENTS
4155309,22 BURNHAMTHORPE RD,03,1959,42,2026,2026-06-23,85.0,green,OP0298,FREIMAN INVESTMENTS
4155310,307 THE KINGSWAY,02,1962,26,2025,2025-09-17,93.0,green,OP0673,ORCHARD APARTMENTS (307) INC
4155311,309 THE KINGSWAY,02,1955,34,2025,2025-09-17,93.0,green,unattributed,
4155312,313 THE KINGSWAY,02,1970,18,2026,2026-08-14,91.0,green,OP0085,CASTLEHILL PROPERTY MANAGEMENT
4155313,315 THE KINGSWAY,02,1952,15,2026,2026-07-14,72.0,yellow,unattributed,
4155315,8 ANGLESEY BLVD,02,1960,23,2025,2025-09-17,94.0,green,OP0674,HUMBER VALLEY INVESTMENT GROUP LTD
4155316,12 ANGLESEY BLVD,02,1953,38,2025,2025-08-31,91.0,green,OP0675,MARK & ROMA SAUNDERS
4155317,14-16 ANGLESEY BLVD,02,1958,24,2026,2026-08-27,95.0,green,unattributed,
4155318,18 ANGLESEY BLVD,02,1943,25,2025,2025-08-31,95.0,green,unattributed,
4155319,20 ANGLESEY BLVD,02,1953,25,2026,2026-09-09,85.0,green,OP0676,FINE REALTY LTD
4155320,316 THE KINGSWAY,02,1970,17,2025,2025-08-31,94.0,green,OP0085,CASTLEHILL PROPERTY MANAGEMENT
4155322,308 THE KINGSWAY,02,1952,34,2025,2025-08-31,96.0,green,OP0092,GILINDO MARCOCCHIO LIMITED
4155324,2 BEXHILL CRT,02,1959,14,2026,2026-09-01,96.0,green,OP0033,REALSTAR
4155325,3 BEXHILL CRT,02,1959,14,2025,2025-08-21,98.0,green,OP0033,REALSTAR
4155327,289 THE KINGSWAY,02,1966,73,2025,2025-11-07,100.0,green,OP0677,THE ELIA CORPORATION
4155333,15 ANGLESEY BLVD,02,1955,41,2026,2026-08-31,87.0,green,OP0123,GORBAY COMPANY LIMITED
4155334,11 ANGLESEY BLVD,02,1954,39,2026,2026-08-27,89.0,green,unattributed,
4155335,7 ANGLESEY BLVD,02,1954,19,2026,2026-08-25,97.0,green,OP0111,LAW PROPERTY MANAGEMENT
4155336,3 ANGLESEY BLVD,02,1954,22,2026,2026-08-25,98.0,green,OP0111,LAW PROPERTY MANAGEMENT
4155337,1137 ROYAL YORK RD,02,1963,122,2025,2025-11-24,98.0,green,OP0060,PRINCESS MANAGEMENT
4155338,20 FONTENAY CRT,02,1966,96,2025,2025-12-01,94.0,green,OP0040,H&R PROPERTY MANAGEMENT
4155339,10 FONTENAY CRT,02,1970,63,2026,2026-08-25,98.0,green,OP0074,IMPERRA GENERAL MANAGMENT
4155340,10 ALLANHURST DR,02,1966,108,2025,2025-12-01,99.0,green,OP0040,H&R PROPERTY MANAGEMENT
4155341,39 RICHVIEW RD,02,1972,234,2026,2026-08-20,95.0,green,OP0040,H&R PROPERTY MANAGEMENT
4155342,25 RICHVIEW RD,02,1973,141,2025,2025-12-01,88.0,green,OP0040,H&R PROPERTY MANAGEMENT
4155343,1 RICHVIEW RD,02,1969,365,2026,2026-08-25,91.0,green,OP0040,H&R PROPERTY MANAGEMENT
4155344,1407 ROYAL YORK RD,02,1964,162,2025,2025-12-01,99.0,green,OP0040,H&R PROPERTY MANAGEMENT
4155345,165 LA ROSE AVE,02,1979,211,2025,2025-12-01,97.0,green,OP0033,REALSTAR
4155346,123 LA ROSE AVE,02,1982,259,2025,2025-12-01,98.0,green,unattributed,
4155347,105 LA ROSE AVE,02,1971,180,2026,2026-08-26,93.0,green,OP0678,LAROSE HOLDINGS
4155348,45 LA ROSE AVE,02,1973,156,2026,2026-08-17,93.0,green,OP0060,PRINCESS MANAGEMENT
4155349,500 SCARLETT RD,02,1969,129,2025,2025-11-27,99.0,green,OP0034,HOMESTEAD LAND HOLDINGS LIMITED
4155350,530 SCARLETT RD,02,1970,106,2026,2026-08-18,98.0,green,OP0034,HOMESTEAD LAND HOLDINGS LIMITED
4155351,1447 ROYAL YORK RD,02,1995,108,2026,2026-08-28,96.0,green,unattributed,
4155352,17 RIVERVIEW HTS,01,1953,14,2025,2025-12-02,93.0,green,unattributed,
4155353,1025 SCARLETT RD,02,1994,128,2026,2026-08-26,95.0,green,OP0021,TORONTO COMMUNITY HOUSING CORPORATION
4155355,24 DIXINGTON CRES,02,1962,63,2026,2026-09-01,94.0,green,unattributed,
4155356,34 DIXINGTON CRES,02,1970,60,2025,2025-11-05,89.0,green,OP0679,EQUITY BUILDERS
4155357,38 DIXINGTON CRES,02,1963,111,2026,2026-08-19,78.0,yellow,OP0157,DRAKE PROPERTY MANAGEMENT
4155358,2085 ISLINGTON AVE,01,1970,266,2026,2026-09-03,93.0,green,OP0299,WESTWOOD MANAGEMENT INTERNATIONAL
4155359,236 DIXON RD,01,1963,123,2026,2026-09-03,94.0,green,OP0029,CAPREIT
4155360,40 DIXINGTON CRES,02,1964,55,2026,2026-08-20,92.0,green,OP0040,H&R PROPERTY MANAGEMENT
4155361,51-67 WATERFORD DR,02,1962,29,2026,2026-08-27,95.0,green,OP0109,QUADREAL RESIDENTIAL PROPERTIES G.P. INC.
4155362,35 WIDDICOMBE HILL,02,1968,121,2025,2025-11-26,95.0,green,OP0300,BOULEVARD MANAGEMENT LTD.
4155363,25 WIDDICOMBE HILL,02,1968,122,2026,2026-09-02,95.0,green,OP0300,BOULEVARD MANAGEMENT LTD.
4155364,345 DIXON RD,02,1969,95,2026,2026-09-02,86.0,green,OP0286,FIELDGATE PROPERTIES
4155365,333 DIXON RD,02,1961,55,2026,2026-09-09,90.0,green,OP0680,D. RASCHILLA DIXON HOLDINGS INC.
4155366,311 DIXON RD,02,1968,178,2026,2026-08-25,88.0,green,OP0301,DIXON HOLDINGS
4155367,301 DIXON RD,02,1964,225,2025,2025-11-28,97.0,green,OP0025,STERLING KARAMAR PROPERTY MANAGEMENT
4155368,265 DIXON RD,02,1967,181,2025,2025-11-30,95.0,green,OP0100,AKELIUS
4155369,263 DIXON RD,02,1964,171,2025,2025-11-30,94.0,green,OP0100,AKELIUS
4155370,290 DIXON RD,01,1968,49,2025,2025-11-05,94.0,green,OP0681,EIWO CANADIAN MANAGEMENT
4155371,5294 DUNDAS ST W,03,1960,45,2025,2025-06-27,92.0,green,OP0212,SIX POINTS SUITES INC.
4155372,350 THE EAST MALL,02,1966,77,2026,2026-08-25,86.0,green,OP0024,METCAP LIVING MANAGEMENT INC.
4155373,340 THE EAST MALL,02,1966,82,2025,2025-06-26,99.0,green,OP0024,METCAP LIVING MANAGEMENT INC.
4155374,240 MARKLAND DR,02,1959,113,2026,2026-09-02,97.0,green,OP0160,KIPLING RESIDENTIAL MANAGEMENT INC
4155375,287 MARKLAND DR,02,1965,118,2025,2025-07-02,95.0,green,OP0107,COGIR MANAGEMENT CORPORATION GP
4155376,265 MARKLAND DR,02,1965,149,2026,2026-09-11,91.0,green,OP0039,BERKLEY PROPERTY MANAGEMENT INC.
4155377,210 MARKLAND DR,02,1965,152,2025,2025-07-02,97.0,green,OP0682,BROOKBANK HOLDINGS INC
4155378,4340 BLOOR ST W,02,1968,88,2026,2026-08-27,93.0,green,OP0683,TIMBERCREEK COMMUNITIES
4155379,328 THE WEST MALL,02,1968,32,2025,2025-11-24,88.0,green,unattributed,
4155380,320 THE WEST MALL,02,1970,17,2025,2025-11-02,97.0,green,OP0302,NORTH PARK HOLDINGS INC.
4155381,306 THE WEST MALL,02,1969,48,2026,2026-09-02,88.0,green,unattributed,
4155382,311 THE WEST MALL,02,1962,109,2026,2026-09-09,77.0,yellow,OP0256,FIDES REAL ESTATE LIMITED
4155383,329 THE WEST MALL,02,1970,45,2025,2025-06-27,99.0,green,OP0074,IMPERRA GENERAL MANAGMENT
4155384,339 THE WEST MALL,02,1950,51,2025,2025-06-27,91.0,green,OP0129,TRAVI INC.
4155385,351 THE WEST MALL,02,1960,49,2025,2025-11-10,98.0,green,OP0024,METCAP LIVING MANAGEMENT INC.
4155386,25 EVA RD,02,1960,48,2026,2026-08-21,93.0,green,OP0024,METCAP LIVING MANAGEMENT INC.
4155387,15 EVA RD,02,1974,195,2026,2026-10-06,97.0,green,OP0024,METCAP LIVING MANAGEMENT INC.
4155388,19 EVA RD,02,1974,152,2025,2025-06-22,92.0,green,OP0684,19 EVA ROAD PROPERTY MANAGEMENT LTD.
4155389,361 THE WEST MALL,02,1970,141,2025,2025-06-22,93.0,green,OP0303,WESTMALL INVESTMENTS
4155390,350 THE WEST MALL,02,1962,55,2025,2025-08-21,95.0,green,OP0107,COGIR MANAGEMENT CORPORATION GP
4155391,336 THE WEST MALL,02,1965,10,2026,2026-09-14,95.0,green,OP0685,MYROSLAWA LIDIA NAHIRNYJ
4155392,2 TRIBURNHAM PL,02,1964,137,2026,2026-09-04,97.0,green,OP0040,H&R PROPERTY MANAGEMENT
4155393,555 THE WEST MALL,02,1970,119,2025,2025-06-27,99.0,green,OP0024,METCAP LIVING MANAGEMENT INC.
4155394,545 THE WEST MALL,02,1969,312,2026,2026-08-10,90.0,green,OP0022,GREENWIN CORP.
4155395,500 THE WEST MALL,02,1969,24,2026,2026-09-03,98.0,green,unattributed,
4155396,70 DIXFIELD DR,02,1963,141,2026,2026-09-28,97.0,green,OP0040,H&R PROPERTY MANAGEMENT
4155397,440 RATHBURN RD,02,1952,80,2024,2024-08-19,90.0,green,OP0024,METCAP LIVING MANAGEMENT INC.
4155398,340 MILL RD,02,1974,225,2025,2025-11-05,99.0,green,OP0032,PARK PROPERTY MANAGEMENT INC.
4155399,530 THE EAST MALL,02,1960,110,2026,2026-08-28,94.0,green,unattributed,
4155400,580 THE EAST MALL,02,1972,122,2026,2026-10-06,98.0,green,OP0025,STERLING KARAMAR PROPERTY MANAGEMENT
4155401,535 THE EAST MALL,02,1969,90,2026,2026-08-28,94.0,green,OP0025,STERLING KARAMAR PROPERTY MANAGEMENT
4155402,1 RABBIT LANE,02,1970,33,2026,2026-09-28,90.0,green,OP0304,KROMA MANAGEMENT LIMITED
4155405,1540 KIPLING AVE,02,1992,128,2026,2026-09-14,98.0,green,unattributed,
4155406,675 MARTIN GROVE RD,02,1972,126,2024,2024-09-11,80.0,yellow,OP0025,STERLING KARAMAR PROPERTY MANAGEMENT
4155407,695 MARTIN GROVE RD,02,1968,142,2026,2026-10-06,96.0,green,OP0305,SUMMIT HOLDINGS
4155409,20 REDGRAVE DR,01,1968,178,2025,2025-07-11,93.0,green,OP0686,WESTWAY INVESTMENTS
4155410,416 THE WESTWAY,02,1962,103,2025,2025-07-17,87.0,green,OP0306,WINZEN CORPORATION
4155411,111 BLACKFRIAR AVE,01,1968,39,2026,2026-07-16,99.0,green,OP0687,1000519391 ONTARIO INC
4155412,80 BLACKFRIAR AVE,01,1962,47,2025,2025-07-17,95.0,green,OP0688,1847548 ONTARIO LTD.
4155413,186 KINGSVIEW BLVD,01,1965,81,2026,2026-09-22,93.0,green,OP0029,CAPREIT
4155414,55 BRIDESBURG DR,01,1965,61,2025,2025-07-17,99.0,green,OP0029,CAPREIT
4155415,25 BRIDESBURG DR,01,1965,62,2026,2026-09-19,92.0,green,OP0029,CAPREIT
4155416,15 BRIDESBURG DR,01,1965,62,2026,2026-09-17,93.0,green,OP0029,CAPREIT
4155417,10 BLACKFRIAR AVE,01,1965,61,2025,2025-07-17,98.0,green,OP0029,CAPREIT
4155418,41 BLACKFRIAR AVE,01,1965,32,2026,2026-09-17,88.0,green,OP0029,CAPREIT
4155419,6 AUBURNDALE CRT,01,1964,82,2026,2026-09-03,95.0,green,OP0025,STERLING KARAMAR PROPERTY MANAGEMENT
4155420,2313 ISLINGTON AVE,01,1964,80,2025,2025-09-10,80.0,yellow,OP0003,GOLDEN EQUITY PROPERTIES
4155421,2413 ISLINGTON AVE,01,1955,52,2024,2024-06-14,85.0,green,unattributed,
4155422,75 IRWIN RD,01,1955,53,2026,2026-10-05,90.0,green,unattributed,
4155424,2765 ISLINGTON AVE,01,1984,237,2025,2025-11-12,94.0,green,OP0021,TORONTO COMMUNITY HOUSING CORPORATION
4155425,5 JANSUSIE RD,01,1967,45,2026,2026-09-01,88.0,green,OP0024,METCAP LIVING MANAGEMENT INC.
4155426,15 JANSUSIE RD,01,1967,45,2025,2025-09-15,81.0,yellow,OP0024,METCAP LIVING MANAGEMENT INC.
4155427,25 JANSUSIE RD,01,1963,45,2026,2026-09-22,87.0,green,OP0024,METCAP LIVING MANAGEMENT INC.
4155428,35 JANSUSIE RD,01,1963,45,2025,2025-09-15,81.0,yellow,OP0024,METCAP LIVING MANAGEMENT INC.
4155429,2329 KIPLING AVE,01,1968,40,2026,2026-09-21,85.0,green,OP0282,SUNRISE PROPERTY MANAGEMENT
4155430,2386 ISLINGTON AVE,01,1960,18,2025,2025-09-10,94.0,green,unattributed,
4155431,40 TORBOLTON DR,01,1962,17,2025,2025-09-10,98.0,green,unattributed,
4155432,30 TORBOLTON DR,01,1960,16,2026,2026-10-02,89.0,green,unattributed,
4155433,20 TORBOLTON DR,01,1959,17,2026,2026-09-15,83.0,yellow,unattributed,
4155434,14 TORBOLTON DR,01,1950,16,2025,2025-11-12,91.0,green,unattributed,
4155435,3 TORBOLTON DR,01,1964,18,2026,2026-10-06,91.0,green,OP0689,TORBOLTON APTS LTD
4155436,15 TORBOLTON DR,01,1960,19,2025,2025-11-20,98.0,green,OP0690,FALCOSTA INVESTMENTS
4155437,21 TORBOLTON DR,01,1960,15,2026,2026-09-28,95.0,green,OP0213,STEELHOUSE PROPERTIES INC.
4155438,2366 ISLINGTON AVE,01,1950,16,2025,2025-09-10,98.0,green,unattributed,
4155439,2362 ISLINGTON AVE,01,1972,13,2026,2026-09-30,77.0,yellow,unattributed,
4155440,2356 ISLINGTON AVE,01,1958,18,2024,2024-09-12,93.0,green,OP0211,OLYMPIA PROPERTIES INC.
4155441,39 LEDUC DR,01,1962,13,2025,2026-08-12,98.0,green,OP0213,STEELHOUSE PROPERTIES INC.
4155442,2328 ISLINGTON AVE,01,1962,68,2024,2024-08-16,93.0,green,OP0691,ORCHARD APARTMENTS (2328) INC
4155444,70 REXDALE BLVD,01,1969,100,2025,2025-10-30,98.0,green,OP0024,METCAP LIVING MANAGEMENT INC.
4155446,2314 ISLINGTON AVE,01,1977,194,2026,2026-10-05,96.0,green,OP0692,REXDALE PRESBYTERIAN SENIOR CITIZENS CORPORATION
4155447,2435 KIPLING AVE,01,1965,153,2025,2025-10-31,95.0,green,OP0693,DIAMONDWOOD PROPERTY MANAGEMENT INC.
4155448,20 SANAGAN RD,01,1965,86,2024,2024-06-18,88.0,green,OP0026,BRIARLANE RENTAL PROPERTY MANAGEMENT INC.
4155449,18 PANORAMA CRT,01,1974,204,2025,2025-11-20,97.0,green,OP0029,CAPREIT
4155450,50 PANORAMA CRT,01,1976,223,2025,2025-11-26,98.0,green,OP0040,H&R PROPERTY MANAGEMENT
4155451,2667 KIPLING AVE,01,1978,228,2026,2026-09-25,89.0,green,OP0307,1241676 ONTARIO INC
4155452,2677 KIPLING AVE,01,1978,227,2025,2025-11-24,95.0,green,OP0307,1241676 ONTARIO INC
4155453,2737 KIPLING AVE,01,1976,416,2024,2024-06-13,95.0,green,OP0024,METCAP LIVING MANAGEMENT INC.
4155454,2757 KIPLING AVE,01,1976,343,2025,2025-11-24,95.0,green,OP0024,METCAP LIVING MANAGEMENT INC.
4155455,2777 KIPLING AVE,01,1978,325,2026,2026-08-31,90.0,green,OP0056,Q RESIDENTIAL
4155456,1915 MARTIN GROVE RD,01,1972,136,2024,2024-06-21,86.0,green,OP0024,METCAP LIVING MANAGEMENT INC.
4155457,10 GARFELLA DR,01,1969,153,2026,2026-09-21,95.0,green,OP0080,SITELINE RESIDENTIAL MANAGEMENT INC.
4155458,1901 MARTIN GROVE RD,01,1970,136,2024,2024-06-21,78.0,yellow,OP0039,BERKLEY PROPERTY MANAGEMENT INC.
4155459,2548 KIPLING AVE,01,1968,154,2025,2025-10-15,83.0,yellow,OP0003,GOLDEN EQUITY PROPERTIES
4155460,40 STEVENSON RD,01,1970,176,2026,2026-09-04,85.0,green,OP0024,METCAP LIVING MANAGEMENT INC.
4155461,1865 MARTIN GROVE RD,01,1960,92,2025,2025-11-11,93.0,green,OP0694,MARQUIS HOLDINGS LP
4155462,41 GARFELLA DR,01,1970,96,2025,2025-11-02,96.0,green,OP0080,SITELINE RESIDENTIAL MANAGEMENT INC.
4155464,88 HUMBER COLLEGE BLVD,01,1989,119,2025,2025-11-07,96.0,green,OP0104,AFFORDABLE PROPERTY MANAGEMENT
4155465,10 HUMBERLINE DR,01,1984,179,2025,2025-11-11,95.0,green,OP0021,TORONTO COMMUNITY HOUSING CORPORATION
4155468,900 QUEENS PLATE DR,01,1994,204,2025,2025-11-11,94.0,green,OP0053,DEL MANAGEMENT
4155469,340 ROYAL YORK RD,03,1972,307,2026,2026-09-29,94.0,green,OP0021,TORONTO COMMUNITY HOUSING CORPORATION
4155470,100 CAVELL AVE,03,1977,300,2026,2026-09-03,97.0,green,OP0021,TORONTO COMMUNITY HOUSING CORPORATION
4155471,98 CAVELL AVE,03,1992,100,2025,2025-08-01,96.0,green,OP0021,TORONTO COMMUNITY HOUSING CORPORATION
4155472,66 STATION RD,03,1959,16,2025,2025-08-01,92.0,green,unattributed,
4155473,110 STANLEY AVE,03,1959,16,2026,2026-10-06,86.0,green,unattributed,
4155474,2377 LAKE SHORE BLVD W,03,1970,23,2025,2025-11-06,82.0,yellow,OP0695,2525658 ONTARIO INC.
4155475,2369 LAKE SHORE BLVD W,03,1959,87,2026,2026-07-21,69.0,red,OP0006,AIDERBROOK MANAGEMENT INC.
4155476,2361 LAKE SHORE BLVD W,03,1960,47,2025,2025-11-06,91.0,green,OP0006,AIDERBROOK MANAGEMENT INC.
4155477,2355 LAKE SHORE BLVD W,03,1958,86,2026,2026-07-24,81.0,yellow,OP0006,AIDERBROOK MANAGEMENT INC.
4155478,2335 LAKE SHORE BLVD W,03,1967,132,2026,2026-08-31,80.0,yellow,OP0032,PARK PROPERTY MANAGEMENT INC.
4155479,2311 LAKE SHORE BLVD W,03,1961,36,2026,2026-07-24,80.0,yellow,OP0006,AIDERBROOK MANAGEMENT INC.
4155480,2309 LAKE SHORE BLVD W,03,1954,28,2025,2025-08-08,92.0,green,OP0696,AIDERBOOK MANAGEMENT INC.
4155481,2303 LAKE SHORE BLVD W,03,1957,38,2025,2025-08-19,100.0,green,OP0072,FLORIRI VILLAGE INVESTMENTS INC
4155482,51 STANLEY AVE,03,1951,12,2026,2026-09-29,88.0,green,unattributed,
4155483,26 ALBERT AVE,03,1950,23,2025,2025-11-06,97.0,green,OP0024,METCAP LIVING MANAGEMENT INC.
4155484,16 ALBERT AVE,03,1950,18,2026,2026-09-14,87.0,green,OP0697,BLUE ROOF PROPERTIES LTD
4155485,12 ALBERT AVE,03,1957,12,2026,2026-09-25,88.0,green,OP0698,571051 ONTARIO LIMITED
4155486,4 SUPERIOR AVE,03,1965,55,2024,2024-09-05,91.0,green,OP0308,MAYER INVESTMENTS LIMITED
4155487,2 SUPERIOR AVE,03,1965,47,2025,2025-12-02,95.0,green,OP0308,MAYER INVESTMENTS LIMITED
4155488,2532 LAKE SHORE BLVD W,03,1955,46,2025,2025-09-17,96.0,green,OP0027,SIGNET GROUP INC.
4155489,2561 LAKE SHORE BLVD W,03,1952,14,2026,2026-08-31,88.0,green,OP0039,BERKLEY PROPERTY MANAGEMENT INC.
4155490,2559 LAKE SHORE BLVD W,03,1952,26,2025,2025-08-05,95.0,green,OP0039,BERKLEY PROPERTY MANAGEMENT INC.
4155491,2557 LAKE SHORE BLVD W,03,1952,26,2026,2026-08-31,82.0,yellow,OP0039,BERKLEY PROPERTY MANAGEMENT INC.
4155492,2555 LAKE SHORE BLVD W,03,1952,26,2025,2025-08-06,95.0,green,OP0039,BERKLEY PROPERTY MANAGEMENT INC.
4155493,2549 LAKE SHORE BLVD W,03,1952,26,2025,2025-08-06,95.0,green,OP0039,BERKLEY PROPERTY MANAGEMENT INC.
4155494,2547 LAKE SHORE BLVD W,03,1952,26,2026,2026-08-27,90.0,green,OP0039,BERKLEY PROPERTY MANAGEMENT INC.
4155495,2545 LAKE SHORE BLVD W,03,1952,26,2025,2025-08-05,93.0,green,OP0039,BERKLEY PROPERTY MANAGEMENT INC.
4155496,2543 LAKE SHORE BLVD W,03,1952,55,2026,2026-08-20,86.0,green,OP0093,CAPREIT LIMITED PARTNERSHIP
4155497,2537 LAKE SHORE BLVD W,03,1952,75,2026,2026-08-24,91.0,green,OP0093,CAPREIT LIMITED PARTNERSHIP
4155498,2531 LAKE SHORE BLVD W,03,1952,110,2026,2026-08-21,79.0,yellow,OP0093,CAPREIT LIMITED PARTNERSHIP
4155499,2529 LAKE SHORE BLVD W,03,1952,61,2026,2026-08-21,88.0,green,OP0093,CAPREIT LIMITED PARTNERSHIP
4155500,2521 LAKE SHORE BLVD W,03,1952,37,2025,2025-09-17,97.0,green,OP0093,CAPREIT LIMITED PARTNERSHIP
4155501,2519 LAKE SHORE BLVD W,03,1970,44,2025,2025-09-17,88.0,green,OP0006,AIDERBROOK MANAGEMENT INC.
4155502,2517 LAKE SHORE BLVD W,03,1955,42,2025,2025-09-17,92.0,green,OP0129,TRAVI INC.
4155503,2515 LAKE SHORE BLVD W,03,1950,30,2025,2025-09-17,95.0,green,OP0699,KING GEORGE APTS.
4155504,2507 LAKE SHORE BLVD W,03,1955,21,2026,2026-08-10,79.0,yellow,unattributed,
4155506,2660 LAKE SHORE BLVD W,03,1960,15,2025,2025-07-18,81.0,yellow,OP0700,2660 LAKESHORE INC.
4155507,2666 LAKE SHORE BLVD W,03,1955,16,2026,2026-08-11,83.0,yellow,unattributed,
4155508,2696 LAKE SHORE BLVD W,03,1955,27,2026,2026-07-28,85.0,green,OP0166,LANDLORD PROPERTY & RENTAL MGMNT IC
4155509,2704 LAKE SHORE BLVD W,03,1960,30,2026,2026-07-17,92.0,green,unattributed,
4155510,2667 LAKE SHORE BLVD W,03,1955,17,2025,2025-07-18,97.0,green,unattributed,
4155511,2663 LAKE SHORE BLVD W,03,1953,111,2026,2026-08-11,93.0,green,unattributed,
4155512,6 ROYAL YORK RD,03,1951,72,2025,2025-07-18,99.0,green,unattributed,
4155513,2 ROYAL YORK RD,03,1957,60,2025,2025-07-18,97.0,green,unattributed,
4155514,8 LAKE SHORE DR,03,1960,11,2025,2025-07-24,92.0,green,unattributed,
4155515,24 SECOND ST,03,1955,23,2025,2025-11-28,85.0,green,unattributed,
4155517,2835 LAKE SHORE BLVD W,03,1980,148,2025,2025-08-01,97.0,green,OP0021,TORONTO COMMUNITY HOUSING CORPORATION
4155518,67 LAKE SHORE DR,03,1958,18,2025,2025-10-24,97.0,green,OP0147,"ATLANTIS REALTY SERVICES, INC."
4155519,50 FOURTH ST,03,1958,11,2026,2026-09-04,84.0,yellow,OP0173,ALTO PROPERTIES INC.
4155520,122 FIFTH ST,03,1958,12,2026,2026-09-14,88.0,green,OP0701,INFINITY PROPERTY MANAGEMENT
4155521,115 EIGHTH ST,03,1960,10,2026,2026-09-25,85.0,green,unattributed,
4155522,155 LAKE SHORE DR,03,1959,35,2026,2026-07-13,90.0,green,OP0101,CLV GROUP
4155523,245 LAKE SHORE DR,03,1966,52,2026,2026-07-23,98.0,green,OP0091,C/O METCAP LIVING MANAGEMENT INC
4155524,104 SIXTEENTH ST,03,1952,12,2025,2025-07-18,94.0,green,OP0702,SELF
4155525,70 FIFTEENTH ST,03,1955,25,2025,2025-07-17,97.0,green,OP0703,PACE PROPERTY MANAGEMENT
4155526,68 FIFTEENTH ST,03,1957,23,2026,2026-09-11,87.0,green,OP0084,ORCHARD PARK PROPERTY MANAGEMENT
4155527,66 FIFTEENTH ST,03,1957,23,2025,2025-07-17,93.0,green,OP0084,ORCHARD PARK PROPERTY MANAGEMENT
4155528,20 FOURTEENTH ST,03,1957,12,2025,2025-07-17,87.0,green,OP0077,ANCHOR PROPERTY MANAGERS INC
4155531,250 TWELFTH ST,03,1993,178,2026,2026-08-11,99.0,green,OP0021,TORONTO COMMUNITY HOUSING CORPORATION
4155537,95 TWENTY FIFTH ST,03,1957,46,2026,2026-07-29,76.0,yellow,OP0059,THE BROWN GROUP OF COMPANIES INC.
4155538,105 TWENTY FIFTH ST,03,1970,29,2025,2025-07-17,96.0,green,OP0704,CENTURY 21
4155539,80 TWENTY FIFTH ST,03,1970,18,2026,2026-07-30,92.0,green,OP0081,CENTRAL ERIN PROPERTY MANAGEMENT
4155540,100 TWENTY FIFTH ST,03,1970,18,2026,2026-07-17,90.0,green,OP0081,CENTRAL ERIN PROPERTY MANAGEMENT
4155542,44 ARCADIAN CRCL,03,1957,13,2024,2024-09-03,94.0,green,unattributed,
4155543,15 BIRCHLEA AVE,03,1950,14,2026,2026-09-14,91.0,green,OP0309,CZAPLA INVESTMENTS LTD.
4155544,13 BIRCHLEA AVE,03,1950,14,2026,2026-09-14,92.0,green,OP0309,CZAPLA INVESTMENTS LTD.
4155545,1 BIRCHLEA AVE,03,1955,10,2025,2025-07-11,93.0,green,OP0189,HD PROPERTY MANAGEMENT
4155547,31 PARK BLVD,03,1963,97,2026,2026-09-02,92.0,green,OP0054,COMPTEN MANAGEMENT INC.
4155548,21 PARK BLVD,03,1963,97,2026,2026-09-10,92.0,green,OP0054,COMPTEN MANAGEMENT INC.
4155549,220 LAKE PROMENADE,03,1963,118,2025,2025-07-09,93.0,green,OP0054,COMPTEN MANAGEMENT INC.
4155550,230 LAKE PROMENADE,03,1964,118,2026,2026-09-10,91.0,green,OP0054,COMPTEN MANAGEMENT INC.
4155551,240 LAKE PROMENADE,03,1963,118,2025,2025-07-09,94.0,green,OP0054,COMPTEN MANAGEMENT INC.
4155552,22 A LONG BRANCH AVE,03,1957,11,2026,2026-09-09,87.0,green,unattributed,
4155553,294 LAKE PROMENADE,03,1950,14,2026,2026-09-02,91.0,green,OP0705,TWO VIEW INVESTMENTS
4155554,45 FORTY SECOND ST,03,1963,53,2026,2026-08-14,97.0,green,OP0022,GREENWIN CORP.
4155555,55 FORTY SECOND ST,03,1950,26,2025,2025-07-07,98.0,green,OP0022,GREENWIN CORP.
4155556,25 VILLA RD,03,1960,34,2024,2024-07-24,91.0,green,OP0022,GREENWIN CORP.
4155557,75 FORTY SECOND ST,03,1960,28,2025,2025-07-07,92.0,green,OP0706,RENTPEDIA INC
4155558,87 FORTY SECOND ST,03,1959,41,2025,2025-07-07,95.0,green,OP0707,CIO MANAGEMENT
4155560,6 TWENTY FOURTH ST,03,1968,81,2025,2025-07-14,97.0,green,OP0044,GOLD SEAL MANAGEMENT INC.
4155561,1 FIRVALLEY CRT,20,1962,115,2025,2025-06-20,91.0,green,OP0021,TORONTO COMMUNITY HOUSING CORPORATION
4155562,40 TEESDALE PL,20,1971,278,2026,2026-09-25,87.0,green,OP0021,TORONTO COMMUNITY HOUSING CORPORATION
4155563,30 TEESDALE PL,20,1971,278,2026,2026-09-22,90.0,green,OP0021,TORONTO COMMUNITY HOUSING CORPORATION
4155564,3479 ST CLAIR AVE E,20,1970,94,2025,2025-07-02,94.0,green,OP0053,DEL MANAGEMENT
4155565,3485 ST CLAIR AVE E,20,1968,97,2025,2025-07-02,95.0,green,OP0053,DEL MANAGEMENT
4155566,675 KENNEDY RD,20,1969,192,2025,2025-06-24,97.0,green,OP0053,DEL MANAGEMENT
4155567,1021 BIRCHMOUNT RD,21,1972,236,2025,2025-09-06,88.0,green,OP0053,DEL MANAGEMENT
4155568,7 GLAMORGAN AVE,21,1971,196,2024,2024-09-30,86.0,green,OP0021,TORONTO COMMUNITY HOUSING CORPORATION
4155569,6 GLAMORGAN AVE,21,1971,184,2024,2024-08-08,82.0,yellow,OP0021,TORONTO COMMUNITY HOUSING CORPORATION
4155570,55 GREENBRAE CRCT,24,1970,128,2025,2025-09-17,86.0,green,OP0053,DEL MANAGEMENT
4155571,65 GREENBRAE CRCT,24,1970,128,2025,2025-09-17,91.0,green,OP0053,DEL MANAGEMENT
4155573,40 GORDONRIDGE PL,20,1972,421,2026,2026-07-16,87.0,green,OP0021,TORONTO COMMUNITY HOUSING CORPORATION
4155574,31 GILDER DR,21,1970,190,2024,2024-08-23,81.0,yellow,OP0021,TORONTO COMMUNITY HOUSING CORPORATION
4155575,400 MCCOWAN RD,21,1968,198,2026,2026-09-30,80.0,yellow,OP0021,TORONTO COMMUNITY HOUSING CORPORATION
4155577,3847 LAWRENCE AVE E,24,1969,213,2025,2025-11-24,84.0,yellow,OP0041,DEL MANAGMENT
4155578,2190 ELLESMERE RD,24,1969,180,2026,2026-06-24,93.0,green,OP0021,TORONTO COMMUNITY HOUSING CORPORATION
4155579,2180 ELLESMERE RD,24,1969,180,2026,2026-06-25,86.0,green,OP0021,TORONTO COMMUNITY HOUSING CORPORATION
4155580,110 MORNELLE CRT,24,1971,145,2026,2026-07-21,94.0,green,OP0053,DEL MANAGEMENT
4155581,90 MORNELLE CRT,24,1971,198,2025,2025-11-04,88.0,green,OP0053,DEL MANAGEMENT
4155582,225 MORNINGSIDE AVE,25,1972,99,2025,2025-11-24,92.0,green,OP0041,DEL MANAGMENT
4155583,4100 LAWRENCE AVE E,24,1972,185,2025,2025-11-03,90.0,green,OP0053,DEL MANAGEMENT
4155584,365 BAY MILLS BLVD,22,1970,186,2026,2026-07-28,93.0,green,OP0021,TORONTO COMMUNITY HOUSING CORPORATION
4155585,2821 BIRCHMOUNT RD,22,1969,237,2026,2026-07-23,91.0,green,OP0021,TORONTO COMMUNITY HOUSING CORPORATION
4155587,100 HIGH PARK AVE,04,1969,449,2025,2025-11-28,88.0,green,OP0021,TORONTO COMMUNITY HOUSING CORPORATION
4155588,85 SPENCER AVE,04,1974,57,2026,2026-09-16,86.0,green,OP0021,TORONTO COMMUNITY HOUSING CORPORATION
4155589,245 DUNN AVE,04,1971,384,2026,2026-09-28,93.0,green,OP0021,TORONTO COMMUNITY HOUSING CORPORATION
4155590,1525 DUNDAS ST W,09,1959,106,2025,2025-07-21,79.0,yellow,OP0021,TORONTO COMMUNITY HOUSING CORPORATION
4155591,61 PELHAM PARK GDNS,09,1968,352,2025,2025-06-18,91.0,green,OP0021,TORONTO COMMUNITY HOUSING CORPORATION
4155593,177 PENDRITH ST,11,1964,54,2025,2025-08-18,85.0,green,OP0023,TCH
4155594,250 DAVENPORT RD,11,1968,460,2026,2026-09-17,92.0,green,OP0022,GREENWIN CORP.
4155595,1 CHURCH ST,10,1996,115,2026,2026-09-15,92.0,green,OP0021,TORONTO COMMUNITY HOUSING CORPORATION
4155598,6 HENRY ST,11,1978,105,2026,2026-08-18,92.0,green,OP0021,TORONTO COMMUNITY HOUSING CORPORATION
4155600,155 SHERBOURNE ST,13,1973,301,2025,2026-07-08,89.0,green,OP0021,TORONTO COMMUNITY HOUSING CORPORATION
4155601,275 SHUTER ST,13,1964,299,2025,2025-11-05,82.0,yellow,OP0021,TORONTO COMMUNITY HOUSING CORPORATION
4155602,220 OAK ST,13,1972,469,2025,2026-07-08,85.0,green,OP0021,TORONTO COMMUNITY HOUSING CORPORATION
4155604,320 SEATON ST,13,1961,25,2025,2025-10-20,78.0,yellow,OP0021,TORONTO COMMUNITY HOUSING CORPORATION
4155605,200 WELLESLEY ST E,13,1970,719,2025,2025-11-13,81.0,yellow,OP0021,TORONTO COMMUNITY HOUSING CORPORATION
4155607,1615 DUNDAS ST E,14,1960,81,2026,2026-08-19,92.0,green,OP0023,TCH
4155609,2 PHIN AVE,14,1970,34,2026,2026-08-19,85.0,green,OP0023,TCH
4155610,1080 EASTERN AVE,19,1965,41,2025,2025-07-08,97.0,green,OP0023,TCH
4155611,59 EDGEWOOD AVE,19,1956,53,2026,2026-07-23,93.0,green,OP0023,TCH
4155612,93 EDGEWOOD AVE,19,1956,43,2026,2026-07-23,95.0,green,OP0023,TCH
4155614,695 COXWELL AVE,19,1991,126,2025,2025-11-28,96.0,green,OP0083,AYKLER REAL ESTATE INC.
4155615,70 DUNFIELD AVE,12,1977,156,2026,2026-08-21,97.0,green,OP0023,TCH
4155617,2999 JANE ST,07,1971,188,2025,2025-10-21,92.0,green,OP0023,TCH
4155618,15 TOBERMORY DR,07,1972,374,2025,2025-11-12,81.0,yellow,OP0023,TCH
4155620,4400 JANE ST,07,1970,164,2026,2026-10-01,89.0,green,OP0023,TCH
4155621,1570 JANE ST,05,1967,76,2025,2025-11-21,91.0,green,OP0041,DEL MANAGMENT
4155623,1620 LAWRENCE AVE W,05,1955,13,2025,2025-11-04,80.0,yellow,OP0041,DEL MANAGMENT
4155624,1622 LAWRENCE AVE W,05,1955,20,2025,2025-11-04,84.0,yellow,OP0041,DEL MANAGMENT
4155625,20-50 FALSTAFF AVE,05,1970,224,2026,2026-08-12,88.0,green,OP0023,TCH
4155629,3 OLD MEADOW LANE,08,1957,30,2026,2026-08-10,78.0,yellow,OP0023,TCH
4155630,4 REPLIN RD,08,1957,30,2025,2025-12-08,84.0,yellow,OP0023,TCH
4155631,2 REPLIN RD,08,2019,30,2026,2026-07-30,79.0,yellow,unattributed,
4155632,7 FLEMINGTON RD,08,1957,30,2026,2026-08-04,96.0,green,OP0023,TCH
4155633,6 REPLIN RD,08,1957,30,2026,2026-07-21,94.0,green,OP0023,TCH
4155634,1 OLD MEADOW LANE,08,1957,30,2026,2026-08-10,81.0,yellow,OP0023,TCH
4155635,1 REPLIN RD,08,1957,31,2026,2026-07-30,85.0,green,OP0023,TCH
4155636,5 FLEMINGTON RD,08,1957,31,2025,2025-11-15,88.0,green,OP0023,TCH
4155637,3 FLEMINGTON RD,08,1957,31,2025,2025-11-15,84.0,yellow,OP0023,TCH
4155638,1 FLEMINGTON RD,08,1957,31,2025,2025-11-15,85.0,green,OP0023,TCH
4155639,22 VARNA DR,08,1957,31,2025,2025-09-17,92.0,green,OP0023,TCH
4155640,20 VARNA DR,08,1957,31,2026,2026-07-10,98.0,green,OP0023,TCH
4155641,51 BLOSSOMFIELD DR,08,1957,30,2026,2026-08-25,90.0,green,OP0023,TCH
4155642,11 FLEMINGTON RD,08,1957,31,2025,2025-11-15,80.0,yellow,OP0023,TCH
4155643,9 FLEMINGTON RD,08,1957,30,2025,2025-11-15,84.0,yellow,OP0023,TCH
4155644,87 AMARANTH CRT,08,1957,30,2026,2026-08-25,84.0,yellow,OP0023,TCH
4155650,51 PARKWOODS VILLAGE DR,16,1962,81,2026,2026-06-29,88.0,green,OP0023,TCH
4155651,14 RAYOAK DR,16,1962,63,2026,2026-09-25,93.0,green,OP0023,TCH
4155652,855 ROSELAWN AVE,08,1974,253,2025,2025-10-28,96.0,green,OP0023,TCH
4155653,190 WOOLNER AVE,05,1968,304,2025,2025-11-05,88.0,green,OP0023,TCH
4155654,5005 DUNDAS ST W,03,1962,255,2025,2025-10-30,92.0,green,OP0041,DEL MANAGMENT
4155657,7 CAPRI RD,02,1973,275,2026,2026-08-07,85.0,green,OP0041,DEL MANAGMENT
4155658,44 WILLOWRIDGE RD,01,1972,238,2026,2026-09-25,89.0,green,OP0041,DEL MANAGMENT
4155659,75 TANDRIDGE CRES,01,1967,221,2026,2026-09-04,95.0,green,OP0041,DEL MANAGMENT
4155662,22 CLOSE AVE,04,1971,293,2026,2026-09-25,94.0,green,OP0151,AMELIN PROPERTY MANAGEMENT
4155664,230 OAK ST,13,1972,327,2024,2024-06-21,81.0,yellow,OP0028,AKELIUS CANADA LTD
4155665,1425 BAYVIEW AVE,15,2006,14,2025,2025-09-16,97.0,green,OP0022,GREENWIN CORP.
4155666,46 PANORAMA CRT,01,1974,222,2026,2026-09-18,97.0,green,OP0040,H&R PROPERTY MANAGEMENT
4155667,49 SCARLETTWOOD CRT,02,1971,14,2025,2025-11-02,94.0,green,OP0041,DEL MANAGMENT
4155669,38 CARLUKE CRES,15,1964,104,2026,2026-09-10,95.0,green,OP0035,MEDALLION CORPORATION
4155670,32 CARLUKE CRES,15,1964,103,2026,2026-09-10,95.0,green,OP0035,MEDALLION CORPORATION
4155671,16 CARLUKE CRES,15,1962,101,2025,2025-10-30,96.0,green,OP0043,PINEDALE PROPERTIES LTD
4155672,20 CARLUKE CRES,15,1962,154,2025,2025-11-11,95.0,green,OP0043,PINEDALE PROPERTIES LTD
4155673,5 DEAUVILLE LANE,16,2013,62,2025,2025-07-16,97.0,green,OP0310,MAHOGANY MANAGEMENT
4155674,4003 BAYVIEW AVE,17,1971,172,2025,2025-08-01,99.0,green,OP0025,STERLING KARAMAR PROPERTY MANAGEMENT
4155675,4005 BAYVIEW AVE,17,1971,235,2026,2026-09-25,97.0,green,OP0025,STERLING KARAMAR PROPERTY MANAGEMENT
4155677,39 BROOKWELL DR,06,1965,57,2026,2026-09-04,96.0,green,OP0044,GOLD SEAL MANAGEMENT INC.
4155680,3 BROADWAY AVE,12,1930,36,2026,2026-09-23,93.0,green,OP0025,STERLING KARAMAR PROPERTY MANAGEMENT
4155681,900 QUEEN ST W,10,1996,22,2026,2026-09-11,94.0,green,OP0708,ARTSCAPE NON-PROFIT HOUSING INC.
4155682,338 FALSTAFF AVE,05,1996,175,2025,2025-11-19,96.0,green,OP0204,VILLA CHARITIES INC
4155683,3330 WESTON RD,07,1960,97,2026,2026-09-19,97.0,green,OP0045,CANDO APARTMENTS LTD.
4155684,34 BROOKWELL DR,06,1964,44,2025,2025-07-21,87.0,green,OP0044,GOLD SEAL MANAGEMENT INC.
4155685,1775 EGLINTON AVE W,12,1981,300,2025,2025-11-24,82.0,yellow,OP0023,TCH
4155686,651 LAWRENCE AVE W,08,2003,24,2025,2025-09-03,97.0,green,OP0142,ECUHOME CORPORATION
4155687,151 BEECROFT RD,18,2003,306,2025,2025-08-22,97.0,green,unattributed,
4155690,65 HALSEY AVE,19,1970,113,2025,2025-07-15,93.0,green,OP0311,REDWOOD PROPERTIES
4155691,39 OLD MILL RD,03,1966,148,2025,2025-11-24,100.0,green,OP0060,PRINCESS MANAGEMENT
4155692,1875 MARTIN GROVE RD,01,1971,88,2025,2025-11-11,96.0,green,OP0709,ROCK RIDGE INVESTMENTS
4155703,45 PARKCREST DR,20,1976,92,2025,2025-08-18,96.0,green,OP0115,MYRIAD PROPERTY MANAGEMENT
4155704,656 KINGSTON RD,19,1994,106,2024,2024-08-23,88.0,green,OP0188,NEIGHBOURHOOD LINK HOMES
4155705,2067 ISLINGTON AVE,01,1973,162,2026,2026-09-08,87.0,green,OP0023,TCH
4155706,21 RICHGROVE DR,01,1969,129,2026,2026-09-16,96.0,green,OP0055,MINTO PROPERTIES INC.
4155707,27 SCARLETTWOOD CRT,02,1970,14,2026,2026-07-07,93.0,green,OP0041,DEL MANAGMENT
4155710,55 LISGAR ST,09,2005,116,2026,2026-08-25,96.0,green,OP0035,MEDALLION CORPORATION
4155712,44 VALLEY WOODS RD,16,1965,263,2025,2025-06-14,94.0,green,OP0022,GREENWIN CORP.
4155717,3333 FINCH AVE E,22,1975,297,2025,2025-10-03,86.0,green,OP0710,ST. PAUL'S L'AMOREAUX CENTRE
4155726,33 COATSWORTH CRES,19,1989,128,2025,2025-06-30,93.0,green,OP0023,TCH
4155728,318 CLINTON ST,11,1970,12,2025,2025-10-03,76.0,yellow,unattributed,
4155730,45 LISGAR ST,09,2010,291,2026,2026-08-25,92.0,green,OP0035,MEDALLION CORPORATION
4155731,330 SPADINA RD,12,1967,141,2026,2026-10-05,97.0,green,OP0029,CAPREIT
4155734,800 LANSDOWNE AVE,09,1992,138,2025,2025-07-23,82.0,yellow,OP0039,BERKLEY PROPERTY MANAGEMENT INC.
4155736,6020 BATHURST ST,06,1967,149,2025,2025-09-24,92.0,green,OP0031,HAZELVIEW PROPERTY SERVICES INC
4155737,6030 BATHURST ST,06,1967,247,2026,2026-08-13,93.0,green,OP0031,HAZELVIEW PROPERTY SERVICES INC
4155739,30 SPRINGHURST AVE,04,1965,122,2025,2025-06-30,96.0,green,OP0711,JANWALK
4155740,4222 BATHURST ST,06,1967,77,2026,2026-08-20,94.0,green,OP0025,STERLING KARAMAR PROPERTY MANAGEMENT
4155741,659 NORTHCLIFFE BLVD,12,2003,54,2026,2026-09-21,97.0,green,OP0023,TCH
4155742,333 SIDNEY BELSEY CRES,05,2008,264,2024,2024-08-28,92.0,green,OP0028,AKELIUS CANADA LTD
4155743,3015 D QUEEN ST E,20,1954,16,2025,2025-07-10,91.0,green,OP0022,GREENWIN CORP.
4155744,66 RONCESVALLES AVE,04,1977,200,2026,2026-09-04,84.0,yellow,unattributed,
4155746,11 CATFORD RD,07,1968,218,2025,2025-10-14,84.0,yellow,OP0089,N.H.D. DEVELOPMENTS LIMITED
4155748,30 FONTENAY CRT,02,1966,96,2026,2026-09-14,96.0,green,OP0040,H&R PROPERTY MANAGEMENT
4155749,3 SUPERIOR AVE,03,1950,62,2025,2025-08-06,91.0,green,OP0312,1 SUPERIOR LIMITED PARTNERSHIP
4155750,243 COSBURN AVE,14,2004,32,2025,2025-07-31,97.0,green,OP0002,WOODGREEN COMMUNITY HOUSING INC.
4155751,1465 LAWRENCE AVE W,05,1969,161,2025,2025-11-25,93.0,green,OP0027,SIGNET GROUP INC.
4155752,1 SUPERIOR AVE,03,1950,23,2025,2025-08-06,90.0,green,OP0312,1 SUPERIOR LIMITED PARTNERSHIP
4155753,336 CLINTON ST,11,1992,17,2025,2025-10-03,95.0,green,unattributed,
4155754,2301 LAKE SHORE BLVD W,03,1959,88,2025,2025-08-08,97.0,green,OP0034,HOMESTEAD LAND HOLDINGS LIMITED
4155756,6 PINEWOOD AVE,12,1927,11,2025,2025-12-05,87.0,green,unattributed,
4155757,2493 LAKE SHORE BLVD W,03,1961,151,2025,2025-11-06,98.0,green,OP0034,HOMESTEAD LAND HOLDINGS LIMITED
4155758,515 ROSEWELL AVE,08,2005,89,2025,2025-09-10,98.0,green,OP0073,BENTALLGREENOAK
4155763,8 SAND BEACH RD,03,1966,24,2026,2026-09-25,93.0,green,unattributed,
4155764,1 A BIRCHLEA AVE,03,1955,21,2025,2025-07-10,87.0,green,OP0712,SHAHUKAR PROPERTIES CORP
4155766,552 ADELAIDE ST W,10,2005,84,2025,2025-07-30,93.0,green,OP0239,PAR-MED PROPERTY SERVICES INC.
4155767,10 ELLISON AVE,06,1960,12,2026,2026-07-20,98.0,green,OP0302,NORTH PARK HOLDINGS INC.
4155768,121 PARKWAY FOREST DR,17,2006,232,2025,2025-07-19,92.0,green,OP0022,GREENWIN CORP.
4155769,2323 LAKE SHORE BLVD W,03,1960,133,2025,2025-08-06,95.0,green,OP0026,BRIARLANE RENTAL PROPERTY MANAGEMENT INC.
4155770,2313 LAKE SHORE BLVD W,03,1960,133,2026,2026-08-27,96.0,green,OP0026,BRIARLANE RENTAL PROPERTY MANAGEMENT INC.
4155771,2495 LAKE SHORE BLVD W,03,1958,45,2025,2025-11-06,96.0,green,OP0024,METCAP LIVING MANAGEMENT INC.
4155772,2407 LAKE SHORE BLVD W,03,1951,22,2026,2026-09-02,94.0,green,OP0306,WINZEN CORPORATION
4155773,100 ROWENA DR,16,1966,248,2026,2026-06-15,68.0,red,OP0010,BARNEY RIVER MANAGEMENT SERVICES
4155776,35 CEDARCROFT BLVD,06,1967,207,2026,2026-07-15,91.0,green,OP0713,35 CEDARCROFT BOULEVARD LTD
4155778,775 STEELES AVE W,18,1966,194,2024,2024-06-26,80.0,yellow,OP0161,R A B PROPERTIES LIMITED
4155779,11 DUNBLOOR RD,03,2007,278,2026,2026-09-09,99.0,green,unattributed,
4155781,111 KENDLETON DR,01,1965,58,2026,2026-09-09,91.0,green,OP0023,TCH
4155782,101 KENDLETON DR,01,1965,221,2026,2026-09-29,92.0,green,OP0023,TCH
4155783,101 MARLEE AVE,08,1955,58,2025,2025-08-13,83.0,yellow,OP0198,CANAL PROPERTY MANAGEMENT
4155787,10 BOULTBEE AVE,14,2001,167,2026,2026-07-31,91.0,green,OP0023,TCH
4155789,1122 DON MILLS RD,16,1958,66,2025,2025-07-29,99.0,green,OP0313,NIOT INVESTMENT HOLDINGS LIMITED
4155793,120 WIDDICOMBE HILL BLVD,02,1973,233,2024,2024-08-14,90.0,green,OP0032,PARK PROPERTY MANAGEMENT INC.
4155794,1215 BAYVIEW AVE,15,1940,38,2026,2026-07-06,93.0,green,OP0099,ADVENT PROPERTY MANAGEMENT SERVICES LTD.
4155796,125 BONIS AVE,22,1976,263,2026,2026-10-06,99.0,green,OP0714,SHEPHERD VILALGE INC
4155800,140 THE ESPLANADE,13,1993,102,2025,2025-11-13,81.0,yellow,OP0023,TCH
4155802,14 ENGELHART CRES,20,1956,11,2026,2026-07-27,86.0,green,OP0091,C/O METCAP LIVING MANAGEMENT INC
4155803,150 DAN LECKIE WAY,10,2012,298,2026,2026-08-17,93.0,green,OP0022,GREENWIN CORP.
4155809,191 SHERBOURNE ST,13,1975,371,2026,2026-08-25,91.0,green,unattributed,
4155812,200 EXBURY RD,06,1970,154,2026,2026-08-31,97.0,green,OP0025,STERLING KARAMAR PROPERTY MANAGEMENT
4155813,2063 ISLINGTON AVE,01,1973,162,2025,2025-12-02,91.0,green,OP0023,TCH
4155816,20 SEWELLS RD,25,2005,92,2025,2025-11-07,98.0,green,OP0082,WIGWAMEN INCORPORATED
4155820,235 BLOOR ST E,11,1979,479,2026,2026-09-23,89.0,green,OP0119,QUADREAL PROPERTY GROUP
4155823,246 SACKVILLE ST,13,2009,61,2024,2024-06-20,91.0,green,OP0023,TCH
4155825,24 EVA RD,02,1971,140,2025,2025-06-22,92.0,green,OP0303,WESTMALL INVESTMENTS
4155827,2559 BLOOR ST W,04,1944,27,2026,2026-08-25,94.0,green,OP0090,"MANTLER, BOWMAN AND ASSOCIATES INC."
4155828,2561 BLOOR ST W,04,1944,34,2026,2026-08-25,96.0,green,OP0090,"MANTLER, BOWMAN AND ASSOCIATES INC."
4155829,2674 YONGE ST,08,1940,31,2025,2025-06-16,94.0,green,OP0086,IMPERRA GENERAL MANAGEMENT
4155830,26 CARLUKE CRES,15,1964,157,2026,2026-09-28,87.0,green,OP0035,MEDALLION CORPORATION
4155834,275 BLEECKER ST,13,1969,301,2025,2025-06-30,92.0,green,OP0022,GREENWIN CORP.
4155838,2960 DON MILLS RD W,17,1960,171,2024,2024-09-30,87.0,green,OP0045,CANDO APARTMENTS LTD.
4155839,2980 DON MILLS RD W,17,1970,168,2024,2024-09-17,96.0,green,OP0034,HOMESTEAD LAND HOLDINGS LIMITED
4155840,300 SHAW ST,11,1966,32,2026,2026-07-28,90.0,green,unattributed,
4155843,3214 ST CLAIR AVE E,20,1952,16,2025,2025-09-05,95.0,green,OP0304,KROMA MANAGEMENT LIMITED
4155845,33 FLAMBOROUGH DR - BLDG A,05,1953,11,2026,2026-07-28,98.0,green,OP0162,33 FLAMBOROUGH INC
4155848,35 HIGH PARK AVE,04,1969,201,2025,2025-08-01,93.0,green,OP0314,GWLRA
4155850,3810 BATHURST ST,06,2005,84,2025,2025-07-23,99.0,green,OP0059,THE BROWN GROUP OF COMPANIES INC.
4155854,3939 LAWRENCE AVE E,24,1970,31,2025,2025-10-31,82.0,yellow,OP0041,DEL MANAGMENT
4155855,3 SUMMERLAND TER,03,2012,283,2025,2025-10-07,100.0,green,unattributed,
4155858,41 SPADINA RD,11,1905,24,2025,2025-08-18,76.0,yellow,unattributed,
4155859,433 JARVIS ST,13,1960,143,2025,2025-06-23,92.0,green,OP0715,668308 ONTARIO LIMITED
4155862,46 GLEN EVEREST RD,20,1952,16,2026,2026-06-30,71.0,yellow,unattributed,
4155865,50 GLEN EVEREST RD,20,1952,16,2026,2026-06-30,73.0,yellow,unattributed,
4155866,50 MATILDA ST,14,2008,56,2025,2025-11-18,95.0,green,OP0021,TORONTO COMMUNITY HOUSING CORPORATION
4155872,592 CHURCH ST,13,1910,12,2025,2025-11-19,81.0,yellow,OP0315,CHURCH 18 HOLDINGS INC.
4155873,5 BELLEVUE CRES,05,1971,326,2025,2025-11-27,88.0,green,OP0041,DEL MANAGMENT
4155874,5 BIRCHLEA AVE,03,1955,13,2025,2025-07-14,90.0,green,unattributed,
4155875,5 CAPRI RD,02,1967,329,2026,2026-08-07,93.0,green,OP0026,BRIARLANE RENTAL PROPERTY MANAGEMENT INC.
4155878,60 WASDALE CRES,08,1960,11,2025,2025-10-31,97.0,green,OP0085,CASTLEHILL PROPERTY MANAGEMENT
4155879,6200 BATHURST ST,06,1969,181,2026,2026-08-13,99.0,green,OP0050,CROMWELL MANAGEMENT INC.
4155880,63 WIDDICOMBE HILL BLVD,02,1974,233,2024,2024-08-07,91.0,green,OP0032,PARK PROPERTY MANAGEMENT INC.
4155881,65 A HILLSIDE DR,14,1954,71,2026,2026-09-22,95.0,green,OP0022,GREENWIN CORP.
4155882,65 WINDERMERE AVE,04,1962,92,2025,2025-07-24,95.0,green,OP0022,GREENWIN CORP.
4155883,66 PACIFIC AVE,04,1965,230,2025,2025-08-26,97.0,green,OP0716,VERTICA RESIDENT SERVICES
4155887,70 HEATH ST W,12,1959,35,2026,2026-09-02,98.0,green,OP0052,HOLLYBURN PROPERTIES LTD
4155889,73 WIDDICOMBE HILL BLVD,02,1974,228,2025,2025-11-26,96.0,green,OP0032,PARK PROPERTY MANAGEMENT INC.
4155890,746 MIDLAND AVE,20,1959,87,2025,2025-09-03,95.0,green,OP0031,HAZELVIEW PROPERTY SERVICES INC
4155891,775 LAWRENCE AVE W,08,1958,10,2026,2026-08-25,99.0,green,unattributed,
4155895,83 PARKWOODS VILLAGE DR,16,1994,68,2025,2025-06-23,91.0,green,OP0004,COMMUNITY FIRST DEVELOPMENTS INC.
4155900,88 OXFORD ST,11,1895,11,2026,2026-07-15,75.0,yellow,OP0717,TURTLEDOVE MANAGEMENT
4155901,88 SPADINA RD,11,2009,91,2026,2026-08-11,91.0,green,OP0032,PARK PROPERTY MANAGEMENT INC.
4155905,95 HIGH PARK AVE,04,1969,217,2025,2025-08-26,98.0,green,OP0314,GWLRA
4155906,966 ST CLAIR AVE W,09,1940,11,2026,2026-08-12,83.0,yellow,OP0718,966 ST CLAIR HOLDINGS INC
4155907,99 MARLEE AVE,08,1960,59,2025,2025-08-13,98.0,green,OP0068,HAZELVIEW PROPERTIES
4155911,22 WILLOWRIDGE RD,01,1971,132,2026,2026-09-04,93.0,green,OP0040,H&R PROPERTY MANAGEMENT
4155913,40 FALSTAFF AVE,05,1970,224,2026,2026-08-12,86.0,green,OP0023,TCH
4155914,3036 BATHURST ST,08,1992,160,2026,2026-07-22,99.0,green,OP0021,TORONTO COMMUNITY HOUSING CORPORATION
4155915,2015 LAWRENCE AVE E,21,1994,158,2026,2026-09-03,96.0,green,unattributed,
4155916,15 THIRTY THIRD ST,03,1970,36,2025,2025-07-10,97.0,green,OP0081,CENTRAL ERIN PROPERTY MANAGEMENT
4155918,2101 ISLINGTON AVE,01,1970,271,2026,2026-09-15,94.0,green,OP0299,WESTWOOD MANAGEMENT INTERNATIONAL
4155919,80 HEATH ST W,12,1959,35,2026,2026-09-12,97.0,green,OP0052,HOLLYBURN PROPERTIES LTD
4155920,1775 WESTON RD,05,1967,245,2025,2025-11-27,81.0,yellow,OP0316,WESTON PROPERTY MANAGEMENT
4155922,3725 DUNDAS ST W,04,1972,153,2026,2026-08-26,95.0,green,OP0021,TORONTO COMMUNITY HOUSING CORPORATION
4155923,11 BEXHILL CRT,02,1952,15,2026,2026-07-14,99.0,green,OP0033,REALSTAR
4155924,14 BEXHILL CRT,02,1952,14,2025,2025-08-21,96.0,green,OP0033,REALSTAR
4155927,10 WILLOWRIDGE RD,01,1971,328,2026,2026-09-04,95.0,green,OP0040,H&R PROPERTY MANAGEMENT
4155928,41 WARRENDER AVE,02,1971,105,2025,2025-10-20,96.0,green,OP0060,PRINCESS MANAGEMENT
4155930,90 JAMES ST,03,1960,34,2026,2026-08-14,98.0,green,OP0022,GREENWIN CORP.
4155931,490 SHERBOURNE ST,13,2008,112,2024,2024-08-26,79.0,yellow,OP0002,WOODGREEN COMMUNITY HOUSING INC.
4155935,20 TRUDELLE ST,21,1964,84,2025,2025-10-28,94.0,green,OP0044,GOLD SEAL MANAGEMENT INC.
4155938,10 TRUDELLE ST,21,1964,84,2024,2024-08-13,96.0,green,OP0044,GOLD SEAL MANAGEMENT INC.
4155942,2743 VICTORIA PARK AVE,22,1971,201,2025,2025-09-08,86.0,green,OP0021,TORONTO COMMUNITY HOUSING CORPORATION
4155943,3171 EGLINTON AVE E,20,1965,161,2026,2026-07-09,91.0,green,OP0053,DEL MANAGEMENT
4155950,5 STAG HILL DR,19,1953,15,2026,2026-08-17,94.0,green,OP0022,GREENWIN CORP.
4155952,280 WELLESLEY ST E,13,1969,571,2025,2025-11-18,96.0,green,OP0121,WELLESLEY PARLIAMENT SQUARE LTD.
4155956,2702 LAWRENCE AVE E,21,1957,96,2025,2025-09-18,91.0,green,OP0024,METCAP LIVING MANAGEMENT INC.
4155957,30 GORDONRIDGE PL,20,1972,231,2025,2025-06-26,88.0,green,OP0023,TCH
4155959,11 ELM AVE,11,1957,59,2025,2025-10-06,85.0,green,OP0047,O'SHANTER DEVELOPMENT COMPANY LTD.
4155962,1085 STEELES AVE W,06,1969,100,2026,2026-07-16,90.0,green,OP0287,WYCLIFFE PROPERTY MANAGEMENT LIMITED
4155977,37 DURNFORD RD,25,1992,28,2025,2025-10-21,86.0,green,unattributed,
4155978,47 GENERATION BLVD,25,1975,180,2026,2026-07-21,78.0,yellow,OP0062,MORGUARD RESIDENTIAL
4155979,47 GILDER DR,21,1970,66,2024,2024-10-01,89.0,green,OP0021,TORONTO COMMUNITY HOUSING CORPORATION
4155991,11 ARLETA AVE,07,1972,171,2026,2026-09-19,97.0,green,OP0021,TORONTO COMMUNITY HOUSING CORPORATION
4155992,2450 WESTON RD,05,1972,214,2026,2026-07-15,90.0,green,OP0022,GREENWIN CORP.
4155993,2460 WESTON RD,05,1973,214,2026,2026-07-15,94.0,green,OP0022,GREENWIN CORP.
4155995,27 BERGAMOT AVE,01,1960,130,2025,2025-07-22,92.0,green,OP0043,PINEDALE PROPERTIES LTD
4155999,30 FALSTAFF AVE,05,1970,221,2025,2025-11-07,84.0,yellow,OP0021,TORONTO COMMUNITY HOUSING CORPORATION
4156002,1798 EGLINTON AVE W,08,1937,34,2026,2026-09-30,94.0,green,OP0719,COPPER CROW PROPERTY MANAGEMENT LTD
4156003,33 ROSEHILL AVE,12,1969,216,2026,2026-08-27,97.0,green,OP0119,QUADREAL PROPERTY GROUP
4156004,34 ROSECLIFFE AVE,09,1945,26,2025,2025-06-17,90.0,green,OP0125,IPG MANAGEMENT GROUP
4156013,255 GLENLAKE AVE,04,1986,336,2024,2024-08-06,97.0,green,OP0055,MINTO PROPERTIES INC.
4156014,1 GREENBROOK DR,05,1950,24,2025,2025-11-28,98.0,green,OP0211,OLYMPIA PROPERTIES INC.
4156016,3735 DUNDAS ST W,04,1972,132,2026,2026-09-16,94.0,green,OP0023,TCH
4156020,11 ROCHEFORT DR,16,1960,64,2026,2026-09-22,97.0,green,OP0026,BRIARLANE RENTAL PROPERTY MANAGEMENT INC.
4156027,2523 LAKE SHORE BLVD W,03,1910,10,2026,2026-08-13,97.0,green,OP0093,CAPREIT LIMITED PARTNERSHIP
4156028,207 MORNINGSIDE AVE,25,1961,107,2025,2025-10-15,81.0,yellow,OP0027,SIGNET GROUP INC.
4156031,165 BARRINGTON AVE,19,1965,265,2026,2026-08-13,94.0,green,OP0036,RANEE MANAGEMENT
4156034,261 JARVIS ST,13,1994,55,2025,2025-11-10,95.0,green,OP0022,GREENWIN CORP.
4156035,1463 KINGSTON RD,20,1940,14,2025,2025-08-07,88.0,green,OP0005,1034523 ONTARIO LTD
4156036,17 RENWICK CRES,14,1996,80,2025,2025-10-06,92.0,green,OP0002,WOODGREEN COMMUNITY HOUSING INC.
4156037,1535 BIRCHMOUNT RD,21,1960,37,2026,2026-07-23,83.0,yellow,OP0057,NORTH 44 PROPERTY MANAGEMENT INC
4156038,375 BLEECKER ST,13,1969,327,2024,2024-09-10,78.0,yellow,OP0022,GREENWIN CORP.
4156043,275 CASSANDRA BLVD,16,1965,164,2026,2026-06-17,90.0,green,OP0049,M&R PROPERTY MANAGEMENT
4156048,24 PELL ST,20,1960,11,2026,2026-09-10,86.0,green,OP0720,RMC INTERNATIONAL INC
4156049,1680 ELLESMERE RD,24,1994,145,2024,2024-09-11,98.0,green,OP0118,AYKLER MANAGEMENT
4156069,65 ELLERSLIE AVE,18,1966,107,2025,2025-10-08,97.0,green,OP0049,M&R PROPERTY MANAGEMENT
4156070,2715 ISLINGTON AVE,01,1992,80,2025,2025-11-27,100.0,green,OP0721,OUR SAVIOUR THISTLETOWN LUTHERAN LODGE
4156071,6040 BATHURST ST,06,1970,202,2025,2025-09-24,97.0,green,OP0043,PINEDALE PROPERTIES LTD
4156073,17 DURNFORD RD,25,1992,14,2025,2025-09-22,86.0,green,unattributed,
4156074,111 GENERATION BLVD,25,1975,12,2025,2025-10-17,84.0,yellow,OP0062,MORGUARD RESIDENTIAL
4156075,115 GENERATION BLVD,25,1975,12,2025,2025-10-17,81.0,yellow,OP0062,MORGUARD RESIDENTIAL
4156076,1580 SANDHURST CRCL,23,1979,238,2025,2025-09-29,93.0,green,OP0026,BRIARLANE RENTAL PROPERTY MANAGEMENT INC.
4156086,55 OAKMOUNT RD,04,1965,223,2025,2025-08-15,89.0,green,OP0070,BEAUX PROPERTIES MANAGEMENT
4156089,290 THE KINGSWAY,02,1977,22,2025,2025-11-12,97.0,green,OP0209,FUTURE WEST LIVING
4156090,110 ERSKINE AVE,15,1972,227,2025,2025-10-02,99.0,green,OP0034,HOMESTEAD LAND HOLDINGS LIMITED
4156098,10 BEXHILL CRT,02,1952,13,2025,2025-08-21,96.0,green,OP0033,REALSTAR
4156099,12 BEXHILL CRT,02,1952,14,2026,2026-07-15,98.0,green,OP0033,REALSTAR
4156101,143 ARLINGTON AVE,12,1930,28,2026,2026-08-05,89.0,green,OP0028,AKELIUS CANADA LTD
4156102,35 WARRENDER AVE,02,1968,108,2025,2025-10-20,96.0,green,OP0060,PRINCESS MANAGEMENT
4156104,75 WINDERMERE AVE,04,1962,52,2026,2026-09-03,95.0,green,OP0022,GREENWIN CORP.
4156107,201 SHERBOURNE ST,13,1975,225,2026,2026-07-31,93.0,green,unattributed,
4156108,2525 LAKE SHORE BLVD W,03,1952,34,2026,2026-08-13,95.0,green,OP0093,CAPREIT LIMITED PARTNERSHIP
4156114,1457 KINGSTON RD,20,1940,15,2026,2026-08-13,90.0,green,OP0005,1034523 ONTARIO LTD
4156115,11 CROWN HILL PL,03,1953,26,2026,2026-09-30,94.0,green,OP0202,MODEL BUILDING MAINTENANCE INC
4156118,325 BLEECKER ST,13,1969,327,2025,2025-11-10,84.0,yellow,OP0022,GREENWIN CORP.
4156122,75 TALARA DR,17,1970,66,2025,2025-08-13,97.0,green,OP0029,CAPREIT
4156131,24 LEITH HILL RD,17,1966,224,2026,2026-10-05,89.0,green,OP0160,KIPLING RESIDENTIAL MANAGEMENT INC
4156136,2319 MCNICOLL AVE,23,1993,130,2025,2025-10-01,98.0,green,OP0722,YEE HONG CHINESE EVERGREEN NON-PROFIT HOMES ( METRO TORONTO) CORP
4156137,19 DURNFORD RD,25,1992,28,2026,2026-08-17,83.0,yellow,unattributed,
4156138,21 DURNFORD RD,25,1992,21,2025,2025-09-22,86.0,green,unattributed,
4156139,39 DURNFORD RD,25,1992,14,2025,2025-10-21,88.0,green,unattributed,
4156140,45 CUMMER AVE,18,1996,53,2025,2025-11-18,94.0,green,OP0004,COMMUNITY FIRST DEVELOPMENTS INC.
4156153,7 RICHGROVE DR,01,1969,129,2025,2025-11-26,99.0,green,OP0055,MINTO PROPERTIES INC.
4156154,111 CHESTNUT ST,10,1987,144,2026,2026-09-18,90.0,green,OP0023,TCH
4156156,322 EGLINTON AVE E,15,1969,207,2025,2025-11-05,100.0,green,OP0065,KG GROUP
4156163,50 HOLLY ST,12,1967,145,2025,2025-11-19,91.0,green,OP0723,GULF PACIFIC PROPERTY MANAGEMENT
4156164,4 BEXHILL CRT,02,1952,13,2026,2026-07-14,99.0,green,OP0033,REALSTAR
4156167,92 JAMES ST,03,1960,34,2025,2025-07-07,95.0,green,OP0022,GREENWIN CORP.
4156172,1 TERRAVIEW BLVD,21,1960,104,2026,2026-08-18,96.0,green,OP0036,RANEE MANAGEMENT
4156176,7 STAG HILL DR,19,1953,37,2025,2025-08-27,94.0,green,OP0022,GREENWIN CORP.
4156181,285 SHUTER ST,13,1964,300,2025,2025-11-06,78.0,yellow,OP0023,TCH
4156182,80 BLAKE ST,14,1969,190,2026,2026-09-10,94.0,green,OP0023,TCH
4156195,415 DRIFTWOOD AVE,07,1967,135,2026,2026-09-21,92.0,green,OP0023,TCH
4156200,625 FINCH AVE W,06,1987,123,2025,2025-10-06,95.0,green,OP0040,H&R PROPERTY MANAGEMENT
4156206,2 BRAHMS AVE,17,1971,164,2025,2025-08-16,93.0,green,OP0023,TCH
4156208,121 KENDLETON DR,01,1965,194,2026,2026-09-29,94.0,green,OP0023,TCH
4156225,4754 DUNDAS ST W,02,1950,14,2025,2025-10-16,97.0,green,OP0215,1564534 ONTARIO LTD
4156229,30 HILLSBORO AVE,11,1965,196,2025,2025-10-08,91.0,green,OP0026,BRIARLANE RENTAL PROPERTY MANAGEMENT INC.
4156232,101 HUMBER BLVD,05,1969,246,2026,2026-08-11,91.0,green,OP0023,TCH
4156233,10 ROANOKE RD,16,1962,101,2025,2025-06-23,97.0,green,OP0109,QUADREAL RESIDENTIAL PROPERTIES G.P. INC.
4156236,1475 KINGSTON RD,20,1940,14,2025,2025-08-07,88.0,green,OP0005,1034523 ONTARIO LTD
4156237,1469 KINGSTON RD,20,1940,15,2026,2026-08-13,87.0,green,OP0005,1034523 ONTARIO LTD
4156240,30 EPPLEWORTH RD,20,1969,45,2026,2026-07-14,86.0,green,OP0041,DEL MANAGMENT
4156242,4201 KINGSTON RD,24,1985,41,2025,2025-09-27,86.0,green,OP0228,GABRIEL DUMONT NON-PROFIT HOMES
4156247,85 SILVER BIRCH AVE,19,1920,16,2026,2026-08-24,92.0,green,OP0037,COGIR REAL ESTATE
4156249,22 PELL ST,20,1960,10,2026,2026-09-10,90.0,green,OP0221,PELL HOMES REAL ESTATE INC
4156250,295 SHUTER ST,13,1964,300,2024,2024-06-18,85.0,green,OP0023,TCH
4156252,205 MORNINGSIDE AVE,25,1961,107,2025,2025-10-15,95.0,green,OP0027,SIGNET GROUP INC.
4156254,1445 KINGSTON RD,20,1940,14,2026,2026-08-13,88.0,green,OP0005,1034523 ONTARIO LTD
4156258,4 FOREST LANEWAY,18,1975,277,2025,2025-08-20,90.0,green,OP0285,TANDEM PROPERTY MANAGEMENT INC
4156266,35 DURNFORD RD,25,1992,21,2025,2025-10-21,84.0,yellow,unattributed,
4156268,49 GILDER DR,21,1970,66,2025,2025-09-02,95.0,green,OP0023,TCH
4156285,319 THE KINGSWAY,02,1956,21,2026,2026-06-26,90.0,green,OP0090,"MANTLER, BOWMAN AND ASSOCIATES INC."
4156287,2 CONNAUGHT CRCL,12,1930,15,2026,2026-10-02,84.0,yellow,OP0026,BRIARLANE RENTAL PROPERTY MANAGEMENT INC.
4156288,11 THIRTY THIRD ST,03,1970,23,2025,2025-07-10,97.0,green,OP0081,CENTRAL ERIN PROPERTY MANAGEMENT
4156289,4752 DUNDAS ST W,02,1950,14,2025,2025-10-16,97.0,green,OP0215,1564534 ONTARIO LTD
4156290,357 RUSHOLME RD,09,1969,267,2026,2026-07-24,95.0,green,OP0025,STERLING KARAMAR PROPERTY MANAGEMENT
4156293,111 RIDELLE AVE,08,1967,139,2026,2026-08-12,96.0,green,OP0030,DMS PROPERTY MANAGEMENT LTD.
4156294,90 HEATH ST W,12,1959,37,2025,2025-11-14,93.0,green,OP0052,HOLLYBURN PROPERTIES LTD
4156295,1765 WESTON RD,05,1967,246,2025,2025-11-27,82.0,yellow,OP0316,WESTON PROPERTY MANAGEMENT
4156296,33 HOLLY ST,12,1963,162,2025,2025-07-17,97.0,green,OP0054,COMPTEN MANAGEMENT INC.
4156297,25 WARRENDER AVE,02,1968,126,2025,2025-10-20,96.0,green,OP0060,PRINCESS MANAGEMENT
4156298,170 VANAULEY WALK,10,1969,40,2026,2026-08-28,88.0,green,OP0724,ATIKSON CO-OP
4156303,108 GOODWOOD PARK CRT,19,1961,120,2025,2025-08-13,93.0,green,OP0036,RANEE MANAGEMENT
4156305,3218 ST CLAIR AVE E,20,1952,16,2026,2026-09-15,95.0,green,OP0163,EXCEL PROPERTY MANAGEMENT
4156306,3222 ST CLAIR AVE E,20,1952,16,2025,2025-09-05,92.0,green,OP0163,EXCEL PROPERTY MANAGEMENT
4156313,3181 EGLINTON AVE E,20,1965,103,2026,2026-07-09,81.0,yellow,OP0041,DEL MANAGMENT
4156314,11 CRESCENT PL,19,1971,159,2025,2025-08-05,92.0,green,OP0043,PINEDALE PROPERTIES LTD
4156316,444 LUMSDEN AVE,19,1969,183,2025,2025-06-27,85.0,green,OP0041,DEL MANAGMENT
4156319,250 BRENYON WAY,25,1979,208,2025,2025-10-25,92.0,green,OP0030,DMS PROPERTY MANAGEMENT LTD.
4156323,4001 BAYVIEW AVE,17,1971,234,2026,2026-09-25,92.0,green,OP0025,STERLING KARAMAR PROPERTY MANAGEMENT
4156324,2000 SHEPPARD AVE W,07,1972,266,2024,2024-09-26,91.0,green,unattributed,
4156325,3328 WESTON RD,07,1960,93,2025,2025-08-07,90.0,green,OP0045,CANDO APARTMENTS LTD.
4156337,190 EXBURY RD,06,1970,154,2025,2025-10-02,91.0,green,OP0025,STERLING KARAMAR PROPERTY MANAGEMENT
4156339,23 DURNFORD RD,25,1992,14,2025,2025-09-22,87.0,green,unattributed,
4156342,1600 SANDHURST CRCL,23,1979,238,2025,2025-09-29,93.0,green,OP0026,BRIARLANE RENTAL PROPERTY MANAGEMENT INC.
4156354,45 OAKMOUNT RD,04,1965,221,2024,2024-08-06,87.0,green,OP0070,BEAUX PROPERTIES MANAGEMENT
4156355,9 BERGAMOT AVE,01,1960,73,2024,2024-09-09,91.0,green,OP0043,PINEDALE PROPERTIES LTD
4156357,314 THE KINGSWAY,02,1954,22,2024,2024-09-04,86.0,green,OP0111,LAW PROPERTY MANAGEMENT
4156358,2089 LAWRENCE AVE W,05,1960,121,2026,2026-09-11,82.0,yellow,OP0022,GREENWIN CORP.
4156359,2099 LAWRENCE AVE W,05,1960,121,2025,2025-11-27,83.0,yellow,OP0022,GREENWIN CORP.
4156361,600 ROGERS RD,05,1990,207,2026,2026-08-05,90.0,green,OP0023,TCH
4156362,1582 BATHURST ST,12,1950,33,2025,2026-08-18,87.0,green,OP0725,ELLSBIRCH LIMITED
4156365,141 LYON CRT,08,1967,142,2025,2025-10-15,93.0,green,OP0030,DMS PROPERTY MANAGEMENT LTD.
4156366,200 ELLSWORTH AVE,12,1982,18,2025,2025-11-27,86.0,green,OP0238,ST MATTHEWS BRACONDALE HOUSE
4156367,4 GREENBROOK DR,05,1954,23,2025,2025-11-25,94.0,green,unattributed,
4156370,5 BEXHILL CRT,02,1952,13,2025,2025-08-21,95.0,green,OP0033,REALSTAR
4156371,10 MAPLE LEAF DR,05,1992,150,2026,2026-09-17,86.0,green,unattributed,
4156373,58 WATERTON RD,02,1963,47,2025,2025-11-02,94.0,green,OP0041,DEL MANAGMENT
4156374,257 SHERBOURNE ST,13,1975,102,2026,2026-10-01,91.0,green,OP0023,TCH
4156379,1449 KINGSTON RD,20,1940,14,2026,2026-08-25,62.0,red,OP0005,1034523 ONTARIO LTD
4156380,225 COSBURN AVE,14,1965,95,2024,2024-07-06,89.0,green,OP0036,RANEE MANAGEMENT
4156383,106 GOODWOOD PARK CRT,19,1961,129,2025,2025-08-13,95.0,green,OP0036,RANEE MANAGEMENT
4156385,1481 KINGSTON RD,20,1940,15,2026,2026-08-25,75.0,yellow,OP0005,1034523 ONTARIO LTD
4156386,15 BROOKBANKS DR,16,1967,148,2025,2025-07-22,95.0,green,OP0033,REALSTAR
4156387,45 TRUDELLE ST,21,1963,66,2025,2025-10-29,86.0,green,OP0003,GOLDEN EQUITY PROPERTIES
4156388,35 TRUDELLE ST,21,1963,84,2026,2026-07-16,66.0,red,OP0003,GOLDEN EQUITY PROPERTIES
4156390,2739 VICTORIA PARK AVE,22,1971,203,2025,2025-09-08,90.0,green,OP0023,TCH
4156391,1290 DANFORTH RD,21,1978,179,2025,2025-10-22,98.0,green,unattributed,
4156399,5 BROOKBANKS DR,16,1968,124,2025,2025-07-22,94.0,green,OP0033,REALSTAR
4156401,10 CROWN HILL PL,03,1953,26,2025,2025-12-08,97.0,green,OP0202,MODEL BUILDING MAINTENANCE INC
4156414,623 FINCH AVE W,06,1983,141,2025,2025-10-06,94.0,green,OP0040,H&R PROPERTY MANAGEMENT
4156415,43 GENERATION BLVD,25,1975,12,2025,2025-09-19,84.0,yellow,OP0062,MORGUARD RESIDENTIAL
4156416,109 GENERATION BLVD,25,1975,12,2026,2026-07-21,80.0,yellow,OP0062,MORGUARD RESIDENTIAL
4156417,41 GENERATION BLVD,25,1975,12,2025,2025-09-19,80.0,yellow,OP0062,MORGUARD RESIDENTIAL
4156419,215 GOSFORD BLVD,07,1974,154,2025,2025-10-22,96.0,green,OP0216,RONKAY MANAGEMENT INC.
4156420,365 GRANDRAVINE DR,07,1971,118,2026,2026-09-30,90.0,green,OP0317,FRED HAGEMAN'S HOLDINGS LTD.
4156429,5 BRAHMS AVE,17,1971,178,2025,2025-08-16,89.0,green,OP0023,TCH
4156430,7 ARLETA AVE,07,1972,201,2025,2025-09-05,96.0,green,OP0023,TCH
4156433,111 PACIFIC AVE,04,1968,243,2026,2026-07-20,96.0,green,OP0055,MINTO PROPERTIES INC.
4156439,33 GABIAN WAY,05,1993,248,2025,2025-11-25,99.0,green,unattributed,
4156441,201 VAUGHAN RD,12,2009,30,2025,2025-08-13,89.0,green,OP0292,7774001 CANADA INC.
4156446,140 ERSKINE AVE,15,1972,495,2026,2026-10-02,96.0,green,OP0034,HOMESTEAD LAND HOLDINGS LIMITED
4156447,292 THE KINGSWAY,02,1977,22,2026,2026-09-03,96.0,green,OP0209,FUTURE WEST LIVING
4156448,310 THE KINGSWAY,02,1954,22,2024,2024-08-16,87.0,green,OP0111,LAW PROPERTY MANAGEMENT
4156449,245 C HOWLAND AVE,11,1920,25,2025,2025-10-06,96.0,green,OP0080,SITELINE RESIDENTIAL MANAGEMENT INC.
4156450,11 BERGAMOT AVE,01,1960,130,2025,2025-07-22,85.0,green,OP0043,PINEDALE PROPERTIES LTD
4156451,25 BERGAMOT AVE,01,1960,73,2025,2025-07-22,86.0,green,OP0043,PINEDALE PROPERTIES LTD
4156455,20 EPPLEWORTH RD,20,1969,36,2025,2025-06-24,88.0,green,OP0041,DEL MANAGMENT
4156459,39 PARKCREST DR,20,1976,134,2026,2026-10-01,95.0,green,OP0726,MYRIAD PROPERTY MANAGENT
4156461,265 CASSANDRA BLVD,16,1965,164,2026,2026-06-17,91.0,green,OP0049,M&R PROPERTY MANAGEMENT
4156468,10 GORDONRIDGE PL,20,1972,217,2025,2025-06-26,84.0,yellow,OP0023,TCH
4156469,3379 LAWRENCE AVE E,24,1992,48,2026,2026-10-05,94.0,green,OP0004,COMMUNITY FIRST DEVELOPMENTS INC.
4156471,1545 BIRCHMOUNT RD,21,1960,37,2026,2026-07-14,76.0,yellow,OP0057,NORTH 44 PROPERTY MANAGEMENT INC
4156480,90 PARMA CRT,19,1966,92,2025,2025-07-07,93.0,green,OP0023,TCH
4156483,5 WAKUNDA PL,19,1967,198,2025,2025-06-25,90.0,green,OP0023,TCH
4156484,35 BROOKWELL DR,06,1965,76,2025,2025-07-21,90.0,green,OP0044,GOLD SEAL MANAGEMENT INC.
4156491,45 GENERATION BLVD,25,1975,12,2025,2025-10-31,89.0,green,OP0062,MORGUARD RESIDENTIAL
4156492,235 GOSFORD BLVD,07,1974,131,2025,2025-10-22,98.0,green,OP0216,RONKAY MANAGEMENT INC.
4156493,355 GRANDRAVINE DR,07,1971,118,2026,2026-09-30,90.0,green,OP0317,FRED HAGEMAN'S HOLDINGS LTD.
4156494,4750 JANE ST,07,1974,131,2025,2025-10-21,94.0,green,OP0216,RONKAY MANAGEMENT INC.
4156495,14 CARLUKE CRES,15,1962,101,2025,2025-10-30,96.0,green,OP0043,PINEDALE PROPERTIES LTD
4156504,41 BROOKWELL DR,06,1966,38,2025,2025-07-21,95.0,green,OP0044,GOLD SEAL MANAGEMENT INC.
4156510,720 TRETHEWEY DR,05,1974,204,2026,2026-08-04,78.0,yellow,OP0041,DEL MANAGMENT
4156512,32 BROOKWELL DR,06,1964,38,2025,2025-07-21,90.0,green,OP0044,GOLD SEAL MANAGEMENT INC.
4156514,7 O'HARA AVE,04,1970,16,2026,2026-09-25,90.0,green,OP0132,KPM KINGSWAY PROPERTY MANAGEMENT
4156516,85 SILVER SPRINGS BLVD,22,1978,133,2026,2026-09-14,79.0,yellow,OP0024,METCAP LIVING MANAGEMENT INC.
4156521,65 SILVER SPRINGS BLVD,22,1978,88,2026,2026-09-14,86.0,green,OP0024,METCAP LIVING MANAGEMENT INC.
4156523,4750 DUNDAS ST W,02,1950,14,2025,2025-10-16,97.0,green,OP0215,1564534 ONTARIO LTD
4156530,927-931 WILSON AVE,06,1960,36,2026,2026-07-28,98.0,green,OP0727,MID-WILSON APTS LTD
4156531,7-9 ROANOKE RD,16,1963,113,2026,2026-09-21,94.0,green,OP0029,CAPREIT
4156532,53 WIDDICOMBE HILL BLVD,02,1975,139,2024,2024-08-02,91.0,green,OP0109,QUADREAL RESIDENTIAL PROPERTIES G.P. INC.
4156533,75 SILVER SPRINGS BLVD,22,1978,153,2025,2025-10-25,92.0,green,OP0024,METCAP LIVING MANAGEMENT INC.
4156547,92 CARLTON ST,13,2010,110,2025,2025-11-14,98.0,green,OP0022,GREENWIN CORP.
4156548,65 LILLIAN ST,12,2010,141,2025,2025-11-12,92.0,green,unattributed,
4156549,88 REDPATH AVE,12,1965,186,2026,2026-09-14,94.0,green,unattributed,
4156554,3947 LAWRENCE AVE E,24,1970,238,2026,2026-07-16,94.0,green,OP0053,DEL MANAGEMENT
4156555,3945 LAWRENCE AVE E,24,1970,20,2025,2025-09-15,73.0,yellow,OP0053,DEL MANAGEMENT
4156556,3943 LAWRENCE AVE E,24,1970,15,2025,2025-10-31,87.0,green,OP0053,DEL MANAGEMENT
4156557,3941 LAWRENCE AVE E,24,1970,33,2026,2026-07-15,74.0,yellow,OP0053,DEL MANAGEMENT
4156558,3967 LAWRENCE AVE E,24,1970,102,2024,2024-07-31,87.0,green,OP0027,SIGNET GROUP INC.
4156561,485 PATRICIA AVE,18,2012,240,2025,2025-08-22,97.0,green,OP0115,MYRIAD PROPERTY MANAGEMENT
4156564,11 RUDDINGTON DR,17,1968,155,2026,2026-08-17,92.0,green,OP0059,THE BROWN GROUP OF COMPANIES INC.
4156565,15 HARDING AVE,05,1968,335,2025,2025-11-25,78.0,yellow,OP0035,MEDALLION CORPORATION
4156567,1101 BAY ST,13,1979,265,2026,2026-06-24,88.0,green,OP0073,BENTALLGREENOAK
4156573,18 BROWNLOW AVE,12,1964,185,2026,2026-08-17,98.0,green,OP0728,18 BROWNLOW HOLDINGS LTD
4156579,1202 YORK MILLS RD,16,1967,219,2025,2025-09-05,99.0,green,OP0025,STERLING KARAMAR PROPERTY MANAGEMENT
4156580,1200 YORK MILLS RD,16,1967,222,2025,2025-09-05,98.0,green,OP0025,STERLING KARAMAR PROPERTY MANAGEMENT
4156581,6061 YONGE ST,18,1968,304,2024,2024-06-26,92.0,green,OP0049,M&R PROPERTY MANAGEMENT
4156583,60 CALLOWHILL DR,02,1968,141,2026,2026-10-06,96.0,green,OP0305,SUMMIT HOLDINGS
4156586,855 MILLWOOD RD,15,1960,22,2025,2025-08-11,89.0,green,OP0038,HANNAH PROPERTY MANAGEMENT LTD.
4156593,12 KINGSTON RD,19,1970,16,2026,2026-08-31,94.0,green,OP0051,FIRM CAPITAL PROPERTIES INC
4156594,10 KINGSTON RD,19,1970,16,2025,2025-07-21,91.0,green,OP0051,FIRM CAPITAL PROPERTIES INC
4156597,4 KINGSTON RD,19,1970,16,2026,2026-08-18,92.0,green,OP0051,FIRM CAPITAL PROPERTIES INC
4156598,180 SUDBURY ST,09,2011,190,2024,2024-09-05,82.0,yellow,OP0146,ST. CLARE'S MULTIFAITH HOUSING SOCIETY
4156601,1 OAK ST,13,2010,84,2026,2026-07-13,84.0,yellow,OP0021,TORONTO COMMUNITY HOUSING CORPORATION
4156607,30 AURORA CRT,22,1974,167,2025,2025-09-09,96.0,green,OP0032,PARK PROPERTY MANAGEMENT INC.
4156610,32 ST DENNIS DR,15,1964,56,2025,2025-06-23,94.0,green,OP0026,BRIARLANE RENTAL PROPERTY MANAGEMENT INC.
4156611,2844 BLOOR ST W,03,1955,16,2024,2024-07-04,88.0,green,unattributed,
4156612,5 WINGREEN CRT,16,1956,22,2025,2025-11-20,93.0,green,OP0318,ASP SUNRISE LIMITED
4156613,8 WINGREEN CRT,16,1965,11,2025,2025-09-08,93.0,green,OP0001,TRIVEST DEVELOPMENTS CORPORATION
4156614,105 HARRISON GARDEN BLVD,18,2010,332,2026,2026-09-16,99.0,green,OP0065,KG GROUP
4156619,2 WINGREEN CRT,16,1965,11,2025,2025-09-08,92.0,green,OP0001,TRIVEST DEVELOPMENTS CORPORATION
4156620,1 WINGREEN CRT,16,1950,11,2025,2025-09-08,91.0,green,OP0001,TRIVEST DEVELOPMENTS CORPORATION
4156621,4900 BATHURST ST,06,1962,60,2026,2026-08-20,97.0,green,OP0025,STERLING KARAMAR PROPERTY MANAGEMENT
4156623,145 ARLINGTON AVE,12,1930,32,2026,2026-07-29,92.0,green,OP0028,AKELIUS CANADA LTD
4156624,20 AURORA CRT,22,1974,175,2025,2025-09-09,96.0,green,OP0032,PARK PROPERTY MANAGEMENT INC.
4156627,30 ST DENNIS DR,15,1964,56,2026,2026-06-23,93.0,green,OP0026,BRIARLANE RENTAL PROPERTY MANAGEMENT INC.
4156628,7 SUMMERLAND TER,03,2011,218,2026,2026-09-24,99.0,green,unattributed,
4156631,75 HALSEY AVE,19,1970,139,2025,2025-07-15,94.0,green,OP0311,REDWOOD PROPERTIES
4156634,9 WINGREEN CRT,16,1965,11,2025,2025-09-15,94.0,green,OP0729,TRIVEST DEV. CORPORATION
4156639,1761 SHEPPARD AVE E,17,2010,74,2026,2026-06-24,99.0,green,OP0034,HOMESTEAD LAND HOLDINGS LIMITED
4156640,34 ST DENNIS DR,15,1964,56,2025,2025-06-23,94.0,green,OP0026,BRIARLANE RENTAL PROPERTY MANAGEMENT INC.
4156642,1751 SHEPPARD AVE E,17,2010,74,2025,2025-07-21,99.0,green,OP0034,HOMESTEAD LAND HOLDINGS LIMITED
4156649,2846 BLOOR ST W,03,1955,16,2025,2025-12-02,95.0,green,unattributed,
4156650,138 BERRY RD,03,1954,22,2026,2026-09-15,93.0,green,OP0044,GOLD SEAL MANAGEMENT INC.
4156652,134 BERRY RD,03,1954,22,2026,2026-09-15,93.0,green,OP0044,GOLD SEAL MANAGEMENT INC.
4156653,136 BERRY RD,03,1954,22,2025,2025-11-25,94.0,green,OP0044,GOLD SEAL MANAGEMENT INC.
4156664,4301 KINGSTON RD,24,1972,419,2026,2026-07-14,92.0,green,OP0041,DEL MANAGMENT
4156704,2439 FINCH AVE W,07,1962,112,2025,2025-09-26,96.0,green,OP0044,GOLD SEAL MANAGEMENT INC.
4156706,230 SACKVILLE ST,13,2013,155,2026,2026-06-23,94.0,green,OP0023,TCH
4156711,100 LOWER OSSINGTON AVE,10,2013,179,2026,2026-09-11,93.0,green,OP0730,KILLAM APARTMENT REIT
4156712,40 LOWER RIVER ST.,13,2014,59,2026,2026-06-18,97.0,green,OP0023,TCH
4156719,359 DAVENPORT RD,11,1900,17,2026,2026-07-30,79.0,yellow,OP0319,741476 ONTARIO INC.
4156720,327 DIXON RD,02,1962,55,2026,2026-09-21,90.0,green,OP0731,D. RASCHILLA INVESTMENTS INC.
4156721,2515 EGLINTON AVE W,05,1950,34,2025,2025-11-25,76.0,yellow,OP0051,FIRM CAPITAL PROPERTIES INC
4156722,20 GRAYDON HALL DR,16,1968,305,2025,2025-07-21,78.0,yellow,OP0732,DEVONSHIRE PROPERTIES INC.
4156723,5 HARDING AVE,05,2008,184,2026,2026-08-28,93.0,green,OP0035,MEDALLION CORPORATION
4156725,160 JARVIS ST,13,2009,98,2026,2026-07-29,98.0,green,OP0733,THED SALVATION ARMY TORONTO HARBOURLIGHT MINISTRIES
4156726,40 OAK ST,13,2012,87,2025,2025-10-27,89.0,green,OP0734,FRED VICTOR
4156727,100 PARKWAY FOREST DR,17,1967,216,2026,2026-08-12,83.0,yellow,OP0031,HAZELVIEW PROPERTY SERVICES INC
4156733,135 NEPTUNE DR,08,1974,48,2026,2026-08-07,97.0,green,OP0023,TCH
4156734,145 NEPTUNE DR,08,1974,48,2026,2026-08-07,97.0,green,OP0023,TCH
4156735,155 NEPTUNE DR,08,1974,48,2025,2025-09-15,88.0,green,OP0023,TCH
4156736,135 EIGHTH ST,03,1951,47,2024,2024-07-17,93.0,green,OP0029,CAPREIT
4156737,148 ISLINGTON AVE,03,1951,38,2025,2025-07-24,91.0,green,OP0029,CAPREIT
4156738,170 ISLINGTON AVE,03,1951,47,2024,2024-07-17,94.0,green,OP0029,CAPREIT
4156740,10 ST DENNIS DR,16,1967,325,2025,2025-07-09,71.0,yellow,OP0735,10-12 ST DENNIS DRIVE LTD
4156744,36 ROSECLIFFE AVE,09,1945,26,2026,2026-08-19,82.0,yellow,OP0125,IPG MANAGEMENT GROUP
4156748,501 ADELAIDE ST E,13,2009,180,2025,2025-11-17,90.0,green,OP0022,GREENWIN CORP.
4156756,2468 EGLINTON AVE W,05,1989,210,2026,2026-08-19,83.0,yellow,OP0041,DEL MANAGMENT
4156772,180 SACKVILLE ST,13,2015,83,2026,2026-06-11,93.0,green,OP0023,TCH
4156791,876 LAWRENCE AVE E,16,1960,12,2025,2025-10-27,92.0,green,OP0163,EXCEL PROPERTY MANAGEMENT
4156792,878 LAWRENCE AVE E,16,1960,11,2026,2026-07-15,88.0,green,OP0163,EXCEL PROPERTY MANAGEMENT
4166721,8 CHICHESTER PL,22,2012,210,2025,2025-11-14,98.0,green,OP0059,THE BROWN GROUP OF COMPANIES INC.
4166732,80 FOREST MANOR RD,17,1965,287,2025,2025-08-13,99.0,green,OP0034,HOMESTEAD LAND HOLDINGS LIMITED
4166819,99 VAUGHAN RD,12,1991,106,2026,2026-07-23,98.0,green,OP0030,DMS PROPERTY MANAGEMENT LTD.
4166848,65 HIGH PARK AVE,04,1969,321,2025,2025-08-01,92.0,green,unattributed,
4166900,390 QUEENS QUAY W,10,1987,289,2026,2026-09-22,97.0,green,OP0026,BRIARLANE RENTAL PROPERTY MANAGEMENT INC.
4166942,50 CAMBRIDGE AVE,14,1967,275,2024,2024-09-26,94.0,green,OP0046,WESTDALE PROPERTIES
4166944,70 CAMBRIDGE AVE,14,1967,275,2025,2025-07-04,93.0,green,OP0046,WESTDALE PROPERTIES
4166992,1294 ISLINGTON AVE,03,1971,77,2025,2025-11-24,98.0,green,OP0052,HOLLYBURN PROPERTIES LTD
4166996,130 ROSEDALE VALLEY RD,11,1955,99,2025,2025-08-12,91.0,green,OP0034,HOMESTEAD LAND HOLDINGS LIMITED
4167451,125 QUEENS WHARF RD,10,1990,73,2026,2026-08-17,93.0,green,OP0022,GREENWIN CORP.
4167455,146 FORT YORK BLVD,10,2000,25,2026,2026-09-10,96.0,green,OP0022,GREENWIN CORP.
4167459,176 THE ESPLANADE,13,2006,220,2025,2025-11-13,95.0,green,OP0023,TCH
4167462,100 SPADINA RD,11,1969,216,2025,2025-08-19,79.0,yellow,OP0032,PARK PROPERTY MANAGEMENT INC.
4167463,184 RIVER ST,13,2006,54,2025,2026-07-16,93.0,green,OP0023,TCH
4167679,220 REDPATH AVE,15,2008,72,2025,2025-10-29,96.0,green,OP0046,WESTDALE PROPERTIES
4167680,259 SUMACH ST,13,2006,47,2025,2026-07-16,86.0,green,OP0023,TCH
4167686,2356 EGLINTON AVE E,21,1960,72,2025,2025-11-19,84.0,yellow,OP0224,2585276 ONTARIO LIMITED
4167688,29 GLEN EVEREST RD,20,1971,11,2025,2025-08-14,76.0,yellow,OP0075,MINT ASSET MANAGEMENT LTD
4167691,2956 KEELE ST,06,1960,11,2025,2025-10-27,92.0,green,unattributed,
4167693,326 AVENUE RD,12,1925,18,2025,2025-11-27,96.0,green,unattributed,
4167696,2248 KEELE ST,05,1955,11,2026,2026-07-13,76.0,yellow,unattributed,
4167698,40 ALEXANDER ST,13,1963,244,2025,2025-11-07,86.0,green,OP0152,GREENROCK PROPERTY MANAGEMENT LIMITED
4167699,50 ALEXANDER ST,13,1963,217,2025,2025-11-07,95.0,green,OP0320,BROOKFIELD PROPERTIES
4167700,55 MAITLAND PL,13,1963,244,2026,2026-08-11,89.0,green,OP0152,GREENROCK PROPERTY MANAGEMENT LIMITED
4167763,5 NEEDLE FIRWAY,07,1980,152,2025,2025-11-12,92.0,green,OP0023,TCH
4167764,544 BIRCHMOUNT RD,20,1969,131,2025,2025-09-11,92.0,green,OP0035,MEDALLION CORPORATION
4167765,550 BIRCHMOUNT RD,20,2011,153,2026,2026-09-03,83.0,yellow,OP0035,MEDALLION CORPORATION
4167767,710 TRETHEWEY DR,05,1974,369,2025,2025-11-03,87.0,green,OP0041,DEL MANAGMENT
4167772,49 HENRY LANE TER,10,1980,15,2025,2025-07-29,84.0,yellow,OP0023,TCH
4167788,25 GLEN EVEREST RD,20,1971,11,2025,2025-08-14,76.0,yellow,OP0075,MINT ASSET MANAGEMENT LTD
4168552,2625 KEELE ST,05,1968,10,2024,2024-08-30,87.0,green,unattributed,
4168721,870 WESTON RD,05,1956,11,2025,2025-11-20,98.0,green,OP0736,AMK 2000 HOLDINGS INC
4168793,25 CANYON AVE,06,1962,117,2026,2026-08-25,98.0,green,OP0034,HOMESTEAD LAND HOLDINGS LIMITED
4168796,24 THE LINKS RD,15,1963,95,2026,2026-10-05,93.0,green,OP0055,MINTO PROPERTIES INC.
4168798,170 BERRY RD,03,1956,22,2025,2025-10-09,93.0,green,OP0044,GOLD SEAL MANAGEMENT INC.
4168808,23 JANE ST,04,1955,18,2025,2025-07-31,86.0,green,unattributed,
4168942,345 DUFFERIN ST,10,1984,200,2025,2025-07-29,83.0,yellow,OP0030,DMS PROPERTY MANAGEMENT LTD.
4168986,30 HUMBERLINE DR,01,1984,176,2026,2026-10-05,87.0,green,OP0030,DMS PROPERTY MANAGEMENT LTD.
4168988,20 HUMBERLINE DR,01,1986,104,2025,2025-11-11,89.0,green,OP0030,DMS PROPERTY MANAGEMENT LTD.
4169109,1442 LAWRENCE AVE W,05,1967,214,2025,2025-11-21,75.0,yellow,OP0271,BARNEY RIVER
4169166,1674 EGLINTON AVE W,08,1960,40,2026,2026-09-30,96.0,green,unattributed,
4169173,1685 EGLINTON AVE W,12,1960,38,2025,2025-10-24,75.0,yellow,unattributed,
4169221,2701 EGLINTON AVE W,05,1953,49,2025,2025-11-24,96.0,green,OP0025,STERLING KARAMAR PROPERTY MANAGEMENT
4169264,80 ST CLAIR AVE W,12,1926,25,2025,2025-09-10,90.0,green,OP0038,HANNAH PROPERTY MANAGEMENT LTD.
4170952,330 AVENUE RD,12,1925,19,2026,2026-07-27,93.0,green,unattributed,
4171348,3488 YONGE ST,08,1937,22,2026,2026-06-25,88.0,green,unattributed,
4171374,570 BAY ST,10,2013,463,2026,2026-08-28,97.0,green,OP0184,CONCERT REALTY SERVICES LTD.
4171378,77 GERRARD ST W,11,1973,225,2026,2026-09-10,96.0,green,unattributed,
4171428,77 DAVISVILLE AVE,12,1970,483,2025,2025-08-08,87.0,green,OP0320,BROOKFIELD PROPERTIES
4171461,88 ERSKINE AVE,15,1970,491,2025,2025-10-02,92.0,green,OP0022,GREENWIN CORP.
4218633,77 ST CLAIR AVE E,12,1967,185,2025,2025-11-26,82.0,yellow,OP0149,AZURIA GROUP INCORPORATED
4219140,620 MARTIN GROVE RD,02,2011,236,2026,2026-09-30,100.0,green,OP0055,MINTO PROPERTIES INC.
4221280,6-10 WALMER RD,11,1965,131,2025,2025-08-18,90.0,green,OP0026,BRIARLANE RENTAL PROPERTY MANAGEMENT INC.
4221285,390 DAWES RD,19,1970,246,2025,2025-07-29,93.0,green,OP0026,BRIARLANE RENTAL PROPERTY MANAGEMENT INC.
4221299,1094 COLLEGE ST,09,1950,19,2025,2025-07-11,88.0,green,unattributed,
4221312,360 BLOOR ST W,11,1970,170,2025,2025-09-25,74.0,yellow,OP0137,MAPLE LEAF PROPERTY MANAGEMENT
4221322,48 GRENOBLE DR,16,1968,109,2025,2025-07-15,91.0,green,OP0026,BRIARLANE RENTAL PROPERTY MANAGEMENT INC.
4225861,2893 ST CLAIR AVE E,19,1960,12,2025,2025-11-05,99.0,green,OP0022,GREENWIN CORP.
4225867,2897 ST CLAIR AVE E,19,1960,12,2026,2026-09-16,91.0,green,OP0022,GREENWIN CORP.
4226533,60 FIFTEENTH ST,03,1958,11,2025,2025-07-17,97.0,green,OP0173,ALTO PROPERTIES INC.
4226941,781 THE QUEENSWAY,03,1993,66,2026,2026-10-06,98.0,green,OP0022,GREENWIN CORP.
4227299,4100 BATHURST ST,06,1962,37,2026,2026-07-23,95.0,green,OP0737,1013434 ONTARIO LIMITED
4228766,2218 QUEEN ST E,19,1905,16,2025,2025-11-04,92.0,green,unattributed,
4228864,2911 BAYVIEW AVE,17,1964,304,2024,2024-09-24,92.0,green,OP0119,QUADREAL PROPERTY GROUP
4228923,200 RIDLEY BLVD,08,1957,90,2024,2024-08-12,87.0,green,OP0027,SIGNET GROUP INC.
4229124,12 RUSHOLME DR,09,1955,29,2025,2025-06-16,96.0,green,OP0027,SIGNET GROUP INC.
4231973,1 CANYON AVE,06,1960,202,2025,2025-09-29,92.0,green,OP0045,CANDO APARTMENTS LTD.
4232579,53 GENERATION BLVD,25,1975,12,2026,2026-07-22,79.0,yellow,OP0062,MORGUARD RESIDENTIAL
4232583,51 GENERATION BLVD,25,1975,12,2025,2025-10-17,86.0,green,OP0062,MORGUARD RESIDENTIAL
4232587,49 GENERATION BLVD,25,1975,12,2025,2025-10-31,91.0,green,OP0062,MORGUARD RESIDENTIAL
4232592,53 WARRENDER AVE,02,1971,128,2025,2025-10-20,96.0,green,OP0060,PRINCESS MANAGEMENT
4232595,1139 ROYAL YORK RD,02,1963,90,2025,2025-11-24,98.0,green,OP0060,PRINCESS MANAGEMENT
4232598,1141 ROYAL YORK RD,02,1963,91,2026,2026-09-18,100.0,green,OP0060,PRINCESS MANAGEMENT
4232788,106 PARKWAY FOREST DR,17,2015,95,2025,2025-07-19,99.0,green,OP0034,HOMESTEAD LAND HOLDINGS LIMITED
4232789,125 PARKWAY FOREST DR,17,1970,287,2026,2026-06-24,96.0,green,OP0034,HOMESTEAD LAND HOLDINGS LIMITED
4232801,4 ANTRIM CRES,21,1989,65,2024,2024-10-01,93.0,green,OP0048,CENTURION PROPERTY ASSOCIATES INC.
4233146,1731 VICTORIA PARK AVE,21,1958,43,2026,2026-08-06,88.0,green,OP0048,CENTURION PROPERTY ASSOCIATES INC.
4233149,25 MARTHA EATON WAY,05,1980,318,2026,2026-09-22,87.0,green,OP0030,DMS PROPERTY MANAGEMENT LTD.
4233261,252 VICTORIA ST,13,2017,337,2026,2026-07-28,96.0,green,OP0738,OBEN PM INC.
4233264,50 GERRARD ST E,13,2007,188,2025,2025-12-04,98.0,green,OP0739,PEAKMADE CAMPUS CANADA
4233268,871 AVENUE RD,12,1951,10,2026,2026-08-20,96.0,green,OP0045,CANDO APARTMENTS LTD.
4233286,25 THUNDER GRV,23,1982,247,2026,2026-09-16,96.0,green,OP0030,DMS PROPERTY MANAGEMENT LTD.
4233290,29 SOUTH STATION ST,05,1984,128,2025,2025-12-12,78.0,yellow,OP0030,DMS PROPERTY MANAGEMENT LTD.
4233294,176 COWAN AVE,04,1983,127,2025,2025-06-18,100.0,green,OP0004,COMMUNITY FIRST DEVELOPMENTS INC.
4233307,31 TICHESTER RD,12,1986,174,2024,2024-08-19,85.0,green,OP0030,DMS PROPERTY MANAGEMENT LTD.
4233328,8 ST THOMAS ST,11,1926,16,2026,2026-08-11,89.0,green,OP0073,BENTALLGREENOAK
4233372,40 SOUDAN AVE,12,1975,66,2026,2026-09-24,97.0,green,OP0740,HOLLY-SOUDAN VENTURES INC.
4234487,300 THE KINGSWAY,02,1970,12,2026,2026-07-22,77.0,yellow,OP0085,CASTLEHILL PROPERTY MANAGEMENT
4235524,1920 YONGE ST,12,1996,102,2025,2025-11-26,86.0,green,OP0138,DAVPART INC
4236708,77 KEEWATIN AVE,15,2016,79,2025,2025-10-28,98.0,green,OP0022,GREENWIN CORP.
4237447,95 THORNCLIFFE PARK DR,15,1971,496,2024,2024-08-26,92.0,green,OP0103,MORGUARD CORPORATION
4240547,33 ORCHARD VIEW BLVD,08,1976,327,2026,2026-07-20,99.0,green,OP0029,CAPREIT
4240549,2190 WESTON RD,05,1962,76,2024,2024-08-16,84.0,yellow,OP0030,DMS PROPERTY MANAGEMENT LTD.
4240826,240 WELLESLEY ST E,13,1968,554,2026,2026-07-29,83.0,yellow,OP0121,WELLESLEY PARLIAMENT SQUARE LTD.
4240827,260 WELLESLEY ST E,13,1968,565,2025,2025-11-18,93.0,green,OP0121,WELLESLEY PARLIAMENT SQUARE LTD.
4241532,27 SHERWOOD AVE,15,1940,17,2025,2025-10-15,93.0,green,OP0205,SUMMA PROPERTY MANAGEMENT
4242011,131 BLOOR ST W,11,1963,157,2026,2026-09-02,90.0,green,OP0103,MORGUARD CORPORATION
4242360,1544 DUNDAS ST W,09,2016,95,2025,2025-07-21,96.0,green,OP0073,BENTALLGREENOAK
4243431,2801 JANE ST,07,1968,234,2024,2024-09-26,87.0,green,OP0022,GREENWIN CORP.
4243767,28 MAYNARD AVE,04,1900,20,2025,2025-06-17,94.0,green,OP0028,AKELIUS CANADA LTD
4243768,156 BARRINGTON AVE,19,1960,12,2025,2025-08-21,93.0,green,OP0741,1979017 ONTARIO INC.
4244521,255 MAIN ST,19,1969,128,2025,2025-07-28,93.0,green,OP0033,REALSTAR
4244523,265 MAIN ST,19,1970,293,2026,2026-08-21,95.0,green,OP0033,REALSTAR
4244526,275 MAIN ST,19,1971,324,2025,2025-07-28,95.0,green,OP0033,REALSTAR
4244530,35 ST DENNIS DR,16,1962,331,2026,2026-06-25,70.0,yellow,OP0025,STERLING KARAMAR PROPERTY MANAGEMENT
4244917,99 DAVISVILLE AVE,12,2017,179,2025,2025-07-23,99.0,green,OP0164,SHIPLAKE PROPERTIES LTD.
4244920,118 BALLIOL ST,12,2017,342,2025,2025-07-23,99.0,green,OP0164,SHIPLAKE PROPERTIES LTD.
4244923,60 ESTHER LORRIE DR,01,1963,97,2025,2025-09-10,98.0,green,OP0027,SIGNET GROUP INC.
4244929,70 ESTHER LORRIE DR,01,1963,97,2025,2025-09-10,98.0,green,OP0027,SIGNET GROUP INC.
4244932,310 TWEEDSMUIR AVE,12,2015,251,2024,2024-06-19,99.0,green,OP0103,MORGUARD CORPORATION
4244947,320 TWEEDSMUIR AVE,12,2014,336,2024,2024-09-16,97.0,green,OP0742,MORGUAR CORP.
4244973,925 BAY ST,13,2005,293,2026,2026-07-13,96.0,green,OP0103,MORGUARD CORPORATION
4245676,321 CHAPLIN CRES,12,1967,74,2026,2026-08-19,96.0,green,OP0029,CAPREIT
4245700,26 BALMORAL AVE,12,1930,28,2026,2026-07-30,94.0,green,OP0028,AKELIUS CANADA LTD
4245702,28 BALMORAL AVE,12,1930,27,2025,2025-11-17,92.0,green,OP0028,AKELIUS CANADA LTD
4245705,359 KIPLING AVE,03,1967,12,2025,2025-11-10,94.0,green,OP0743,MARS INVESTMENTS CO.
4246916,300 EGLINTON AVE E,15,1967,96,2026,2026-09-22,89.0,green,OP0025,STERLING KARAMAR PROPERTY MANAGEMENT
4250094,81 WILSON PARK RD,04,1922,16,2026,2026-07-07,86.0,green,unattributed,
4250261,1245 KING ST W,04,1987,39,2025,2025-07-08,89.0,green,OP0042,NEIGHBOURS COMMUNITY HOMES
4250262,805 BLOOR ST W,11,1989,24,2025,2025-09-25,86.0,green,OP0042,NEIGHBOURS COMMUNITY HOMES
4250265,153 BORDEN ST,11,1987,45,2025,2025-09-26,74.0,yellow,OP0042,NEIGHBOURS COMMUNITY HOMES
4250271,431 DUNDAS ST E,13,1991,37,2025,2025-10-03,92.0,green,OP0217,ST. JUDE COMMUNITY HOMES
4250288,305-307 PARLIAMENT ST,13,1989,10,2026,2026-08-10,92.0,green,OP0042,NEIGHBOURS COMMUNITY HOMES
4250524,10 CHICHESTER PL,22,1971,220,2026,2026-08-17,93.0,green,OP0059,THE BROWN GROUP OF COMPANIES INC.
4250529,2255 WESTON RD,05,1965,101,2026,2026-09-03,86.0,green,unattributed,
4250538,414 JARVIS ST,13,1960,35,2025,2025-06-27,87.0,green,OP0051,FIRM CAPITAL PROPERTIES INC
4250549,980 LAWRENCE AVE E,16,1958,64,2026,2026-07-07,97.0,green,OP0313,NIOT INVESTMENT HOLDINGS LIMITED
4250554,409 HURON ST,11,1898,42,2025,2025-09-22,53.0,red,OP0017,IMPRESSIONS GROUP
4250596,18 TICHESTER RD,12,1938,32,2026,2026-09-10,96.0,green,OP0031,HAZELVIEW PROPERTY SERVICES INC
4250600,22 TICHESTER RD,12,1938,32,2025,2025-07-30,91.0,green,OP0031,HAZELVIEW PROPERTY SERVICES INC
4250602,26 TICHESTER RD,12,1938,32,2026,2026-09-10,95.0,green,OP0031,HAZELVIEW PROPERTY SERVICES INC
4250612,1539 BATHURST ST,12,1943,32,2026,2026-09-10,98.0,green,OP0031,HAZELVIEW PROPERTY SERVICES INC
4250615,66 BROADWAY AVE,15,1965,357,2025,2025-11-10,91.0,green,OP0070,BEAUX PROPERTIES MANAGEMENT
4250622,1 A VERMONT AVE,11,1913,22,2026,2026-07-22,89.0,green,OP0090,"MANTLER, BOWMAN AND ASSOCIATES INC."
4250630,260 GAMBLE AVE,14,1950,24,2025,2025-07-31,98.0,green,OP0022,GREENWIN CORP.
4250634,2367 QUEEN ST E,19,1925,24,2025,2025-11-04,93.0,green,OP0022,GREENWIN CORP.
4250636,111 LAWTON BLVD,12,1957,152,2026,2026-09-12,88.0,green,OP0028,AKELIUS CANADA LTD
4250641,338-342 DONLANDS AVE,14,1949,36,2026,2026-09-30,94.0,green,OP0022,GREENWIN CORP.
4252919,9 THIRTY THIRD ST,03,1970,34,2026,2026-09-14,88.0,green,OP0081,CENTRAL ERIN PROPERTY MANAGEMENT
4252925,90 TWENTY FIFTH ST,03,1970,41,2026,2026-09-14,95.0,green,OP0081,CENTRAL ERIN PROPERTY MANAGEMENT
4253010,46 DELAWARE AVE,09,2007,14,2025,2025-07-14,83.0,yellow,OP0042,NEIGHBOURS COMMUNITY HOMES
4253806,1 ROSEDALE RD,11,1956,25,2025,2025-08-12,92.0,green,OP0038,HANNAH PROPERTY MANAGEMENT LTD.
4253819,841 MILLWOOD RD,15,1960,17,2024,2024-08-14,89.0,green,OP0038,HANNAH PROPERTY MANAGEMENT LTD.
4253833,1 CLAUDE AVE,04,1960,30,2025,2025-07-17,97.0,green,OP0028,AKELIUS CANADA LTD
4253901,20 COSBURN AVE,14,1963,30,2025,2025-09-03,85.0,green,OP0744,TRIOVEST REALTY ADVISORS INC.
4254270,139 EIGHTH ST,03,1960,47,2026,2026-09-28,95.0,green,OP0029,CAPREIT
4254274,143 EIGHTH ST,03,1960,47,2026,2026-09-28,92.0,green,OP0029,CAPREIT
4254276,147 EIGHTH ST,03,1960,52,2025,2025-07-24,91.0,green,OP0029,CAPREIT
4254280,2700 LAWRENCE AVE E,21,1957,111,2025,2025-09-18,92.0,green,OP0024,METCAP LIVING MANAGEMENT INC.
4255506,1 NEWHOLM RD,03,1957,27,2025,2025-11-11,96.0,green,OP0745,ADRIATIC APARTMENTS CORP.
4255508,55 LEE AVE,19,1955,12,2026,2026-08-11,93.0,green,OP0260,OLIVE CORP.
4255528,3 BIRCHLEA AVE,03,1950,10,2026,2026-08-26,95.0,green,OP0189,HD PROPERTY MANAGEMENT
4255529,97 NORTHCLIFFE BLVD,09,1910,10,2025,2025-07-09,95.0,green,unattributed,
4255532,1401 DUPONT ST,09,2006,171,2025,2025-07-22,72.0,yellow,OP0051,FIRM CAPITAL PROPERTIES INC
4255546,1407 DUPONT ST,09,2008,74,2026,2026-07-17,92.0,green,OP0051,FIRM CAPITAL PROPERTIES INC
4255628,50 SPADINA RD,11,2007,55,2025,2025-08-19,92.0,green,OP0025,STERLING KARAMAR PROPERTY MANAGEMENT
4255639,3892 BATHURST ST,06,1958,29,2026,2026-07-23,96.0,green,OP0025,STERLING KARAMAR PROPERTY MANAGEMENT
4255640,3894 BATHURST ST,06,1958,29,2025,2025-07-24,85.0,green,OP0025,STERLING KARAMAR PROPERTY MANAGEMENT
4257261,20 CARLTON ST,13,1979,216,2026,2026-08-27,93.0,green,OP0032,PARK PROPERTY MANAGEMENT INC.
4257265,95 DAVENPORT RD,11,1969,26,2025,2025-09-22,80.0,yellow,unattributed,
4257267,95 REDPATH AVE,12,1969,93,2026,2026-08-18,90.0,green,OP0054,COMPTEN MANAGEMENT INC.
4261157,103 SIXTEENTH ST,03,1957,10,2026,2026-09-02,77.0,yellow,OP0746,TERRY BURFORD
4261240,814 BROADVIEW AVE,14,1950,24,2026,2026-09-08,79.0,yellow,OP0001,TRIVEST DEVELOPMENTS CORPORATION
4261706,305 ROEHAMPTON AVE,15,2015,221,2025,2025-11-05,100.0,green,OP0065,KG GROUP
4261712,2 OAKBURN CRES,18,1945,11,2025,2025-08-20,98.0,green,OP0065,KG GROUP
4261713,4 OAKBURN CRES,18,1945,11,2024,2024-06-14,97.0,green,OP0065,KG GROUP
4261715,6 OAKBURN CRES,18,1945,11,2024,2024-06-14,98.0,green,OP0065,KG GROUP
4261716,8 OAKBURN CRES,18,1945,11,2025,2025-08-20,98.0,green,OP0065,KG GROUP
4261717,10 OAKBURN CRES,18,1945,11,2026,2026-08-20,99.0,green,OP0065,KG GROUP
4261719,12 OAKBURN CRES,18,1945,11,2026,2026-08-20,99.0,green,OP0065,KG GROUP
4263113,642 SHEPPARD AVE E,17,1970,126,2026,2026-07-30,86.0,green,OP0098,GWLRA RESIDENTIAL
4263115,644 SHEPPARD AVE E,17,1970,128,2026,2026-07-06,85.0,green,OP0098,GWLRA RESIDENTIAL
4264076,8 KINGSTON RD,19,1970,16,2026,2026-08-12,94.0,green,OP0051,FIRM CAPITAL PROPERTIES INC
4264078,6 KINGSTON RD,19,1970,16,2026,2026-08-12,97.0,green,OP0051,FIRM CAPITAL PROPERTIES INC
4264085,25 WOOD ST,13,1979,284,2025,2025-10-14,83.0,yellow,OP0032,PARK PROPERTY MANAGEMENT INC.
4264094,132 BERKELEY ST,13,2013,177,2025,2025-11-18,100.0,green,OP0184,CONCERT REALTY SERVICES LTD.
4264285,561 JARVIS ST,13,1900,30,2025,2025-06-20,90.0,green,OP0046,WESTDALE PROPERTIES
4264301,60 NORTH HILLS TER,16,1961,71,2025,2025-12-04,94.0,green,OP0113,BROSKO PROPERTY MANAGEMENT
4264913,1286 ISLINGTON AVE,03,1971,77,2026,2026-09-22,93.0,green,OP0052,HOLLYBURN PROPERTIES LTD
4264915,103 AVENUE RD,11,1959,124,2025,2025-09-30,86.0,green,OP0052,HOLLYBURN PROPERTIES LTD
4265057,2575 DANFORTH AVE,19,1970,335,2026,2026-08-21,98.0,green,OP0033,REALSTAR
4265577,425 DUNDAS ST E,13,2012,32,2025,2025-12-04,92.0,green,OP0321,NISHNAWBE HOMES INC
4265578,26 NORWOOD RD,19,1940,12,2025,2025-10-27,89.0,green,OP0321,NISHNAWBE HOMES INC
4266442,125 KENILWORTH AVE,19,1927,20,2025,2025-07-24,89.0,green,unattributed,
4268538,33 KING ST,05,1974,420,2025,2025-11-10,91.0,green,OP0066,RHAPSODY PROPERTY MANAGEMENT SERVICES
4268876,81 GILDER DR,21,1980,22,2024,2024-09-06,94.0,green,OP0023,TCH
4268877,83 GILDER DR,21,,24,2025,2025-09-02,96.0,green,unattributed,
4268878,85 GILDER DR,21,1980,22,2025,2025-09-02,95.0,green,OP0023,TCH
4269230,508 DANFORTH RD,20,1959,24,2025,2025-09-19,95.0,green,unattributed,
4269261,68 BERGAMOT AVE,01,2007,68,2026,2026-09-17,95.0,green,OP0185,YWCA TORONTO
4269313,996 DANFORTH RD,20,1958,20,2025,2025-09-16,90.0,green,OP0158,JENNIC INVESTMENTS INC.
4269318,998 DANFORTH RD,20,1958,21,2026,2026-08-27,93.0,green,OP0158,JENNIC INVESTMENTS INC.
4269412,2903 ST CLAIR AVE E,19,1960,12,2026,2026-07-28,92.0,green,OP0057,NORTH 44 PROPERTY MANAGEMENT INC
4269424,793 GERRARD ST E,14,1950,28,2025,2025-11-04,83.0,yellow,OP0747,NORTH44 PROPERTY MANAGEMENT INC
4269869,110 COTTONWOOD DR,16,1959,22,2025,2025-07-16,94.0,green,OP0047,O'SHANTER DEVELOPMENT COMPANY LTD.
4270170,88 BLOOR ST E,11,1972,336,2026,2026-09-22,95.0,green,OP0137,MAPLE LEAF PROPERTY MANAGEMENT
4270534,105 CLEMENT RD,02,1981,195,2025,2025-11-26,99.0,green,unattributed,
4270720,103 WEST LODGE AVE,04,1965,371,2025,2025-06-20,85.0,green,OP0031,HAZELVIEW PROPERTY SERVICES INC
4270721,105 WEST LODGE AVE,04,1965,371,2026,2026-09-04,81.0,yellow,OP0031,HAZELVIEW PROPERTY SERVICES INC
4272882,468 SUMMERHILL AVE,11,1952,17,2025,2025-09-22,90.0,green,OP0111,LAW PROPERTY MANAGEMENT
4273164,133 GAMBLE AVE,14,1960,27,2026,2026-08-13,77.0,yellow,OP0748,ROLIN REALTY LIMITED
4273205,67 GLOUCESTER ST,13,1911,15,2026,2026-08-25,89.0,green,OP0315,CHURCH 18 HOLDINGS INC.
4273905,575 PAPE AVE,14,1930,17,2026,2026-09-16,93.0,green,OP0749,D&D PROPERTY MANAGEMENT
4274213,20 VANAULEY ST,10,1986,135,2026,2026-10-01,93.0,green,OP0021,TORONTO COMMUNITY HOUSING CORPORATION
4274218,57 MABELLE AVE,03,1962,255,2026,2026-09-22,93.0,green,OP0041,DEL MANAGMENT
4274443,1845 GERRARD ST E,19,1950,20,2026,2026-09-22,95.0,green,OP0217,ST. JUDE COMMUNITY HOMES
4275806,2 WYCOMBE RD,06,1960,40,2025,2025-06-20,93.0,green,OP0159,1846022 ONTARIO LIMITED
4275811,10 WYCOMBE RD,06,1960,40,2025,2025-06-20,91.0,green,OP0159,1846022 ONTARIO LIMITED
4279693,332 CHISHOLM AVE,19,1952,12,2025,2025-08-20,87.0,green,unattributed,
4281257,1395 SHEPPARD AVE W,06,1960,40,2025,2025-06-26,91.0,green,OP0159,1846022 ONTARIO LIMITED
4281384,2404 QUEEN ST E,20,1937,20,2026,2026-07-31,92.0,green,unattributed,
4281915,6 BEXHILL CRT,02,1952,13,2025,2025-08-21,96.0,green,OP0033,REALSTAR
4281929,7 BEXHILL CRT,02,1952,13,2026,2026-07-15,96.0,green,OP0033,REALSTAR
4281930,8 BEXHILL CRT,02,1952,13,2026,2026-07-16,99.0,green,OP0033,REALSTAR
4281935,9 BEXHILL CRT,02,1952,13,2026,2026-07-15,99.0,green,OP0033,REALSTAR
4283407,20 PALACE ST,13,,108,2025,2025-12-04,96.0,green,OP0240,FRED VICTOR CENTRE
4283460,4 ANGLESEY BLVD,02,1950,20,2026,2026-08-10,98.0,green,unattributed,
4284986,9 CRESCENT PL,19,1971,587,2026,2026-08-24,96.0,green,OP0043,PINEDALE PROPERTIES LTD
4284996,60 PLEASANT BLVD,12,1969,163,2026,2026-09-17,96.0,green,OP0251,YONGE PLEASANT HOLDINGS LIMITED
4285160,3 WINGREEN CRT,16,1950,11,2026,2026-06-19,88.0,green,OP0001,TRIVEST DEVELOPMENTS CORPORATION
4285401,6 FOLCROFT AVE,20,1952,13,2026,2026-10-01,78.0,yellow,unattributed,
4285956,121 HUMBER BLVD,05,1968,215,2026,2026-08-07,91.0,green,OP0023,TCH
4285972,4110 LAWRENCE AVE E,24,1972,185,2025,2025-10-14,88.0,green,OP0041,DEL MANAGMENT
4285976,55 RANKIN CRES,09,1992,176,2025,2025-06-20,94.0,green,OP0023,TCH
4285984,252 SACKVILLE ST,13,2009,159,2025,2025-11-18,97.0,green,OP0023,TCH
4286235,8 BROADWAY AVE,15,1993,83,2026,2026-09-24,94.0,green,OP0023,TCH
4286239,12 BROADWAY AVE,15,1993,57,2026,2026-09-24,97.0,green,OP0023,TCH
4286252,45 ST LAWRENCE ST,13,1980,50,2026,2026-06-17,96.0,green,OP0023,TCH
4286254,585 KING ST E,13,2014,128,2025,2025-11-10,99.0,green,OP0021,TORONTO COMMUNITY HOUSING CORPORATION
4286257,69 HOLLY ST,12,1969,14,2026,2026-09-01,93.0,green,OP0023,TCH
4286259,127 ST PATRICK ST,10,1980,54,2026,2026-09-14,96.0,green,OP0023,TCH
4286261,2755 YONGE ST,15,1990,41,2026,2026-09-22,95.0,green,OP0023,TCH
4286276,51 GILDER DR,21,1980,22,2025,2025-09-02,91.0,green,OP0023,TCH
4286300,270 MILAN ST,13,2005,30,2025,2025-09-29,96.0,green,OP0217,ST. JUDE COMMUNITY HOMES
4287030,193 DOWLING AVE,04,1917,16,2026,2026-08-28,92.0,green,OP0180,SMARTSELL MARKETING
4287729,470 SUMMERHILL AVE,11,1952,17,2026,2026-08-06,95.0,green,OP0111,LAW PROPERTY MANAGEMENT
4288175,2861-2863 DUNDAS ST W,04,1960,16,2025,2025-08-26,92.0,green,unattributed,
4288282,2 VENA WAY,07,2017,272,2025,2025-10-20,98.0,green,OP0035,MEDALLION CORPORATION
4288285,6 VENA WAY,07,2016,186,2025,2025-10-20,99.0,green,OP0035,MEDALLION CORPORATION
4288287,10 VENA WAY,07,2016,176,2026,2026-07-13,98.0,green,OP0035,MEDALLION CORPORATION
4288472,75 COOPERAGE ST,13,2016,145,2025,2025-11-20,98.0,green,OP0082,WIGWAMEN INCORPORATED
4288743,78 PEMBROKE ST,13,1930,15,2025,2025-11-04,91.0,green,OP0118,AYKLER MANAGEMENT
4288751,1383 BATHURST ST,12,1918,30,2025,2025-07-25,70.0,yellow,OP0086,IMPERRA GENERAL MANAGEMENT
4288768,444 LOGAN AVE,14,1967,159,2024,2024-06-10,85.0,green,OP0002,WOODGREEN COMMUNITY HOUSING INC.
4288772,55 PAPE AVE,14,1996,60,2026,2026-09-16,87.0,green,OP0002,WOODGREEN COMMUNITY HOUSING INC.
4288787,2405 QUEEN ST E,19,1920,23,2026,2026-08-04,99.0,green,OP0087,WEST WOOD HOLDING INC
4288792,2401 QUEEN ST E,19,1920,21,2025,2025-10-15,84.0,yellow,OP0087,WEST WOOD HOLDING INC
4288796,2327 QUEEN ST E,19,1920,27,2026,2026-08-04,97.0,green,OP0246,WESTWOOD HOLDINGS INC.
4288799,2393 QUEEN ST E,19,1920,24,2025,2025-10-15,81.0,yellow,OP0087,WEST WOOD HOLDING INC
4288800,82 WILLOW AVE,19,1920,18,2026,2026-08-04,98.0,green,OP0087,WEST WOOD HOLDING INC
4288801,84 WILLOW AVE,19,1920,18,2025,2025-08-29,88.0,green,OP0087,WEST WOOD HOLDING INC
4288857,991 O'CONNOR DR,19,1950,12,2025,2025-11-18,93.0,green,OP0218,RADAR PROPERTY MANAGEMENT INC
4288860,1981 DUNDAS ST E,19,1958,12,2025,2025-11-18,86.0,green,unattributed,
4288923,2431 FINCH AVE W,07,1959,115,2025,2025-09-26,79.0,yellow,OP0179,OZ PROPERTY MANAGEMENT LTD
4289106,2252 KEELE ST,05,2002,15,2026,2026-07-13,91.0,green,unattributed,
4289265,150 ELIZABETH ST,11,2011,250,2025,2025-12-11,86.0,green,OP0185,YWCA TORONTO
4290884,5 ROSSEAU RD,06,1960,11,2024,2024-08-21,94.0,green,OP0126,RAM-LAND PROPERTY MANAGEMENT
4290959,25 ELIZABETH ST,03,1962,29,2025,2025-08-01,82.0,yellow,unattributed,
4290978,2305 LAKE SHORE BLVD W,03,1957,38,2026,2026-09-11,100.0,green,OP0072,FLORIRI VILLAGE INVESTMENTS INC
4290981,2307 LAKE SHORE BLVD W,03,1959,38,2025,2025-08-19,100.0,green,OP0072,FLORIRI VILLAGE INVESTMENTS INC
4293577,57 WIDDICOMBE HILL BLVD,02,1975,139,2024,2024-08-15,89.0,green,OP0109,QUADREAL RESIDENTIAL PROPERTIES G.P. INC.
4295059,2837 YONGE ST,15,1930,67,2025,2025-10-17,94.0,green,OP0131,NORTHVIEW APARTMENT REIT
4296586,699 EGLINTON AVE W,12,1950,27,2025,2025-07-30,94.0,green,OP0037,COGIR REAL ESTATE
4296588,701 EGLINTON AVE W,12,1950,32,2026,2026-08-26,93.0,green,OP0037,COGIR REAL ESTATE
4303769,63 CALLOWHILL DR,02,1968,112,2026,2026-07-17,78.0,yellow,OP0301,DIXON HOLDINGS
4316599,993 O'CONNOR DR,19,1951,12,2025,2025-11-18,93.0,green,OP0218,RADAR PROPERTY MANAGEMENT INC
4316602,995 O'CONNOR DR,19,1951,12,2025,2025-11-18,93.0,green,OP0218,RADAR PROPERTY MANAGEMENT INC
4317586,3015 QUEEN ST E,20,1954,15,2025,2025-07-09,92.0,green,OP0037,COGIR REAL ESTATE
4317588,3015 A QUEEN ST E,20,1954,15,2026,2026-07-22,95.0,green,OP0037,COGIR REAL ESTATE
4317589,3015 F QUEEN ST E,20,1954,15,2026,2026-07-21,98.0,green,OP0037,COGIR REAL ESTATE
4317590,3017 QUEEN ST E,20,1954,15,2025,2026-07-14,94.0,green,OP0037,COGIR REAL ESTATE
4317592,3017 B QUEEN ST E,20,1954,15,2026,2026-07-21,94.0,green,OP0037,COGIR REAL ESTATE
4317594,3017 G QUEEN ST E,20,1954,15,2026,2026-07-21,98.0,green,OP0037,COGIR REAL ESTATE
4320792,21 VAUGHAN RD,12,1975,173,2025,2025-08-26,96.0,green,OP0750,ST CLAIR PLACE
4326893,1135 O'CONNOR DR,19,1951,13,2025,2025-11-20,89.0,green,OP0200,NONE
4326897,1139 O'CONNOR DR,19,1951,12,2025,2025-11-24,88.0,green,unattributed,
4327367,12 ROSSEAU RD,06,1949,11,2025,2025-07-16,95.0,green,OP0030,DMS PROPERTY MANAGEMENT LTD.
4327919,382 DOVERCOURT RD,09,1960,18,2025,2025-07-18,74.0,yellow,OP0011,MCCOR MANAGEMENT (EAST) INC
4327922,394 DOVERCOURT RD,09,1924,20,2026,2026-07-21,53.0,red,OP0011,MCCOR MANAGEMENT (EAST) INC
4329035,14 ROSSEAU RD,06,1949,11,2025,2025-07-16,95.0,green,OP0030,DMS PROPERTY MANAGEMENT LTD.
4329037,16 ROSSEAU RD,06,1949,11,2024,2024-07-25,84.0,yellow,OP0030,DMS PROPERTY MANAGEMENT LTD.
4329040,18 ROSSEAU RD,06,1949,11,2024,2024-08-06,90.0,green,OP0030,DMS PROPERTY MANAGEMENT LTD.
4329041,20 ROSSEAU RD,06,1949,11,2024,2024-08-06,87.0,green,OP0030,DMS PROPERTY MANAGEMENT LTD.
4329042,22 ROSSEAU RD,06,1949,11,2024,2024-08-29,92.0,green,OP0030,DMS PROPERTY MANAGEMENT LTD.
4329043,24 ROSSEAU RD,06,1949,11,2024,2024-08-21,79.0,yellow,OP0030,DMS PROPERTY MANAGEMENT LTD.
4329455,485 DUPLEX AVE,08,1900,36,2026,2026-07-20,94.0,green,OP0001,TRIVEST DEVELOPMENTS CORPORATION
4331737,2511 GERRARD ST E,20,1954,11,2025,2025-09-30,92.0,green,OP0116,N/A
4332678,36 MAITLAND ST,13,1920,27,2025,2025-10-07,85.0,green,OP0031,HAZELVIEW PROPERTY SERVICES INC
4333368,545 SHERBOURNE ST,13,1977,300,2025,2025-11-03,82.0,yellow,OP0035,MEDALLION CORPORATION
4333382,555 SHERBOURNE ST,13,1978,292,2026,2026-07-09,93.0,green,OP0035,MEDALLION CORPORATION
4333386,561 SHERBOURNE ST,13,2018,369,2026,2026-07-09,96.0,green,OP0035,MEDALLION CORPORATION
4333391,565 SHERBOURNE ST,13,1978,514,2025,2025-11-04,83.0,yellow,OP0035,MEDALLION CORPORATION
4333863,2877 A ELLESMERE RD,24,1976,126,2026,2026-08-13,89.0,green,OP0751,BIRCH HOUSING
4356202,36 SPENCER AVE,04,2017,46,2026,2026-09-01,85.0,green,OP0752,PENNYLANE PROPERTIES
4356415,173 STEPHEN DR,03,1954,13,2025,2025-12-02,100.0,green,OP0092,GILINDO MARCOCCHIO LIMITED
4356717,177 STEPHEN DR,03,1954,44,2026,2026-10-05,90.0,green,OP0092,GILINDO MARCOCCHIO LIMITED
4356727,176 BERRY RD,03,1952,29,2024,2024-08-12,91.0,green,OP0092,GILINDO MARCOCCHIO LIMITED
4364249,9 STAG HILL DR,19,1953,15,2025,2025-08-27,94.0,green,OP0022,GREENWIN CORP.
4365723,2350 DUNDAS ST W,04,1976,457,2026,2026-09-15,96.0,green,OP0322,CRECCAL INVESTMENTS LTD
4365726,2360 DUNDAS ST W,04,1976,638,2025,2025-08-25,94.0,green,OP0322,CRECCAL INVESTMENTS LTD
4379646,1212 BLOOR ST W,09,1923,16,2025,2025-07-18,79.0,yellow,unattributed,
4408389,10 MOUNT ROYAL AVE,09,1913,12,2025,2025-06-19,82.0,yellow,OP0319,741476 ONTARIO INC.
4408585,130 MACPHERSON AVE,11,1948,26,2025,2025-07-29,75.0,yellow,OP0085,CASTLEHILL PROPERTY MANAGEMENT
4408652,69 BALDWIN ST,11,1927,17,2025,2026-07-24,98.0,green,OP0753,DPM2 LTD
4415696,432 JARVIS ST,13,1928,26,2025,2025-06-23,94.0,green,OP0219,1789331 ONTARIO LIMITED
4415827,438 JARVIS ST,13,1928,30,2025,2025-06-23,97.0,green,OP0219,1789331 ONTARIO LIMITED
4415833,120 MAITLAND ST,13,1928,24,2025,2025-10-20,89.0,green,OP0219,1789331 ONTARIO LIMITED
4418699,7 ROSSEAU RD,06,1955,11,2025,2025-06-17,96.0,green,OP0126,RAM-LAND PROPERTY MANAGEMENT
4451371,123 PARKWAY FOREST DR,17,2017,188,2026,2026-08-13,97.0,green,OP0066,RHAPSODY PROPERTY MANAGEMENT SERVICES
4457070,1127 O'CONNOR DR,19,1951,11,2025,2025-12-10,81.0,yellow,unattributed,
4457092,1131 O'CONNOR DR,19,1951,12,2025,2025-11-20,92.0,green,OP0754,TGIC INVESTMENTS
4457100,1157 O'CONNOR DR,19,1953,11,2025,2025-11-21,87.0,green,OP0323,NIVIST DEVELOPMENTS LTD
4457107,1153 O'CONNOR DR,19,1953,11,2025,2025-11-21,88.0,green,OP0323,NIVIST DEVELOPMENTS LTD
4457114,1161 O'CONNOR DR,19,1953,11,2026,2026-07-22,95.0,green,unattributed,
4458811,1143 O'CONNOR DR,19,1951,12,2025,2025-11-28,94.0,green,OP0755,FAMILY FM INC.
4462209,3738 ST CLAIR AVE E,20,1953,22,2025,2025-08-07,99.0,green,OP0082,WIGWAMEN INCORPORATED
4475546,763 WOODBINE AVE,19,2016,64,2026,2026-09-08,97.0,green,OP0033,REALSTAR
4476597,983 KINGSTON RD,19,1925,14,2026,2026-09-11,98.0,green,OP0117,EZ PROPERTY MANAGEMENT LTD
4476608,987 KINGSTON RD,19,1925,15,2025,2025-07-22,90.0,green,OP0117,EZ PROPERTY MANAGEMENT LTD
4479218,45 PEMBROKE ST,13,1951,12,2023,2023-08-15,77.0,yellow,unattributed,
4479579,419 COXWELL AVE,19,2003,44,2026,2026-08-07,100.0,green,OP0249,NEW FRONTIERS ABORIGINAL RESIDENTIAL CORPORATION
4480446,55 THORA AVE,20,2016,20,2025,2025-08-07,98.0,green,OP0082,WIGWAMEN INCORPORATED
4484430,39 TORRENS AVE,14,1954,28,2025,2025-06-19,93.0,green,OP0756,1455522 ONTARIO LTD
4495076,7 BIRCHLEA AVE,03,1955,13,2025,2025-07-14,90.0,green,unattributed,
4506245,9 BIRCHLEA AVE,03,1955,13,2026,2026-08-26,90.0,green,unattributed,
4506270,11 BIRCHLEA AVE,03,1955,13,2026,2026-07-09,85.0,green,unattributed,
4520827,20 ZACHARY CRT,08,2018,77,2025,2025-08-07,97.0,green,OP0021,TORONTO COMMUNITY HOUSING CORPORATION
4569135,135 SAMMON AVE,14,1956,11,2025,2025-12-14,94.0,green,OP0757,TOWN & COUNTRY PROPERTY MANAGERS
4575691,25 SELBY ST,13,2018,503,2025,2025-10-21,100.0,green,OP0324,TRICON
4589593,49 MC CAUL ST,10,,44,2025,2025-12-02,68.0,red,unattributed,
4594874,40 MEADOWGLEN PL,24,2019,146,2026,2026-08-04,94.0,green,OP0161,R A B PROPERTIES LIMITED
4604174,160 FLOYD AVE,14,1952,12,2025,2025-07-30,78.0,yellow,unattributed,
4620278,915 ST CLAIR AVE W,09,1929,18,2025,2025-07-08,83.0,yellow,OP0037,COGIR REAL ESTATE
4626360,25 MONTGOMERY AVE,08,2019,235,2025,2025-10-24,100.0,green,OP0165,RHAPSODY PROPERTY MANAGEMENT
4639099,22 JOHN ST,05,2018,369,2026,2026-09-16,98.0,green,OP0165,RHAPSODY PROPERTY MANAGEMENT
4653431,2178 QUEEN ST E,19,1965,21,2025,2025-11-03,94.0,green,OP0758,ASHBRIDGES PROPERTY MANAGEMENT
4654253,15 ROEHAMPTON AVE,12,2019,466,2026,2026-09-16,97.0,green,OP0066,RHAPSODY PROPERTY MANAGEMENT SERVICES
4697372,55 SMOOTH ROSE CRT,17,2019,301,2025,2025-07-22,98.0,green,OP0165,RHAPSODY PROPERTY MANAGEMENT
4706289,15 HUBBARD BLVD,19,1930,17,2026,2026-09-14,89.0,green,OP0069,LANDLORD PROPERTY & RENTAL MANAGEMENT INC
4716071,10 YORKWOODS GT,07,1972,58,2026,2026-08-18,93.0,green,OP0024,METCAP LIVING MANAGEMENT INC.
4716349,74 HUBBARD BLVD,19,1928,12,2025,2025-08-29,89.0,green,unattributed,
4774556,55 MUTUAL ST,13,1989,40,2026,2026-07-20,98.0,green,OP0759,G.C. RENTAL MANAGEMENT
4789395,571 PRINCE EDWARD DR N,03,2019,115,2025,2025-11-07,100.0,green,OP0030,DMS PROPERTY MANAGEMENT LTD.
4793995,55 MADISON AVE,11,1896,12,2026,2026-09-03,85.0,green,OP0760,SYLMAR INVESTMENTS INC
4813513,50 REGENT PARK BLVD,13,2018,155,2026,2026-06-19,92.0,green,unattributed,
4817599,595 ST CLAIR AVE W,12,1900,15,2026,2026-08-28,97.0,green,OP0077,ANCHOR PROPERTY MANAGERS INC
4820405,2513 LAKE SHORE BLVD W,03,1950,11,2025,2025-09-17,89.0,green,unattributed,
4830483,39 NIAGARA ST,10,2019,501,2025,2025-07-22,99.0,green,OP0055,MINTO PROPERTIES INC.
4848750,996 O'CONNOR DR,19,1954,18,2025,2025-11-19,93.0,green,OP0325,PRUDENCE MANAGEMENT INC.
4883232,111 COSBURN AVE,14,1955,36,2025,2025-11-07,96.0,green,OP0761,MPCT DIF COSBURN AVENUE GP INC.
4885483,2 ST THOMAS ST,11,2017,248,2025,2025-10-06,96.0,green,OP0073,BENTALLGREENOAK
4888759,990 O'CONNOR DR,19,1960,18,2026,2026-06-26,88.0,green,OP0762,TERA DITTA HOLDINGS INC.
4888762,994 O'CONNOR DR,19,1965,18,2026,2026-07-27,97.0,green,OP0763,O'CONNOR APTS LTD
4888795,1000 O'CONNOR DR,19,1951,12,2026,2026-07-17,99.0,green,unattributed,
4888798,1004 O'CONNOR DR,19,1958,12,2026,2026-07-27,97.0,green,unattributed,
4888799,1008 O'CONNOR DR,19,1953,12,2026,2026-07-20,88.0,green,unattributed,
4888801,1012 O'CONNOR DR,19,1954,12,2026,2026-07-21,90.0,green,OP0325,PRUDENCE MANAGEMENT INC.
4888802,1016 O'CONNOR DR,19,1980,12,2025,2025-11-20,87.0,green,OP0764,SOFIENE BOUSSELMI
4888803,1020 O'CONNOR DR,19,1959,12,2025,2025-11-26,92.0,green,OP0765,PARKFIELD PROPERTIES INC C/O PARKFIELD PROPERTIES
4888804,1024 O'CONNOR DR,19,,12,2026,2026-07-23,88.0,green,unattributed,
4890985,1100 KING ST W,10,2019,506,2026,2026-08-28,100.0,green,OP0766,RHAPSODY PROPERTY MANAGEMENT SERVICES - KINGS CLUB RESIDENCES INC.
4897867,99 GERRARD ST W,11,2020,275,2025,2025-12-04,99.0,green,unattributed,
4902355,2902 ST CLAIR AVE E,19,1960,12,2025,2025-12-05,93.0,green,unattributed,
4907186,35 GREENFIELD AVE,18,2020,361,2024,2024-06-11,98.0,green,OP0066,RHAPSODY PROPERTY MANAGEMENT SERVICES
4915028,484 SPADINA AVE,11,2021,166,2026,2026-09-08,99.0,green,OP0326,FITZROVIA REAL ESTATE INC
4915493,18 ERSKINE AVE,15,2020,315,2025,2025-09-29,100.0,green,OP0767,K&G APARTMENT HOLDINGS INC
4937758,424 YONGE ST,11,1940,210,2026,2026-09-01,97.0,green,OP0098,GWLRA RESIDENTIAL
5004754,230 COSBURN AVE,14,1960,30,2026,2026-08-24,79.0,yellow,OP0768,AVENUE HOLDINGS LTD.
5015812,44 CHARLES ST W,11,1972,793,2026,2026-10-01,93.0,green,OP0769,JLL
5025277,4 WINGREEN CRT,16,1950,11,2025,2025-09-08,95.0,green,OP0001,TRIVEST DEVELOPMENTS CORPORATION
5025280,10 WINGREEN CRT,16,1960,11,2025,2025-09-15,94.0,green,OP0770,TRIVEST DEVELOPMENTS COROPORATION
5025293,11 WINGREEN CRT,16,1950,11,2025,2025-09-15,96.0,green,OP0001,TRIVEST DEVELOPMENTS CORPORATION
5033221,51 MADISON AVE,11,1890,11,2025,2025-07-31,58.0,red,OP0018,51 MADISON TORONTO INCORPORATED
5035608,11 ORDNANCE ST,10,2021,246,2025,2025-07-24,100.0,green,OP0327,BENTALLGREENOAK RESIDENTIAL SERVICES
5035611,25 ORDNANCE ST,10,2021,333,2025,2025-07-24,100.0,green,OP0327,BENTALLGREENOAK RESIDENTIAL SERVICES
5046735,165 BATHURST ST,10,1918,47,2025,2025-07-29,79.0,yellow,OP0068,HAZELVIEW PROPERTIES
5051013,505 THE WEST MALL,02,1962,59,2025,2025-06-27,98.0,green,OP0268,PRESIDENTIAL MSH CORPORATION
5110249,200 REDPATH AVE,12,2022,349,2025,2025-07-29,100.0,green,OP0326,FITZROVIA REAL ESTATE INC
5118732,25 NICHOLAS AVE,13,2021,346,2025,2025-10-15,97.0,green,OP0771,DANIELS GATEWAY RENTALS
5132414,55 GERRARD ST W,11,2018,595,2025,2025-10-09,95.0,green,OP0098,GWLRA RESIDENTIAL
5144479,55 QUEBEC AVE,04,2020,264,2026,2026-09-21,96.0,green,OP0098,GWLRA RESIDENTIAL
5144485,50 HIGH PARK AVE,04,2021,264,2024,2024-08-13,92.0,green,unattributed,
5156008,267 BROCK AVE,09,1885,11,2025,2025-07-22,89.0,green,OP0027,SIGNET GROUP INC.
5156053,109 VAUGHAN RD,12,2018,51,2026,2026-07-24,99.0,green,OP0086,IMPERRA GENERAL MANAGEMENT
5156112,210 VAUGHAN RD,12,1958,25,2025,2025-08-13,90.0,green,OP0772,210 VAUGHAN QIAN HOLDING LTD.
5156127,33 WOOD ST,13,1972,240,2026,2026-09-03,95.0,green,OP0773,FIRST ELNOR HOLDINGS LTD
5156142,109 PEMBROKE ST,13,1889,20,2026,2026-08-19,83.0,yellow,OP0774,VIVIAN RAITSINIS
5156157,142 WELLESLEY STREET E,13,1928,34,2026,2026-06-30,80.0,yellow,OP0186,965441 ONTARIO LIMITED
5156165,568 BIRCHMOUNT RD,20,1960,61,2025,2025-09-12,96.0,green,OP0083,AYKLER REAL ESTATE INC.
5156182,140 WELLESLEY ST E,13,1928,32,2025,2025-11-06,91.0,green,OP0186,965441 ONTARIO LIMITED
5156753,389 CHURCH STREET,13,1972,120,2026,2026-07-22,93.0,green,unattributed,
5156767,3 FIELD SPARROWAY,17,1973,16,2025,2025-08-16,90.0,green,OP0021,TORONTO COMMUNITY HOUSING CORPORATION
5156779,5 FIELD SPARROWAY,17,1973,16,2026,2026-09-16,81.0,yellow,OP0021,TORONTO COMMUNITY HOUSING CORPORATION
5156801,7 FIELD SPARROWAY,17,1973,16,2025,2025-08-16,90.0,green,OP0021,TORONTO COMMUNITY HOUSING CORPORATION
5156810,11 FIELD SPARROWAY,17,1973,16,2026,2026-09-16,80.0,yellow,OP0021,TORONTO COMMUNITY HOUSING CORPORATION
5156814,13 FIELD SPARROWAY,17,1973,16,2025,2025-08-16,90.0,green,OP0021,TORONTO COMMUNITY HOUSING CORPORATION
5156815,15 FIELD SPARROWAY,17,1973,16,2025,2025-08-16,90.0,green,OP0021,TORONTO COMMUNITY HOUSING CORPORATION
5156871,2 TREE SPARROWAY,17,1973,16,2026,2026-09-11,84.0,yellow,OP0021,TORONTO COMMUNITY HOUSING CORPORATION
5157387,4 TREE SPARROWAY,17,1973,16,2026,2026-09-11,87.0,green,OP0021,TORONTO COMMUNITY HOUSING CORPORATION
5157421,6 TREE SPARROWAY,17,1973,16,2026,2026-09-11,87.0,green,OP0021,TORONTO COMMUNITY HOUSING CORPORATION
5157423,8 TREE SPARROWAY,17,1973,16,2025,2025-07-21,84.0,yellow,OP0021,TORONTO COMMUNITY HOUSING CORPORATION
5175953,57 SPADINA AVE,10,2022,286,2026,2026-09-25,98.0,green,OP0324,TRICON
5186997,200 MADISON AVE,12,2019,82,2025,2025-11-27,95.0,green,OP0775,MADISON VIEW HOMES
5199841,5249 DUNDAS ST W,03,2021,333,2024,2024-07-05,100.0,green,OP0048,CENTURION PROPERTY ASSOCIATES INC.
5207679,215 LONSDALE RD,12,2022,177,2026,2026-09-09,100.0,green,OP0776,DBS DEVELOPMENTS
5228227,730 HILLSDALE AVE E,15,2022,146,2025,2025-10-22,100.0,green,OP0059,THE BROWN GROUP OF COMPANIES INC.
5228921,400 DUFFERIN ST,09,2021,152,2025,2025-07-17,99.0,green,OP0066,RHAPSODY PROPERTY MANAGEMENT SERVICES
5228929,410 DUFFERIN ST,09,2021,198,2025,2025-07-17,100.0,green,OP0066,RHAPSODY PROPERTY MANAGEMENT SERVICES
5239236,740 DUPONT ST,11,2021,210,2025,2025-12-02,100.0,green,OP0777,GREYSTAR CANADA PROPERTY MANAGEMENT SERVICES LTD
5241001,555 COLLEGE ST,11,2022,61,2025,2025-10-03,98.0,green,OP0029,CAPREIT
5251786,98 LEUTY AVE,19,,15,2025,2025-12-11,82.0,yellow,unattributed,
5258798,531-535 PARLIAMENT ST,13,1888,17,2025,2025-10-20,90.0,green,OP0778,10887609 CANADA INC
5285930,1496 QUEEN ST W,04,1870,12,2025,2025-06-19,90.0,green,unattributed,
5289074,1430 GERRARD ST E,14,1927,25,2025,2025-11-06,94.0,green,OP0002,WOODGREEN COMMUNITY HOUSING INC.
5294330,1225 YORK MILLS RD,16,2023,140,2025,2025-09-04,100.0,green,OP0033,REALSTAR
5299588,33 FLAMBOROUGH DR UNIT D,05,1953,11,2026,2026-07-28,97.0,green,OP0162,33 FLAMBOROUGH INC
5299592,33 FLAMBOROUGH DR UNIT C,05,1953,11,2026,2026-07-28,100.0,green,OP0162,33 FLAMBOROUGH INC
5299600,33 FLAMBOROUGH DR UNIT B,05,1953,10,2026,2026-07-28,97.0,green,OP0162,33 FLAMBOROUGH INC
5300693,8 GLOUCESTER ST,13,2021,231,2025,2025-07-08,100.0,green,OP0128,TRICON RESIDENTIAL INC
5313679,2675 BLOOR ST W,03,1960,14,2025,2025-10-30,97.0,green,OP0779,SYRMIUM HOLDINGS INC
5319408,318 THE KINGSWAY,02,1951,11,2026,2026-06-15,99.0,green,OP0780,MICHAEL WESTWOOD
5326913,54 GLEN EVEREST RD,20,1950,11,2024,2024-09-26,76.0,yellow,OP0075,MINT ASSET MANAGEMENT LTD
5326916,58 GLEN EVEREST RD,20,1950,11,2024,2024-09-26,80.0,yellow,OP0075,MINT ASSET MANAGEMENT LTD
5333758,55 WARRENDER AVE,02,2022,259,2024,2024-08-08,99.0,green,OP0060,PRINCESS MANAGEMENT
5346159,425 WELLINGTON ST W,10,2023,171,2026,2026-09-04,98.0,green,OP0066,RHAPSODY PROPERTY MANAGEMENT SERVICES
5347489,18 ENGELHART CRES,20,1970,12,2024,2024-09-25,82.0,yellow,OP0091,C/O METCAP LIVING MANAGEMENT INC
5347493,22 ENGELHART CRES,20,2023,12,2024,2024-09-25,81.0,yellow,OP0091,C/O METCAP LIVING MANAGEMENT INC
5347497,26 ENGELHART CRES,20,2023,11,2024,2024-09-13,78.0,yellow,OP0091,C/O METCAP LIVING MANAGEMENT INC
5348106,15 SOLIDARITY WAY,10,2021,440,2024,2024-08-15,100.0,green,OP0165,RHAPSODY PROPERTY MANAGEMENT
5351744,23 THIRD ST,03,1970,11,2024,2024-09-11,89.0,green,OP0781,346 HOPEWELL INC
5352375,11 VALLEY WOODS RD,16,1967,32,2026,2026-06-22,93.0,green,OP0036,RANEE MANAGEMENT
5353316,435 WELLINGTON ST W,10,2023,160,2026,2026-09-04,98.0,green,OP0066,RHAPSODY PROPERTY MANAGEMENT SERVICES
5355064,670 ST CLAIR AVE W,12,1956,12,2024,2024-07-16,88.0,green,OP0001,TRIVEST DEVELOPMENTS CORPORATION
5355083,2914 ST CLAIR AVE E,19,1960,12,2026,2026-08-05,90.0,green,OP0038,HANNAH PROPERTY MANAGEMENT LTD.
5355118,2916 ST CLAIR AVE E,19,1960,12,2026,2026-08-05,90.0,green,OP0038,HANNAH PROPERTY MANAGEMENT LTD.
5355161,2170 GERRARD ST E,19,1930,10,2026,2026-09-28,90.0,green,OP0782,MEI KUSWANTO
5355204,17 STATION RD,03,1959,14,2024,2024-09-18,86.0,green,OP0783,JERAWAN BASIL
5355262,1701 BATHURST ST,12,1953,15,2026,2026-07-20,87.0,green,OP0784,HANS MYRSKOG
5355318,2905 ST CLAIR AVE E,19,1940,12,2026,2026-08-26,90.0,green,OP0785,QUON FAMILY HOLDINGS LTD.
5355436,140 COSBURN AVE,14,1960,17,2026,2026-08-24,82.0,yellow,OP0786,COSBURN MANOR INC
5355461,109 RUNNYMEDE RD,04,1952,11,2024,2024-07-11,87.0,green,unattributed,
5357890,11 FERNWOOD GDNS,14,1965,12,2026,2026-07-22,81.0,yellow,OP0008,1202074 ONTARIO INC
5357946,5 FERNWOOD GDNS,14,1965,12,2026,2026-08-25,67.0,red,OP0008,1202074 ONTARIO INC
5358047,1 FERNWOOD GDNS,14,1965,12,2026,2026-07-22,72.0,yellow,OP0008,1202074 ONTARIO INC
5358054,831 COSBURN AVE,19,1950,11,2026,2026-09-04,81.0,yellow,unattributed,
5358240,611 COSBURN AVE,19,1951,12,2026,2026-09-04,92.0,green,unattributed,
5358292,117 COSBURN AVE,14,1950,24,2026,2026-09-09,69.0,red,unattributed,
5358517,53-55 DAWES RD,19,1965,18,2026,2026-08-06,95.0,green,OP0001,TRIVEST DEVELOPMENTS CORPORATION
5359170,7 WINGREEN CRT,16,1959,11,2026,2026-06-24,86.0,green,OP0318,ASP SUNRISE LIMITED
5359223,699 BALLIOL ST,15,1962,10,2024,2024-09-09,87.0,green,OP0787,BRUSHSTONE PROPERTIES LTD
5360905,29 KILDONAN RD,19,1955,17,2026,2026-07-29,78.0,yellow,OP0788,AMCL HOLDINGS LTD
5361012,2149 GERRARD ST E,19,1910,30,2026,2026-09-03,96.0,green,OP0142,ECUHOME CORPORATION
5361264,858 DAVENPORT RD,12,1928,10,2026,2026-09-10,92.0,green,OP0789,1810036 ONTARIO LTD.
5361285,39 LEACREST RD,15,1951,10,2024,2024-08-19,86.0,green,OP0328,CRESTVIEW INVESTMENT CORPORATION C/O LAWRENCE CONSTRUCTION CO LIMITED
5361337,184 MARLEE AVE,08,1950,12,2026,2026-08-12,86.0,green,unattributed,
5361379,16 FERNWOOD GDNS,14,1952,12,2026,2026-09-28,71.0,yellow,unattributed,
5361399,425 BROADVIEW AVE,14,1920,11,2026,2026-07-07,82.0,yellow,unattributed,
5364483,1169 DANFORTH AVE,14,1926,30,2026,2026-08-17,86.0,green,OP0790,NEW STAR HOLDINGS INC
5364487,93 MALLORY CRES,15,1951,10,2024,2024-07-16,95.0,green,OP0328,CRESTVIEW INVESTMENT CORPORATION C/O LAWRENCE CONSTRUCTION CO LIMITED
5364517,67 CURZON ST,14,1980,91,2024,2024-07-24,93.0,green,OP0791,ST JOSEPHS SENIORS CITIZENS APARTMENTS
5364536,333 HARBORD ST,11,1913,10,2026,2026-06-24,89.0,green,OP0792,1569625 ONTARIO LIMITED
5364546,380 SHERBOURNE ST,13,1910,10,2026,2026-08-13,89.0,green,OP0038,HANNAH PROPERTY MANAGEMENT LTD.
5364567,494 MORTIMER AVE,14,1965,12,2026,2026-09-09,83.0,yellow,OP0793,DEBORAH HOLMES
5364569,109 BEECH AVE,19,1971,18,2026,2026-09-09,93.0,green,OP0794,COLLOREDO-MANSFELD
5365276,250 OAKWOOD AVE,09,1929,24,2026,2026-07-10,85.0,green,OP0795,MYRIAM GUACHILEMA VELARDE
5365314,870 MILLWOOD RD,15,1950,11,2024,2024-07-15,85.0,green,OP0796,MARKAR LIMITED
5365455,160-162 CLOSE AVE,04,1920,20,2024,2024-08-09,89.0,green,OP0797,NICK ANAGNOSTOPOULOS
5365973,646 BROADVIEW AVE,14,1922,13,2026,2026-07-07,95.0,green,unattributed,
5365981,12 VAUGHAN RD,12,1960,16,2026,2026-07-15,89.0,green,unattributed,
5365987,85 BEECH AVE,19,1924,12,2026,2026-08-25,97.0,green,OP0798,MICRON AIR SYSTEMS INC
5365992,1550 QUEEN ST E,14,1948,31,2026,2026-08-17,78.0,yellow,OP0799,JND MANAGEMENT
5367995,376 BRUNSWICK AVE,11,1888,13,2026,2026-07-15,71.0,yellow,unattributed,
5367998,922 BATHURST ST,11,1930,18,2026,2026-06-24,93.0,green,OP0800,ASTON COURT RESIDENCES INC
5368000,2 GAMBLE AVE,14,1950,12,2026,2026-09-09,95.0,green,OP0801,ARILEX APARTMENT TRAVEL LODGE
5368002,25 NASHVILLE AVE,05,1951,28,2026,2026-08-17,96.0,green,OP0802,MORDINI MANAGEMENT
5368007,331 BARTLETT AVE N,09,1905,13,2026,2026-10-02,85.0,green,OP0021,TORONTO COMMUNITY HOUSING CORPORATION
5368564,675 DOVERCOURT RD,09,1940,11,2026,2026-10-05,86.0,green,unattributed,
5369379,2929 BATHURST ST,08,1960,10,2026,2026-07-22,92.0,green,OP0803,ELSBERG INVESTMENTS LTD
5369390,26 SARANAC BLVD,08,1952,10,2026,2026-07-22,99.0,green,OP0026,BRIARLANE RENTAL PROPERTY MANAGEMENT INC.
5369828,15 GORE VALE AVE,10,1913,10,2026,2026-08-19,45.0,red,OP0019,TERRANCE GOLDTHORPE
5371444,46 TWENTY SECOND ST,03,1958,10,2026,2026-08-26,91.0,green,OP0804,BOZENA SZTUKA
5371447,330 CHISHOLM AVE,19,1940,12,2026,2026-08-20,90.0,green,unattributed,
5371451,800 VAUGHAN RD,12,1982,210,2026,2026-08-04,92.0,green,OP0263,WOODGREEN COMMUNITY SERVICES
5371477,250 BIRMINGHAM ST,03,1950,23,2026,2026-08-21,81.0,yellow,unattributed,
5373697,425 SHERBOURNE ST,13,1876,26,2026,2026-07-13,82.0,yellow,OP0805,IPS MANAGEMENT
5373885,160 PINEGROVE AVE,20,1963,11,2024,2024-07-22,94.0,green,OP0806,1192918 ONTARIO LTD
5374946,12-14 THIRTY NINTH ST,03,1954,18,2026,2026-07-07,90.0,green,OP0807,EUROPE TINT
5375687,21 TWENTY SECOND ST,03,1950,11,2026,2026-07-07,87.0,green,unattributed,
5377083,270 RYDING AVE,05,1958,16,2026,2026-08-18,80.0,yellow,unattributed,
5379421,18 FOURTEENTH ST,03,1960,22,2026,2026-08-19,95.0,green,OP0077,ANCHOR PROPERTY MANAGERS INC
5382234,131 COXWELL AVE,19,,19,2026,2026-09-09,80.0,yellow,OP0310,MAHOGANY MANAGEMENT
5382369,256 RONCESVALLES AVE,04,1940,15,2026,2026-07-03,74.0,yellow,OP0808,YU SHAN CHIU
5382430,36 TWELFTH ST,03,1965,10,2026,2026-08-17,91.0,green,OP0809,36 TWELFTH LTD
5382561,2901 ST CLAIR AVE E,19,1960,12,2026,2026-09-10,92.0,green,unattributed,
5382573,272 BIRMINGHAM ST,03,1965,10,2026,2026-08-12,90.0,green,OP0810,272 BIRMINGHAM LTD
5382870,32 ROWANWOOD AVE,11,1920,14,2026,2026-07-23,95.0,green,OP0811,HGH DESIGN BUILD CORP
5383939,3385 DUNDAS ST W,04,2021,131,2024,2024-08-27,97.0,green,OP0033,REALSTAR
5383946,1435 DANFORTH AVE,14,1950,12,2024,2024-09-27,85.0,green,OP0812,1239798 ONTARIO LTD
5385853,90 BLACKFRIAR AVE,01,1962,12,2026,2026-10-02,90.0,green,OP0813,SUPREME MORTGAGE
5386216,1705 BATHURST ST,12,1937,10,2026,2026-09-25,79.0,yellow,OP0814,SHOLARS DEVELOPMENTS LTD AND RACHEL HERSH
5386613,2265 QUEEN ST E,19,1928,18,2026,2026-07-31,89.0,green,unattributed,
5386620,121 FOURTH ST,03,1983,10,2026,2026-08-19,86.0,green,OP0125,IPG MANAGEMENT GROUP
5386632,7 HEATH ST E,12,1946,30,2026,2026-07-10,93.0,green,OP0134,LIVING PROPERTIES INC.
5386640,24 ANGLESEY BLVD,02,1950,22,2026,2026-07-07,96.0,green,OP0815,MARCEL PHARAND INVESTMENTS INC
5389348,1636 QUEEN ST E,19,1930,21,2026,2026-09-01,96.0,green,unattributed,
5389354,1638 QUEEN ST E,19,1930,23,2026,2026-09-01,99.0,green,unattributed,
5389368,116 GLEN MANOR DR,19,1950,10,2026,2026-08-14,94.0,green,unattributed,
5390828,2477 QUEEN ST E,19,1970,11,2024,2024-08-29,84.0,yellow,OP0816,2857506 ONTARIO INC
5392310,28 MACPHERSON AVE,11,1930,17,2026,2026-07-23,87.0,green,OP0817,IPG PROPERTY MANAGEMENT
5392487,70 GEORGE BUTCHART DR,06,2022,53,2026,2026-07-22,100.0,green,OP0818,CEDARMOUNT CAPITAL INC
5405655,869 BROADVIEW AVE,14,2004,15,2026,2026-07-17,69.0,red,OP0020,KHYBER DEVELOPMENTS INC
5407309,20 NEW HEIGHTS CRT,08,2021,78,2026,2026-08-25,99.0,green,OP0819,TCHC-WEST REGION
5411150,20 SAMUEL WOOD WAY,03,2023,233,2026,2026-08-20,100.0,green,OP0820,CONCERT REAL ESTATE CORPORATION
5413885,23 THUNDER GRV,23,2021,186,2026,2026-09-15,95.0,green,OP0030,DMS PROPERTY MANAGEMENT LTD.
5415712,546 INDIAN GRV,04,1925,17,2026,2026-07-07,50.0,red,unattributed,
5473285,31 PHIPPS ST,13,2018,78,2025,2025-11-28,100.0,green,OP0025,STERLING KARAMAR PROPERTY MANAGEMENT
5494668,36 BRENTCLIFFE RD,15,2023,262,2025,2025-11-07,100.0,green,OP0160,KIPLING RESIDENTIAL MANAGEMENT INC
5495823,44 LILLIAN ST,12,2019,296,2025,2025-07-24,98.0,green,OP0164,SHIPLAKE PROPERTIES LTD.
5495825,33 DUNFIELD AVE,12,2019,288,2025,2025-07-24,99.0,green,OP0164,SHIPLAKE PROPERTIES LTD.
5503457,131 MILL ST,10,2022,230,2025,2025-07-30,99.0,green,OP0128,TRICON RESIDENTIAL INC
5503583,151 MILL ST,10,2022,232,2025,2025-07-30,100.0,green,OP0128,TRICON RESIDENTIAL INC
5503588,181 MILL ST,10,2022,310,2025,2025-07-30,100.0,green,OP0128,TRICON RESIDENTIAL INC
5507641,450 FRONT ST W,10,2023,592,2025,2025-07-31,100.0,green,OP0066,RHAPSODY PROPERTY MANAGEMENT SERVICES
5516544,18 TRETTI WAY - WARD 06,06,2022,179,2025,2025-10-10,100.0,green,OP0821,TIPPET PARK TWO INC O/A SHIPLAKE PROPERTIES LTD
5528214,94 EASTDALE AVE,19,2024,80,2025,2025-09-22,98.0,green,OP0329,DBS COMMUNITIES
5564105,170 FAIRVIEW MALL DR,17,2021,103,2025,2025-08-18,100.0,green,OP0021,TORONTO COMMUNITY HOUSING CORPORATION
5564604,748 BATHURST ST,11,2024,95,2025,2025-09-29,100.0,green,OP0822,WESTBANK ONTARIO REALTY CORP
5565125,325 YORKLAND BLVD,17,2024,479,2025,2025-08-18,100.0,green,OP0066,RHAPSODY PROPERTY MANAGEMENT SERVICES
5566009,30 MUTUAL ST,13,2024,302,2025,2025-11-04,100.0,green,OP0330,ONTARI HOLDINGS LTD AND 88 QUEEN FITZROVIA INC
5566013,25 DALHOUSIE ST,13,2024,240,2025,2025-11-04,100.0,green,OP0330,ONTARI HOLDINGS LTD AND 88 QUEEN FITZROVIA INC
5568599,15 VENA WAY,07,2023,276,2025,2025-10-23,99.0,green,OP0035,MEDALLION CORPORATION
5568604,5 ZAPPACOSTA DR,07,2023,238,2025,2025-10-23,100.0,green,OP0035,MEDALLION CORPORATION
5571925,480 WILSON AVE,06,2023,160,2025,2025-09-25,96.0,green,OP0823,CECARMOUNT CAPITAL INC
5574977,100 MILL ST,13,2024,237,2025,2025-11-04,100.0,green,OP0128,TRICON RESIDENTIAL INC
5592688,877 YONGE ST,11,1982,244,2025,2025-08-13,81.0,yellow,OP0146,ST. CLARE'S MULTIFAITH HOUSING SOCIETY
5604959,32 FREELAND ST,10,2022,100,2026,2026-10-05,98.0,green,unattributed,
5627935,686 BATHURST ST,11,1947,24,2025,2025-12-04,93.0,green,OP0824,STEIN & REGENCY CONSTRUCTION MANAGEMENT CO.
5665937,1236 BIRCHMOUNT RD,21,2023,220,2026,2026-09-05,95.0,green,OP0825,HOMES FIRST PROPERTY MANAGEMENT INC.
5668417,20 MONTE KWINTER CRT,06,2020,171,2025,2025-12-02,100.0,green,OP0107,COGIR MANAGEMENT CORPORATION GP
5690291,123 HURON ST,11,1914,18,2025,2026-08-14,86.0,green,OP0826,PHYMETRIX LTD.
5697761,55 BROADWAY AVE,12,2025,389,2025,2025-12-02,100.0,green,OP0827,T2 RENTALS
5735857,2 LAXTON AVE,04,1967,52,2025,2025-12-02,77.0,yellow,OP0002,WOODGREEN COMMUNITY HOUSING INC.
5743883,1075 QUEEN ST E,14,2016,48,2026,2026-08-24,98.0,green,OP0086,IMPERRA GENERAL MANAGEMENT
5750368,100 EASTDALE AVE,19,2025,404,2026,2026-08-28,100.0,green,OP0329,DBS COMMUNITIES
5754760,99 LAKE SHORE BLVD E,10,2023,205,2026,2026-06-24,98.0,green,OP0828,ELEMENT PROPERTY MANAGEMENT INC
5766126,10 TRACY ST,13,1991,19,2026,2026-07-30,86.0,green,OP0829,GOOD SHEPHERD NON PROFIT HOMES
5772954,2346 WESTON RD,05,2024,135,2026,2026-09-25,100.0,green,OP0830,DMS GROUP
5853301,4701 BATHURST ST,18,1935,53,2026,2026-09-25,99.0,green,OP0042,NEIGHBOURS COMMUNITY HOMES
5855321,299 THE KINGSWAY,02,2023,80,2026,2026-09-30,98.0,green,unattributed,
5858767,1000 BATHURST ST,11,2026,14,2026,2026-09-18,100.0,green,OP0831,PAD INC
5864639,90 DUNN AVE,04,2024,51,2026,2026-09-24,100.0,green,unattributed,
5872134,9 ST STEVENS CRT,02,2023,156,2026,2026-09-30,97.0,green,unattributed,
5872163,4365 BLOOR ST W,02,2026,234,2026,2026-09-11,100.0,green,unattributed,
